順位,ASIN,商品名,商品URL,評価数,評価値,直近30日販売数（親）,ライバル候補
1,B0C6X64277,N/A,https://www.amazon.co.jp/REYS-%E3%83%93%E3%82%BF%E3%83%9F%E3%83%B37%E7%A8%AE%E9%85%8D%E5%90%88-WPC%E3%83%97%E3%83%AD%E3%83%86%E3%82%A4%E3%83%B3-%E3%83%9B%E3%82%A8%E3%82%A4%E3%83%97%E3%83%AD%E3%83%86%E3%82%A4%E3%83%B3%E2%80%A6-%E3%82%AB%E3%83%95%E3%82%A7%E3%82%AA%E3%83%AC%E9%A2%A8%E5%91%B3/dp/B0C6X64277/ref=zg_bs_c_hpc_d_sccl_1/357-2701386-4191602?pd_rd_w=32E6S&content-id=amzn1.sym.096e09d4-f6a8-4252-a116-565ea028c736&pf_rd_p=096e09d4-f6a8-4252-a116-565ea028c736&pf_rd_r=P982GN7QAS6J77RKZD5R&pd_rd_wg=IlH2r&pd_rd_r=5963c991-555a-4e4e-9677-d39627e4cd19&pd_rd_i=B0C6X64277&psc=1,15283,4.4,N/A,
2,B0C57YGXRJ,N/A,https://www.amazon.co.jp/%E3%80%90%E5%A4%A7%E5%AE%B9%E9%87%8F%E3%80%91%E3%83%AF%E3%82%A4%E3%83%89%E3%83%8F%E3%82%A4%E3%82%BF%E3%83%BCEX%E3%83%91%E3%83%AF%E3%83%BC-%E8%A1%A3%E6%96%99%E7%94%A8%E6%BC%82%E7%99%BD%E5%89%A4-%E8%A6%8B%E9%81%8E%E3%81%94%E3%81%9B%E3%81%AA%E3%81%8F%E3%81%AA%E3%81%A3%E3%81%9F%E6%B1%9A%E3%82%8C%E3%82%84%E3%83%8B%E3%82%AA%E3%82%A4-%E3%80%81%E6%B4%97%E5%89%A4%E3%81%AB%E3%81%A1%E3%82%87%E3%81%84%E8%B6%B3%E3%81%97%E3%81%A7%E8%B6%85%E7%B5%B6%E3%82%B9%E3%83%83%E3%82%AD%E3%83%AA%EF%BC%81%EF%BC%81-%E8%A9%B0%E6%9B%BF%E7%94%A8%EF%BC%92%EF%BC%94%EF%BC%900ml/dp/B0C57YGXRJ/ref=zg_bs_c_hpc_d_sccl_2/357-2701386-4191602?pd_rd_w=32E6S&content-id=amzn1.sym.096e09d4-f6a8-4252-a116-565ea028c736&pf_rd_p=096e09d4-f6a8-4252-a116-565ea028c736&pf_rd_r=P982GN7QAS6J77RKZD5R&pd_rd_wg=IlH2r&pd_rd_r=5963c991-555a-4e4e-9677-d39627e4cd19&pd_rd_i=B0C57YGXRJ&psc=1,6007,4.5,N/A,
3,B06Y28T78Z,N/A,https://www.amazon.co.jp/%E3%82%AF%E3%83%AC%E3%82%AA%E3%83%AF%E3%83%B3%E3%83%87%E3%83%BCUV%E3%83%A2%E3%82%A4%E3%82%B9%E3%83%88-%EF%BC%881%E6%97%A5%E4%BD%BF%E3%81%84%E6%8D%A8%E3%81%A6-%E3%82%B3%E3%83%B3%E3%82%BF%E3%82%AF%E3%83%88%E3%83%AC%E3%83%B3%E3%82%BA-%EF%BC%89%E3%80%90BC%E3%80%918-7-%E3%80%90PRW%E3%80%91-3-00/dp/B06Y28T78Z/ref=zg_bs_c_hpc_d_sccl_3/357-2701386-4191602?pd_rd_w=32E6S&content-id=amzn1.sym.096e09d4-f6a8-4252-a116-565ea028c736&pf_rd_p=096e09d4-f6a8-4252-a116-565ea028c736&pf_rd_r=P982GN7QAS6J77RKZD5R&pd_rd_wg=IlH2r&pd_rd_r=5963c991-555a-4e4e-9677-d39627e4cd19&pd_rd_i=B06Y28T78Z&psc=1,8680,4.2,N/A,
4,B0D4Z7SPGQ,N/A,https://www.amazon.co.jp/%E3%80%90%E5%A4%A7%E5%AE%B9%E9%87%8F%E3%80%91%E3%82%A2%E3%82%BF%E3%83%83%E3%82%AF%E6%8A%97%E8%8F%8CEX-%E6%B4%97%E6%BF%AF%E6%B4%97%E5%89%A4-%E3%81%8E%E3%82%85%E3%81%86%E3%81%8E%E3%82%85%E3%81%86%E3%81%A4%E3%82%81%E3%81%93%E3%81%BF%E6%B4%97%E3%81%84%E3%81%A7%E3%82%82%E5%BC%B7%E5%8A%9B%E6%B4%97%E6%B5%84-%E3%81%A4%E3%82%81%E3%81%8B%E3%81%88%E7%94%A8-2900%EF%BD%87/dp/B0D4Z7SPGQ/ref=zg_bs_c_hpc_d_sccl_4/357-2701386-4191602?pd_rd_w=32E6S&content-id=amzn1.sym.096e09d4-f6a8-4252-a116-565ea028c736&pf_rd_p=096e09d4-f6a8-4252-a116-565ea028c736&pf_rd_r=P982GN7QAS6J77RKZD5R&pd_rd_wg=IlH2r&pd_rd_r=5963c991-555a-4e4e-9677-d39627e4cd19&pd_rd_i=B0D4Z7SPGQ&psc=1,1923,4.4,N/A,
5,B0DGXXZJNW,N/A,https://www.amazon.co.jp/%E3%83%95%E3%83%AC%E3%82%A2%E3%83%95%E3%83%AC%E3%82%B0%E3%83%A9%E3%83%B3%E3%82%B9-IROKA-%E3%83%8D%E3%82%A4%E3%82%AD%E3%83%83%E3%83%89%E3%83%AA%E3%83%AA%E3%83%BC-%E6%9C%AC%E4%BD%93-540ml/dp/B0DGXXZJNW/ref=zg_bs_c_hpc_d_sccl_5/357-2701386-4191602?pd_rd_w=32E6S&content-id=amzn1.sym.096e09d4-f6a8-4252-a116-565ea028c736&pf_rd_p=096e09d4-f6a8-4252-a116-565ea028c736&pf_rd_r=P982GN7QAS6J77RKZD5R&pd_rd_wg=IlH2r&pd_rd_r=5963c991-555a-4e4e-9677-d39627e4cd19&pd_rd_i=B0DGXXZJNW&psc=1,251,4.2,N/A,
6,B0CWLBNBQQ,N/A,https://www.amazon.co.jp/%E3%82%A2%E3%82%BF%E3%83%83%E3%82%AFZERO-%E3%82%A2%E3%82%BF%E3%83%83%E3%82%AF%E6%B6%B2%E4%BD%93%E5%8F%B2%E4%B8%8A-%E6%9C%80%E9%AB%98%E3%81%AE%E6%B8%85%E6%BD%94%E5%8A%9B%E3%80%82%E7%84%A1%E8%8F%8C%E3%83%AC%E3%83%99%E3%83%AB%E3%81%AE%E6%B6%88%E8%87%AD%E5%8A%9B-%E3%83%89%E3%83%A9%E3%83%A0%E5%BC%8F%E5%B0%82%E7%94%A8-2100%EF%BD%87/dp/B0CWLBNBQQ/ref=zg_bs_c_hpc_d_sccl_6/357-2701386-4191602?pd_rd_w=32E6S&content-id=amzn1.sym.096e09d4-f6a8-4252-a116-565ea028c736&pf_rd_p=096e09d4-f6a8-4252-a116-565ea028c736&pf_rd_r=P982GN7QAS6J77RKZD5R&pd_rd_wg=IlH2r&pd_rd_r=5963c991-555a-4e4e-9677-d39627e4cd19&pd_rd_i=B0CWLBNBQQ&psc=1,1913,4.4,N/A,
7,B086WCH4FH,N/A,https://www.amazon.co.jp/%E3%80%90Amazon-co-jp%E9%99%90%E5%AE%9A%E3%80%91%E3%82%BF%E3%82%AA%E3%83%AB%E7%A0%94%E7%A9%B6%E6%89%80-%E3%83%9C%E3%83%AA%E3%83%A5%E3%83%BC%E3%83%A0%E3%83%AA%E3%83%83%E3%83%81-003-%E3%83%81%E3%83%A3%E3%82%B3%E3%83%BC%E3%83%AB%E3%82%B0%E3%83%AC%E3%83%BC-Technology/dp/B086WCH4FH/ref=zg_bs_c_kitchen_d_sccl_1/357-2701386-4191602?pd_rd_w=0tBvf&content-id=amzn1.sym.096e09d4-f6a8-4252-a116-565ea028c736&pf_rd_p=096e09d4-f6a8-4252-a116-565ea028c736&pf_rd_r=P982GN7QAS6J77RKZD5R&pd_rd_wg=IlH2r&pd_rd_r=5963c991-555a-4e4e-9677-d39627e4cd19&pd_rd_i=B086WCH4FH&psc=1,63810,4.5,N/A,
8,B0BFKKVLSQ,N/A,https://www.amazon.co.jp/HEIKO-PP%E9%A3%9F%E3%83%91%E3%83%B3%E8%A2%8B%E5%8D%8A%E6%96%A4%E7%94%A8-300%E6%9E%9A%EF%BC%88100%E6%9E%9A%C3%973%E6%9D%9F%EF%BC%89-%E3%83%98%E3%82%A4%E3%82%B3%E3%83%BC-%E3%81%AB%E3%81%8A%E3%81%84%E8%A2%8B/dp/B0BFKKVLSQ/ref=zg_bs_c_kitchen_d_sccl_2/357-2701386-4191602?pd_rd_w=0tBvf&content-id=amzn1.sym.096e09d4-f6a8-4252-a116-565ea028c736&pf_rd_p=096e09d4-f6a8-4252-a116-565ea028c736&pf_rd_r=P982GN7QAS6J77RKZD5R&pd_rd_wg=IlH2r&pd_rd_r=5963c991-555a-4e4e-9677-d39627e4cd19&pd_rd_i=B0BFKKVLSQ&psc=1,1581,4.6,N/A,
9,B08NJR8BN7,N/A,https://www.amazon.co.jp/%E3%83%AC%E3%83%83%E3%82%AF-%E6%BF%80%E8%90%BD%E3%81%A1%E3%81%8F%E3%82%93-%E6%99%82%E7%9F%AD%E3%82%B1%E3%83%BC%E3%82%B9%E4%BB%98%E3%81%8D-%E3%83%9B%E3%82%B3%E3%83%AA%E5%8F%96%E3%82%8A-%E3%81%8F%E3%82%8A%E8%BF%94%E3%81%97%E4%BD%BF%E3%81%88%E3%81%A6%E3%80%81%E3%81%84%E3%81%A4%E3%81%A7%E3%82%82%E3%82%AD%E3%83%AC%E3%82%A4%E3%81%AA%E9%AB%98%E5%AF%86%E5%BA%A6%E3%83%96%E3%83%A9%E3%82%B7%E3%83%A2%E3%83%83%E3%83%97/dp/B08NJR8BN7/ref=zg_bs_c_kitchen_d_sccl_3/357-2701386-4191602?pd_rd_w=0tBvf&content-id=amzn1.sym.096e09d4-f6a8-4252-a116-565ea028c736&pf_rd_p=096e09d4-f6a8-4252-a116-565ea028c736&pf_rd_r=P982GN7QAS6J77RKZD5R&pd_rd_wg=IlH2r&pd_rd_r=5963c991-555a-4e4e-9677-d39627e4cd19&pd_rd_i=B08NJR8BN7&psc=1,2762,4.0,N/A,
10,B08GC1KJ3J,N/A,https://www.amazon.co.jp/Hansleep-%E3%82%AB%E3%83%BC%E3%83%86%E3%83%B3-1%E7%B4%9A%E9%81%AE%E5%85%89-%E3%83%AA%E3%83%93%E3%83%B3%E3%82%B0%E7%94%A8-%E5%B9%85100cm%C3%97%E4%B8%88178cm/dp/B08GC1KJ3J/ref=zg_bs_c_kitchen_d_sccl_4/357-2701386-4191602?pd_rd_w=0tBvf&content-id=amzn1.sym.096e09d4-f6a8-4252-a116-565ea028c736&pf_rd_p=096e09d4-f6a8-4252-a116-565ea028c736&pf_rd_r=P982GN7QAS6J77RKZD5R&pd_rd_wg=IlH2r&pd_rd_r=5963c991-555a-4e4e-9677-d39627e4cd19&pd_rd_i=B08GC1KJ3J&psc=1,12652,4.3,N/A,
11,B0CW8W7DBN,N/A,https://www.amazon.co.jp/Coizabera-%E3%82%B7%E3%83%BC%E3%83%AA%E3%83%B3%E3%82%B0%E3%83%A9%E3%82%A4%E3%83%88-3600lm-%E8%B1%86%E9%9B%BB%E7%90%83%E5%B8%B8%E5%A4%9C%E7%81%AF-%E3%82%B9%E3%83%9E%E3%83%9BAPP%E6%93%8D%E4%BD%9C/dp/B0CW8W7DBN/ref=zg_bs_c_kitchen_d_sccl_5/357-2701386-4191602?pd_rd_w=0tBvf&content-id=amzn1.sym.096e09d4-f6a8-4252-a116-565ea028c736&pf_rd_p=096e09d4-f6a8-4252-a116-565ea028c736&pf_rd_r=P982GN7QAS6J77RKZD5R&pd_rd_wg=IlH2r&pd_rd_r=5963c991-555a-4e4e-9677-d39627e4cd19&pd_rd_i=B0CW8W7DBN&psc=1,3873,4.1,N/A,
12,B0CPL3QTJD,N/A,https://www.amazon.co.jp/%E3%83%96%E3%83%AA%E3%82%BF-%E3%82%AB%E3%83%BC%E3%83%88%E3%83%AA%E3%83%83%E3%82%B8-%E3%83%9E%E3%82%AF%E3%82%B9%E3%83%88%E3%83%A9-%E3%83%94%E3%83%A5%E3%82%A2%E3%83%91%E3%83%95%E3%82%A9%E3%83%BC%E3%83%9E%E3%83%B3%E3%82%B9-%E3%80%90%E6%97%A5%E6%9C%AC%E6%AD%A3%E8%A6%8F%E5%93%81%E3%80%91/dp/B0CPL3QTJD/ref=zg_bs_c_kitchen_d_sccl_6/357-2701386-4191602?pd_rd_w=0tBvf&content-id=amzn1.sym.096e09d4-f6a8-4252-a116-565ea028c736&pf_rd_p=096e09d4-f6a8-4252-a116-565ea028c736&pf_rd_r=P982GN7QAS6J77RKZD5R&pd_rd_wg=IlH2r&pd_rd_r=5963c991-555a-4e4e-9677-d39627e4cd19&pd_rd_i=B0CPL3QTJD&psc=1,1430,4.3,N/A,
13,B0CJXTVSJ8,N/A,https://www.amazon.co.jp/%E3%83%8E%E3%83%BC%E3%83%88PC-Office-i3-2330M-Bluetooth-wajun%E3%81%AEWIFI/dp/B0CJXTVSJ8/ref=zg_bs_c_amazon-renewed_d_sccl_1/357-2701386-4191602?pd_rd_w=N8Cyx&content-id=amzn1.sym.096e09d4-f6a8-4252-a116-565ea028c736&pf_rd_p=096e09d4-f6a8-4252-a116-565ea028c736&pf_rd_r=P982GN7QAS6J77RKZD5R&pd_rd_wg=IlH2r&pd_rd_r=5963c991-555a-4e4e-9677-d39627e4cd19&pd_rd_i=B0CJXTVSJ8&psc=1,5175,4.0,N/A,
14,B0BBLWS333,N/A,https://www.amazon.co.jp/Apple-iPhone-SE%EF%BC%88%E7%AC%AC3%E4%B8%96%E4%BB%A3%EF%BC%89-%E3%83%9F%E3%83%83%E3%83%89%E3%83%8A%E3%82%A4%E3%83%88-SIM%E3%83%95%E3%83%AA%E3%83%BC/dp/B0BBLWS333/ref=zg_bs_c_amazon-renewed_d_sccl_2/357-2701386-4191602?pd_rd_w=N8Cyx&content-id=amzn1.sym.096e09d4-f6a8-4252-a116-565ea028c736&pf_rd_p=096e09d4-f6a8-4252-a116-565ea028c736&pf_rd_r=P982GN7QAS6J77RKZD5R&pd_rd_wg=IlH2r&pd_rd_r=5963c991-555a-4e4e-9677-d39627e4cd19&pd_rd_i=B0BBLWS333&psc=1,1131,3.6,N/A,
15,B09LD469FN,N/A,https://www.amazon.co.jp/%E3%80%90Microsoft-Office2019%EF%BC%86Win11%E6%90%AD%E8%BC%89%E3%80%91%E8%B6%85%E8%BB%BD%E9%87%8FPanasonic-CF-SZ6%E2%96%A0%E7%AC%AC7%E4%B8%96%E4%BB%A3-i5-7200U%EF%BC%A02-5GHz-SSD256GB/dp/B09LD469FN/ref=zg_bs_c_amazon-renewed_d_sccl_3/357-2701386-4191602?pd_rd_w=N8Cyx&content-id=amzn1.sym.096e09d4-f6a8-4252-a116-565ea028c736&pf_rd_p=096e09d4-f6a8-4252-a116-565ea028c736&pf_rd_r=P982GN7QAS6J77RKZD5R&pd_rd_wg=IlH2r&pd_rd_r=5963c991-555a-4e4e-9677-d39627e4cd19&pd_rd_i=B09LD469FN&psc=1,1997,4.0,N/A,
16,B08R843S4T,N/A,https://www.amazon.co.jp/Apple-iPhone-SE%EF%BC%88%E7%AC%AC2%E4%B8%96%E4%BB%A3%EF%BC%89-SIM%E3%83%95%E3%83%AA%E3%83%BC-%E6%95%B4%E5%82%99%E6%B8%88%E3%81%BF%E5%93%81/dp/B08R843S4T/ref=zg_bs_c_amazon-renewed_d_sccl_4/357-2701386-4191602?pd_rd_w=N8Cyx&content-id=amzn1.sym.096e09d4-f6a8-4252-a116-565ea028c736&pf_rd_p=096e09d4-f6a8-4252-a116-565ea028c736&pf_rd_r=P982GN7QAS6J77RKZD5R&pd_rd_wg=IlH2r&pd_rd_r=5963c991-555a-4e4e-9677-d39627e4cd19&pd_rd_i=B08R843S4T&psc=1,2745,3.7,N/A,
17,B09P82T3PZ,N/A,https://www.amazon.co.jp/Apple-iPhone-128GB-%E3%82%B9%E3%82%BF%E3%83%BC%E3%83%A9%E3%82%A4%E3%83%88-SIM%E3%83%95%E3%83%AA%E3%83%BC/dp/B09P82T3PZ/ref=zg_bs_c_amazon-renewed_d_sccl_5/357-2701386-4191602?pd_rd_w=N8Cyx&content-id=amzn1.sym.096e09d4-f6a8-4252-a116-565ea028c736&pf_rd_p=096e09d4-f6a8-4252-a116-565ea028c736&pf_rd_r=P982GN7QAS6J77RKZD5R&pd_rd_wg=IlH2r&pd_rd_r=5963c991-555a-4e4e-9677-d39627e4cd19&pd_rd_i=B09P82T3PZ&psc=1,483,3.7,N/A,
18,B08TWWS599,N/A,https://www.amazon.co.jp/Apple-Wi-Fi-128GB-%E3%82%B9%E3%83%9A%E3%83%BC%E3%82%B9%E3%82%B0%E3%83%AC%E3%82%A4-%E6%95%B4%E5%82%99%E6%B8%88%E3%81%BF%E5%93%81/dp/B08TWWS599/ref=zg_bs_c_amazon-renewed_d_sccl_6/357-2701386-4191602?pd_rd_w=N8Cyx&content-id=amzn1.sym.096e09d4-f6a8-4252-a116-565ea028c736&pf_rd_p=096e09d4-f6a8-4252-a116-565ea028c736&pf_rd_r=P982GN7QAS6J77RKZD5R&pd_rd_wg=IlH2r&pd_rd_r=5963c991-555a-4e4e-9677-d39627e4cd19&pd_rd_i=B08TWWS599&psc=1,776,4.0,N/A,
19,B0CK1B1L9L,N/A,https://www.amazon.co.jp/Amazon-co-jp-1_JP_Reload-Amazon%E3%82%AE%E3%83%95%E3%83%88%E3%82%AB%E3%83%BC%E3%83%89-%E3%83%81%E3%83%A3%E3%83%BC%E3%82%B8%E3%82%BF%E3%82%A4%E3%83%97/dp/B0CK1B1L9L/ref=zg_bs_c_gift-cards_d_sccl_1/357-2701386-4191602?pd_rd_w=rWaUF&content-id=amzn1.sym.096e09d4-f6a8-4252-a116-565ea028c736&pf_rd_p=096e09d4-f6a8-4252-a116-565ea028c736&pf_rd_r=P982GN7QAS6J77RKZD5R&pd_rd_wg=IlH2r&pd_rd_r=5963c991-555a-4e4e-9677-d39627e4cd19&pd_rd_i=B0CK1B1L9L&psc=1,92509,4.4,N/A,
20,B004N3APGO,N/A,https://www.amazon.co.jp/Amazon%E3%82%AE%E3%83%95%E3%83%88%E3%82%AB%E3%83%BC%E3%83%89-1_JP_Email-E%E3%83%A1%E3%83%BC%E3%83%AB%E3%82%BF%E3%82%A4%E3%83%97-%E3%83%86%E3%82%AD%E3%82%B9%E3%83%88%E3%83%A1%E3%83%83%E3%82%BB%E3%83%BC%E3%82%B8%E3%81%AB%E3%82%82%E9%80%81%E4%BF%A1%E5%8F%AF-Amazon%E3%83%99%E3%83%BC%E3%82%B7%E3%83%83%E3%82%AF/dp/B004N3APGO/ref=zg_bs_c_gift-cards_d_sccl_2/357-2701386-4191602?pd_rd_w=rWaUF&content-id=amzn1.sym.096e09d4-f6a8-4252-a116-565ea028c736&pf_rd_p=096e09d4-f6a8-4252-a116-565ea028c736&pf_rd_r=P982GN7QAS6J77RKZD5R&pd_rd_wg=IlH2r&pd_rd_r=5963c991-555a-4e4e-9677-d39627e4cd19&pd_rd_i=B004N3APGO&psc=1,52815,4.6,N/A,
21,B09T39S12J,N/A,https://www.amazon.co.jp/Apple-Gift-Card-E%E3%83%A1%E3%83%BC%E3%83%AB%E9%85%8D%E9%80%81-Store%E3%80%81iTunes%E3%80%81iPhone%E3%80%81iPad%E3%80%81AirPods%E3%80%81MacBook%E3%80%81%E3%82%A2%E3%82%AF%E3%82%BB%E3%82%B5%E3%83%AA%E3%81%AA%E3%81%A9%E3%81%AE%E8%B3%BC%E5%85%A5%E3%81%AB%E5%88%A9%E7%94%A8%E3%81%A7%E3%81%8D%E3%81%BE%E3%81%99%E3%80%82/dp/B09T39S12J/ref=zg_bs_c_gift-cards_d_sccl_3/357-2701386-4191602?pd_rd_w=rWaUF&content-id=amzn1.sym.096e09d4-f6a8-4252-a116-565ea028c736&pf_rd_p=096e09d4-f6a8-4252-a116-565ea028c736&pf_rd_r=P982GN7QAS6J77RKZD5R&pd_rd_wg=IlH2r&pd_rd_r=5963c991-555a-4e4e-9677-d39627e4cd19&pd_rd_i=B09T39S12J&psc=1,5191,4.4,N/A,
22,B09GDWL5JQ,N/A,https://www.amazon.co.jp/Google-Play-%E3%82%AE%E3%83%95%E3%83%88%E3%82%B3%E3%83%BC%E3%83%89-%E3%82%B2%E3%83%BC%E3%83%A0%E3%80%81%E3%82%A2%E3%83%97%E3%83%AA%E3%81%AA%E3%81%A9%E3%82%92%E3%82%AE%E3%83%95%E3%83%88%E3%81%A7%E8%B4%88%E3%82%8D%E3%81%86%EF%BC%88%E3%83%A1%E3%83%BC%E3%83%AB%E3%81%A7%E9%85%8D%E4%BF%A1-%E6%97%A5%E6%9C%AC%E3%81%AE%E3%81%BF%EF%BC%89/dp/B09GDWL5JQ/ref=zg_bs_c_gift-cards_d_sccl_4/357-2701386-4191602?pd_rd_w=rWaUF&content-id=amzn1.sym.096e09d4-f6a8-4252-a116-565ea028c736&pf_rd_p=096e09d4-f6a8-4252-a116-565ea028c736&pf_rd_r=P982GN7QAS6J77RKZD5R&pd_rd_wg=IlH2r&pd_rd_r=5963c991-555a-4e4e-9677-d39627e4cd19&pd_rd_i=B09GDWL5JQ&psc=1,2137,4.4,N/A,
23,B0B9JLM2SH,N/A,https://www.amazon.co.jp/Amazon%E3%82%AE%E3%83%95%E3%83%88%E3%82%AB%E3%83%BC%E3%83%89-VariableDenomination-%E3%83%9C%E3%83%83%E3%82%AF%E3%82%B9%E3%82%BF%E3%82%A4%E3%83%97-%E9%87%91%E9%A1%8D%E6%8C%87%E5%AE%9A%E5%8F%AF-%E3%83%95%E3%82%A7%E3%82%A2%E3%83%AA%E3%83%BC%E3%82%B4%E3%83%BC%E3%83%AB%E3%83%89/dp/B0B9JLM2SH/ref=zg_bs_c_gift-cards_d_sccl_5/357-2701386-4191602?pd_rd_w=rWaUF&content-id=amzn1.sym.096e09d4-f6a8-4252-a116-565ea028c736&pf_rd_p=096e09d4-f6a8-4252-a116-565ea028c736&pf_rd_r=P982GN7QAS6J77RKZD5R&pd_rd_wg=IlH2r&pd_rd_r=5963c991-555a-4e4e-9677-d39627e4cd19&pd_rd_i=B0B9JLM2SH&psc=1,20678,4.6,N/A,
24,B09T38B1D9,N/A,https://www.amazon.co.jp/Apple-Gift-Card-E%E3%83%A1%E3%83%BC%E3%83%AB%E9%85%8D%E9%80%81-Store%E3%80%81iTunes%E3%80%81iPhone%E3%80%81iPad%E3%80%81AirPods%E3%80%81MacBook%E3%80%81%E3%82%A2%E3%82%AF%E3%82%BB%E3%82%B5%E3%83%AA%E3%81%AA%E3%81%A9%E3%81%AE%E8%B3%BC%E5%85%A5%E3%81%AB%E5%88%A9%E7%94%A8%E3%81%A7%E3%81%8D%E3%81%BE%E3%81%99%E3%80%82/dp/B09T38B1D9/ref=zg_bs_c_gift-cards_d_sccl_6/357-2701386-4191602?pd_rd_w=rWaUF&content-id=amzn1.sym.096e09d4-f6a8-4252-a116-565ea028c736&pf_rd_p=096e09d4-f6a8-4252-a116-565ea028c736&pf_rd_r=P982GN7QAS6J77RKZD5R&pd_rd_wg=IlH2r&pd_rd_r=5963c991-555a-4e4e-9677-d39627e4cd19&pd_rd_i=B09T38B1D9&psc=1,5191,4.4,N/A,
25,B0C42PHDRH,N/A,https://www.amazon.co.jp/%E3%80%90%E7%B4%94%E6%AD%A3%E5%93%81%E3%80%91Xbox-%E3%83%AF%E3%82%A4%E3%83%A4%E3%83%AC%E3%82%B9-%E3%82%B3%E3%83%B3%E3%83%88%E3%83%AD%E3%83%BC%E3%83%A9%E3%83%BC-%E3%82%AB%E3%83%BC%E3%83%9C%E3%83%B3-%E3%83%96%E3%83%A9%E3%83%83%E3%82%AF/dp/B0C42PHDRH/ref=zg_bs_c_videogames_d_sccl_1/357-2701386-4191602?pd_rd_w=AZk00&content-id=amzn1.sym.096e09d4-f6a8-4252-a116-565ea028c736&pf_rd_p=096e09d4-f6a8-4252-a116-565ea028c736&pf_rd_r=P982GN7QAS6J77RKZD5R&pd_rd_wg=IlH2r&pd_rd_r=5963c991-555a-4e4e-9677-d39627e4cd19&pd_rd_i=B0C42PHDRH&psc=1,7124,4.2,N/A,
26,B0D7GQRT8R,N/A,https://www.amazon.co.jp/%E4%BB%BB%E5%A4%A9%E5%A0%82-HAC-P-A7HLA-%E3%82%B9%E3%83%BC%E3%83%91%E3%83%BC-%E3%83%9E%E3%83%AA%E3%82%AA%E3%83%91%E3%83%BC%E3%83%86%E3%82%A3-%E3%82%B8%E3%83%A3%E3%83%B3%E3%83%9C%E3%83%AA%E3%83%BC/dp/B0D7GQRT8R/ref=zg_bs_c_videogames_d_sccl_2/357-2701386-4191602?pd_rd_w=AZk00&content-id=amzn1.sym.096e09d4-f6a8-4252-a116-565ea028c736&pf_rd_p=096e09d4-f6a8-4252-a116-565ea028c736&pf_rd_r=P982GN7QAS6J77RKZD5R&pd_rd_wg=IlH2r&pd_rd_r=5963c991-555a-4e4e-9677-d39627e4cd19&pd_rd_i=B0D7GQRT8R&psc=1,1005,4.6,N/A,
27,B0F6CZ4RNN,N/A,https://www.amazon.co.jp/%E3%80%90PS5%E3%80%91Ghost-Y%C5%8Dtei-%E3%82%B4%E3%83%BC%E3%82%B9%E3%83%88%E3%83%BB%E3%82%AA%E3%83%96%E3%83%BB%E3%83%A8%E3%82%A6%E3%83%86%E3%82%A4-%E3%80%90%E6%97%A9%E6%9C%9F%E8%B3%BC%E5%85%A5%E7%89%B9%E5%85%B8%E3%80%91%E3%83%BB%E3%82%B2%E3%83%BC%E3%83%A0%E5%86%85%E3%82%A2%E3%82%A4%E3%83%86%E3%83%A0-%E3%83%BB%E7%AF%A4%E3%81%A8%E7%BE%8A%E8%B9%84%E5%85%AD%E4%BA%BA%E8%A1%86%E3%81%AE%E3%82%A2%E3%83%90%E3%82%BF%E3%83%BC%E3%82%BB%E3%83%83%E3%83%88%EF%BC%88%E5%85%A8%EF%BC%97%E7%A8%AE%EF%BC%89%EF%BC%88%E5%B0%81%E5%85%A5%EF%BC%89/dp/B0F6CZ4RNN/ref=zg_bs_c_videogames_d_sccl_3/357-2701386-4191602?pd_rd_w=AZk00&content-id=amzn1.sym.096e09d4-f6a8-4252-a116-565ea028c736&pf_rd_p=096e09d4-f6a8-4252-a116-565ea028c736&pf_rd_r=P982GN7QAS6J77RKZD5R&pd_rd_wg=IlH2r&pd_rd_r=5963c991-555a-4e4e-9677-d39627e4cd19&pd_rd_i=B0F6CZ4RNN&psc=1,N/A,N/A,N/A,
28,B09999M8HV,N/A,https://www.amazon.co.jp/%E4%BB%BB%E5%A4%A9%E5%A0%82-%E3%83%8B%E3%83%B3%E3%83%86%E3%83%B3%E3%83%89%E3%83%BC%E3%83%97%E3%83%AA%E3%83%9A%E3%82%A4%E3%83%89%E7%95%AA%E5%8F%B7-1000%E5%86%86-%E3%82%AA%E3%83%B3%E3%83%A9%E3%82%A4%E3%83%B3%E3%82%B3%E3%83%BC%E3%83%89%E7%89%88/dp/B09999M8HV/ref=zg_bs_c_videogames_d_sccl_4/357-2701386-4191602?pd_rd_w=AZk00&content-id=amzn1.sym.096e09d4-f6a8-4252-a116-565ea028c736&pf_rd_p=096e09d4-f6a8-4252-a116-565ea028c736&pf_rd_r=P982GN7QAS6J77RKZD5R&pd_rd_wg=IlH2r&pd_rd_r=5963c991-555a-4e4e-9677-d39627e4cd19&pd_rd_i=B09999M8HV&psc=1,1989,4.6,N/A,
29,B0F6CV2SFP,N/A,https://www.amazon.co.jp/%E3%80%90PS5%E3%80%91Ghost-%E3%82%B4%E3%83%BC%E3%82%B9%E3%83%88%E3%83%BB%E3%82%AA%E3%83%96%E3%83%BB%E3%83%A8%E3%82%A6%E3%83%86%E3%82%A4-%E3%80%90%E6%97%A9%E6%9C%9F%E8%B3%BC%E5%85%A5%E7%89%B9%E5%85%B8%E3%80%91%E3%83%BB%E3%82%B2%E3%83%BC%E3%83%A0%E5%86%85%E3%82%A2%E3%82%A4%E3%83%86%E3%83%A0-%E3%83%BB%E7%AF%A4%E3%81%A8%E7%BE%8A%E8%B9%84%E5%85%AD%E4%BA%BA%E8%A1%86%E3%81%AE%E3%82%A2%E3%83%90%E3%82%BF%E3%83%BC%E3%82%BB%E3%83%83%E3%83%88%EF%BC%88%E5%85%A8%EF%BC%97%E7%A8%AE%EF%BC%89%EF%BC%88%E5%B0%81%E5%85%A5%EF%BC%89-%E3%80%90Amazon-co-jp%E9%99%90%E5%AE%9A%E3%80%91/dp/B0F6CV2SFP/ref=zg_bs_c_videogames_d_sccl_5/357-2701386-4191602?pd_rd_w=AZk00&content-id=amzn1.sym.096e09d4-f6a8-4252-a116-565ea028c736&pf_rd_p=096e09d4-f6a8-4252-a116-565ea028c736&pf_rd_r=P982GN7QAS6J77RKZD5R&pd_rd_wg=IlH2r&pd_rd_r=5963c991-555a-4e4e-9677-d39627e4cd19&pd_rd_i=B0F6CV2SFP&psc=1,N/A,N/A,N/A,
30,B09997WD23,N/A,https://www.amazon.co.jp/%E4%BB%BB%E5%A4%A9%E5%A0%82-%E3%83%8B%E3%83%B3%E3%83%86%E3%83%B3%E3%83%89%E3%83%BC%E3%83%97%E3%83%AA%E3%83%9A%E3%82%A4%E3%83%89%E7%95%AA%E5%8F%B7-500%E5%86%86-%E3%82%AA%E3%83%B3%E3%83%A9%E3%82%A4%E3%83%B3%E3%82%B3%E3%83%BC%E3%83%89%E7%89%88/dp/B09997WD23/ref=zg_bs_c_videogames_d_sccl_6/357-2701386-4191602?pd_rd_w=AZk00&content-id=amzn1.sym.096e09d4-f6a8-4252-a116-565ea028c736&pf_rd_p=096e09d4-f6a8-4252-a116-565ea028c736&pf_rd_r=P982GN7QAS6J77RKZD5R&pd_rd_wg=IlH2r&pd_rd_r=5963c991-555a-4e4e-9677-d39627e4cd19&pd_rd_i=B09997WD23&psc=1,3401,4.6,N/A,
31,B0F13BTM5F,N/A,https://www.amazon.co.jp/%E3%80%90JIS%E8%AA%8D%E8%A8%BC%E6%B8%88-%E9%81%AE%E5%85%89%E7%8E%8799-99-%E4%BB%A5%E4%B8%8A%E3%80%91-%E3%83%AF%E3%83%B3%E3%82%BF%E3%83%83%E3%83%81%E8%87%AA%E5%8B%95%E9%96%8B%E9%96%89-%E5%8F%8E%E7%B4%8D%E3%83%9D%E3%83%BC%E3%83%81%E4%BB%98%E3%81%8D-%E3%83%99%E3%83%BC%E3%82%B8%E3%83%A5%C3%97%E3%83%9B%E3%83%AF%E3%82%A4%E3%83%88/dp/B0F13BTM5F/ref=zg_bs_c_fashion_d_sccl_1/357-2701386-4191602?pd_rd_w=r39TX&content-id=amzn1.sym.096e09d4-f6a8-4252-a116-565ea028c736&pf_rd_p=096e09d4-f6a8-4252-a116-565ea028c736&pf_rd_r=P982GN7QAS6J77RKZD5R&pd_rd_wg=IlH2r&pd_rd_r=5963c991-555a-4e4e-9677-d39627e4cd19&pd_rd_i=B0F13BTM5F&psc=1,349,4.4,N/A,
32,B00RF33R6E,N/A,https://www.amazon.co.jp/%E3%83%98%E3%82%A4%E3%83%B3%E3%82%BA-Hanes-%E3%83%93%E3%83%BC%E3%83%95%E3%82%A3%E3%83%BC-BEEFY-H5180-2/dp/B00RF33R6E/ref=zg_bs_c_fashion_d_sccl_2/357-2701386-4191602?pd_rd_w=r39TX&content-id=amzn1.sym.096e09d4-f6a8-4252-a116-565ea028c736&pf_rd_p=096e09d4-f6a8-4252-a116-565ea028c736&pf_rd_r=P982GN7QAS6J77RKZD5R&pd_rd_wg=IlH2r&pd_rd_r=5963c991-555a-4e4e-9677-d39627e4cd19&pd_rd_i=B00RF33R6E&psc=1,11478,4.4,N/A,
33,B09XTSCW2W,N/A,https://www.amazon.co.jp/%E3%83%AF%E3%83%B3%E3%82%BF%E3%83%83%E3%83%81%E8%87%AA%E5%8B%95%E9%96%8B%E9%96%89-UV%E3%82%AB%E3%83%83%E3%83%88-%E6%8A%98%E3%82%8A%E3%81%9F%E3%81%9F%E3%81%BF%E5%82%98-%E3%82%B3%E3%83%B3%E3%83%91%E3%82%AF%E3%83%88-%E6%8A%98%E3%82%8A%E7%95%B3%E3%81%BF%E6%97%A5%E5%82%98/dp/B09XTSCW2W/ref=zg_bs_c_fashion_d_sccl_3/357-2701386-4191602?pd_rd_w=r39TX&content-id=amzn1.sym.096e09d4-f6a8-4252-a116-565ea028c736&pf_rd_p=096e09d4-f6a8-4252-a116-565ea028c736&pf_rd_r=P982GN7QAS6J77RKZD5R&pd_rd_wg=IlH2r&pd_rd_r=5963c991-555a-4e4e-9677-d39627e4cd19&pd_rd_i=B09XTSCW2W&psc=1,11247,4.1,N/A,
34,B09Z9819W8,N/A,https://www.amazon.co.jp/%E3%83%8B%E3%83%A5%E3%83%BC%E3%83%90%E3%83%A9%E3%83%B3%E3%82%B9-%E3%82%A4%E3%83%B3%E3%82%BD%E3%83%BC%E3%83%AB-%E3%82%B5%E3%83%9D%E3%83%BC%E3%83%86%E3%82%A3%E3%83%96%E3%83%AA%E3%83%90%E3%82%A6%E3%83%B3%E3%83%89%E3%82%A4%E3%83%B3%E3%82%BD%E3%83%BC%E3%83%AB-LAM35689-large/dp/B09Z9819W8/ref=zg_bs_c_fashion_d_sccl_4/357-2701386-4191602?pd_rd_w=r39TX&content-id=amzn1.sym.096e09d4-f6a8-4252-a116-565ea028c736&pf_rd_p=096e09d4-f6a8-4252-a116-565ea028c736&pf_rd_r=P982GN7QAS6J77RKZD5R&pd_rd_wg=IlH2r&pd_rd_r=5963c991-555a-4e4e-9677-d39627e4cd19&pd_rd_i=B09Z9819W8&psc=1,2474,4.4,N/A,
35,B09LCGC543,N/A,https://www.amazon.co.jp/%E3%83%97%E3%83%BC%E3%83%9E-%E3%82%B9%E3%83%8B%E3%83%BC%E3%82%AB%E3%83%BC-%E3%83%9B%E3%83%AF%E3%82%A4%E3%83%88-01-24-0/dp/B09LCGC543/ref=zg_bs_c_fashion_d_sccl_5/357-2701386-4191602?pd_rd_w=r39TX&content-id=amzn1.sym.096e09d4-f6a8-4252-a116-565ea028c736&pf_rd_p=096e09d4-f6a8-4252-a116-565ea028c736&pf_rd_r=P982GN7QAS6J77RKZD5R&pd_rd_wg=IlH2r&pd_rd_r=5963c991-555a-4e4e-9677-d39627e4cd19&pd_rd_i=B09LCGC543&psc=1,3143,4.1,N/A,
36,B0BSGTW7W9,N/A,https://www.amazon.co.jp/Alvisto-%E3%82%A8%E3%82%A2%E3%83%BC%E3%82%B9%E3%83%AA%E3%83%83%E3%83%91-%E3%83%AB%E3%83%BC%E3%83%A0%E3%82%B7%E3%83%A5%E3%83%BC%E3%82%BA-slippers-26-0-27-0cm/dp/B0BSGTW7W9/ref=zg_bs_c_fashion_d_sccl_6/357-2701386-4191602?pd_rd_w=r39TX&content-id=amzn1.sym.096e09d4-f6a8-4252-a116-565ea028c736&pf_rd_p=096e09d4-f6a8-4252-a116-565ea028c736&pf_rd_r=P982GN7QAS6J77RKZD5R&pd_rd_wg=IlH2r&pd_rd_r=5963c991-555a-4e4e-9677-d39627e4cd19&pd_rd_i=B0BSGTW7W9&psc=1,1431,4.1,N/A,
