順位,商品名,商品URL,評価数,評価値,直近30日販売数（親）
1,ASEKI(アセキ) ソーラーライト 屋外 防水 センサーライト【極高輝度・210LED・3面発光・業界最大3000ルーメン】360°角度調整可能 3つ知能モード 2200mAh大容量バッテリー 防犯 自動点灯/消灯 ガーデン/壁掛け/庭先/表玄関/駐車場/停電時適用 地震/津波/台風/防災に対応 1個,https://www.amazon.co.jp/%E3%82%BD%E3%83%BC%E3%83%A9%E3%83%BC%E3%83%A9%E3%82%A4%E3%83%88-%E3%82%BB%E3%83%B3%E3%82%B5%E3%83%BC%E3%83%A9%E3%82%A4%E3%83%88%E3%80%90210LED-%E5%85%89%E6%9D%9F%E6%9C%80%E5%A4%A72500%E3%83%AB%E3%83%BC%E3%83%A1%E3%83%B3%E3%80%913%E3%81%A4%E7%9F%A5%E8%83%BD%E3%83%A2%E3%83%BC%E3%83%89-2200mAh%E5%A4%A7%E5%AE%B9%E9%87%8F%E9%9B%BB%E6%B1%A0-360%C2%B0%E8%A7%92%E5%BA%A6%E8%AA%BF%E6%95%B4%E5%8F%AF%E8%83%BD/dp/B09KGFHKDF/ref=zg_bs_g_2039681051_d_sccl_1/355-8340908-9431930?psc=1,6715,4.2,"3,246"
2,N/A,https://www.amazon.co.jp/%E3%82%A2%E3%82%A4%E3%83%A1%E3%83%87%E3%82%A3%E3%82%A2-Aimedia-%E3%82%A8%E3%82%A2%E3%82%B3%E3%83%B3%E5%AE%A4%E5%A4%96%E6%A9%9F%E9%81%AE%E7%86%B1%E3%83%91%E3%83%8D%E3%83%AB/dp/B00W9F7QRY/ref=zg_bs_g_2039681051_d_sccl_2/355-8340908-9431930?psc=1,1763,3.9,"2,349"
3,N/A,https://www.amazon.co.jp/%E5%B1%B1%E5%96%84-YAMAZEN-%E6%B6%BC%E9%A2%A8%E3%82%B7%E3%82%A7%E3%83%BC%E3%83%89-BRGS-2020-IV/dp/B012921PFA/ref=zg_bs_g_2039681051_d_sccl_3/355-8340908-9431930?psc=1,1434,4.2,"1,734"
4,N/A,https://www.amazon.co.jp/%E3%80%902020%E6%9C%80%E6%96%B0%E7%89%88%E3%80%91%E3%82%B9%E3%83%88%E3%83%AA%E3%83%B3%E3%82%B0%E3%83%A9%E3%82%A4%E3%83%88-11-5m-24%E5%80%8BG40-%E7%A0%B4%E6%90%8D%E3%81%97%E3%81%AB%E3%81%8F%E3%81%84-%E3%82%AC%E3%83%BC%E3%83%87%E3%83%B3%E3%83%A9%E3%82%A4%E3%83%88/dp/B083Q2Z12N/ref=zg_bs_g_2039681051_d_sccl_4/355-8340908-9431930?psc=1,2527,4.3,"1,130"
5,N/A,https://www.amazon.co.jp/MY-KOZARU-%E3%83%95%E3%82%A7%E3%83%B3%E3%82%B9%E3%83%A9%E3%82%A4%E3%83%88-%E3%82%AC%E3%83%BC%E3%83%87%E3%83%B3%E3%83%A9%E3%82%A4%E3%83%88%E5%B1%8B%E5%A4%96-LED%E3%82%AC%E3%83%BC%E3%83%87%E3%83%B3%E3%83%A9%E3%82%A4%E3%83%88/dp/B0C7L54RZC/ref=zg_bs_g_2039681051_d_sccl_5/355-8340908-9431930?psc=1,592,4.0,"2,016"
6,N/A,https://www.amazon.co.jp/%E3%82%A2%E3%82%A4%E3%83%AA%E3%82%B9%E3%82%AA%E3%83%BC%E3%83%A4%E3%83%9E-%E3%83%AD%E3%83%BC%E3%83%AB%E3%82%BF%E3%82%A4%E3%83%97-%E3%83%AA%E3%82%A2%E3%83%AB%E4%BA%BA%E5%B7%A5%E8%8A%9D-IP-3015-%E3%82%B9%E3%82%BF%E3%83%B3%E3%83%80%E3%83%BC%E3%83%89/dp/B081JYDK8G/ref=zg_bs_g_2039681051_d_sccl_6/355-8340908-9431930?psc=1,3019,4.1,"2,175"
7,N/A,https://www.amazon.co.jp/Alebert-380%EF%BC%AC%E5%A4%A7%E5%AE%B9%E9%87%8F-%E9%AB%98%E3%81%9562cm-%E3%83%99%E3%83%A9%E3%83%B3%E3%83%80%E5%8F%8E%E7%B4%8D-%E3%83%99%E3%83%A9%E3%83%B3%E3%83%80%E3%82%B9%E3%83%88%E3%83%83%E3%82%AB%E3%83%BC/dp/B0D5XPK8WB/ref=zg_bs_g_2039681051_d_sccl_7/355-8340908-9431930?psc=1,191,3.8,"1,160"
8,Lepro LEDテープライト 電球色 無段階調光 間接照明 5m 12v 高演色タイプ ストリップライト 切断可能 2835SMD 300LED高輝度 ストリングライト 寝室/お部屋/店舗/コレクション/看板照明,https://www.amazon.co.jp/Lepro-LED%E3%83%86%E3%83%BC%E3%83%97%E3%83%A9%E3%82%A4%E3%83%88-%E3%82%B9%E3%83%88%E3%83%AA%E3%83%83%E3%83%97%E3%83%A9%E3%82%A4%E3%83%88-2835SMD-300LED%E9%AB%98%E8%BC%9D%E5%BA%A6/dp/B085372146/ref=zg_bs_g_2039681051_d_sccl_8/355-8340908-9431930?psc=1,2183,4.1,"1,581"
9,N/A,https://www.amazon.co.jp/%E3%82%BF%E3%82%AB%E3%82%B7%E3%83%A7%E3%83%BC-%E6%97%A5%E3%82%88%E3%81%91%E9%87%91%E5%85%B7-%E3%82%B7%E3%82%A7%E3%83%BC%E3%83%89%E5%8F%96%E4%BB%98-%E3%80%90CLF-02%E3%80%91-%E3%82%B5%E3%83%B3%E3%82%B7%E3%82%A7%E3%83%BC%E3%83%89/dp/B0BVFMYKMV/ref=zg_bs_g_2039681051_d_sccl_9/355-8340908-9431930?psc=1,437,3.7,"1,102"
10,N/A,https://www.amazon.co.jp/%E3%82%A2%E3%82%A4%E3%83%AA%E3%82%B9%E3%83%97%E3%83%A9%E3%82%B6-%E3%82%B5%E3%82%A4%E3%82%AF%E3%83%AB%E3%83%8F%E3%82%A6%E3%82%B9-%E3%82%AC%E3%83%AC%E3%83%BC%E3%82%B8-%E8%87%AA%E8%BB%A2%E8%BB%8A-%E6%A2%85%E9%9B%A8%E5%AF%BE%E7%AD%96/dp/B0CGQWDZPW/ref=zg_bs_g_2039681051_d_sccl_10/355-8340908-9431930?psc=1,890,3.8,"1,409"
11,N/A,https://www.amazon.co.jp/LED%E3%83%A9%E3%82%A4%E3%83%88%E3%80%90%E8%87%AA%E5%8B%95%E7%82%B9%E7%81%AF-%E5%B1%8B%E5%A4%96%E3%82%A6%E3%82%A9%E3%83%BC%E3%83%AB%E3%83%A9%E3%82%A4%E3%83%88-%E4%B8%A1%E9%9D%A2%E3%83%86%E3%83%BC%E3%83%97%E3%83%BB%E3%83%8D%E3%82%B8-%E3%83%9A%E3%83%B3%E3%83%80%E3%83%B3%E3%83%88%E3%83%A9%E3%82%A4%E3%83%88-%E3%82%BD%E3%83%BC%E3%83%A9%E3%83%BC%E3%82%BB%E3%83%B3%E3%82%B5%E3%83%BC%E3%83%A9%E3%82%A4%E3%83%88/dp/B09L8C3FYZ/ref=zg_bs_g_2039681051_d_sccl_11/355-8340908-9431930?psc=1,4043,3.8,"1,248"
12,N/A,https://www.amazon.co.jp/%E6%9C%9D%E6%97%A5%E9%9B%BB%E5%99%A8-ELPA-LED%E3%82%BB%E3%83%B3%E3%82%B5%E3%83%BC%E4%BB%98%E3%81%8D%E3%83%A9%E3%82%A4%E3%83%88-PM-L751W-%E3%83%9B%E3%83%AF%E3%82%A4%E3%83%88/dp/B08DFXK6HM/ref=zg_bs_g_2039681051_d_sccl_12/355-8340908-9431930?psc=1,1209,4.1,"1,304"
13,N/A,https://www.amazon.co.jp/%E3%82%B4%E3%83%9F%E3%82%B9%E3%83%86%E3%83%BC%E3%82%B7%E3%83%A7%E3%83%B3%E3%83%9C%E3%83%83%E3%82%AF%E3%82%B9-%E6%8A%98%E3%82%8A%E3%81%9F%E3%81%9F%E3%81%BF%E3%82%B4%E3%83%9F%E5%8F%8E%E9%9B%86%E3%83%9C%E3%83%83%E3%82%AF%E3%82%B9-%E5%BA%95%E9%9D%A2%E5%9B%BA%E5%AE%9A%E3%83%95%E3%83%AC%E3%83%BC%E3%83%A0-%E3%82%AB%E3%83%A9%E3%83%93%E3%83%8A%E3%83%AD%E3%83%BC%E3%83%97%E4%BB%98-%E6%88%B8%E5%88%A5%E5%9B%9E%E5%8F%8E%E5%90%91%E3%81%91/dp/B0DGTF8HM5/ref=zg_bs_g_2039681051_d_sccl_13/355-8340908-9431930?psc=1,62,3.9,"2,057"
14,N/A,https://www.amazon.co.jp/%E3%82%BF%E3%82%AB%E3%82%B7%E3%83%A7%E3%83%BC-Takasho-%E3%81%B2%E3%81%8B%E3%82%8A%E3%83%8E%E3%83%99%E3%83%BC%E3%82%B7%E3%83%A7%E3%83%B3-LGL-LHA02-%E5%A5%A5%E8%A1%8C500%C3%97%E9%AB%98%E3%81%9520%C3%97%E5%B9%8520cm/dp/B07JFMFRSM/ref=zg_bs_g_2039681051_d_sccl_14/355-8340908-9431930?psc=1,1078,4.3,"1,135"
15,PYKES PEAK 宅配ボックス ポスト一体型 ステンレス ポスト付き 大容量 おしゃれ 防水 置き配 盗難防止 案内ステッカー付き 大型 屋外 戸建て用 「 ミラ 」,https://www.amazon.co.jp/PYKES-PEAK-%E5%AE%85%E9%85%8D%E3%83%9C%E3%83%83%E3%82%AF%E3%82%B9-%E3%83%9D%E3%82%B9%E3%83%88%E4%B8%80%E4%BD%93%E5%9E%8B-%E6%A1%88%E5%86%85%E3%82%B9%E3%83%86%E3%83%83%E3%82%AB%E3%83%BC%E4%BB%98%E3%81%8D/dp/B0DRFNZMK6/ref=zg_bs_g_2039681051_d_sccl_15/355-8340908-9431930?psc=1,2048,4.4,992
16,Lepro テープライト led 5m 12V 電球色・昼白色・昼光色 明るさ調整 間接照明 リモコン付き 調光調色 イルミネーションライト 3ピン 2835SMD カット可能 取付簡単 非防水 店舗 室内 ホーム装飾用 DIY,https://www.amazon.co.jp/Lepro-%E3%83%86%E3%83%BC%E3%83%97%E3%83%A9%E3%82%A4%E3%83%88-%E9%9B%BB%E7%90%83%E8%89%B2%E3%83%BB%E6%98%BC%E7%99%BD%E8%89%B2%E3%83%BB%E6%98%BC%E5%85%89%E8%89%B2-%E3%82%A4%E3%83%AB%E3%83%9F%E3%83%8D%E3%83%BC%E3%82%B7%E3%83%A7%E3%83%B3%E3%83%A9%E3%82%A4%E3%83%88-led%E3%83%86%E3%83%BC%E3%83%97%E3%83%A9%E3%82%A4%E3%83%88/dp/B08734FCHK/ref=zg_bs_g_2039681051_d_sccl_16/355-8340908-9431930?psc=1,1454,4.0,"1,251"
17,N/A,https://www.amazon.co.jp/NESHEXST-%E3%83%8D%E3%82%BB%E3%82%AF%E3%83%88-%E3%82%B4%E3%83%9F%E3%83%8D%E3%83%83%E3%83%88-%E3%82%AB%E3%83%A9%E3%82%B9%E9%99%A4%E3%81%91-%E3%83%A1%E3%83%BC%E3%82%AB%E3%83%BC3%E5%B9%B4%E4%BF%9D%E8%A8%BC/dp/B0B35GL8MZ/ref=zg_bs_g_2039681051_d_sccl_17/355-8340908-9431930?psc=1,517,4.3,703
18,N/A,https://www.amazon.co.jp/%E3%82%BF%E3%83%B3%E3%82%B9%E3%81%AE%E3%82%B2%E3%83%B3-%E3%80%90%E6%9C%AC%E7%89%A9%E7%B4%9A%E3%80%82%E3%80%91-%E3%80%90%E9%AB%98%E8%80%90%E4%B9%852%E5%B1%A4%E6%A7%8B%E9%80%A0%E3%80%91-U%E5%AD%97%E3%83%94%E3%83%B320%E6%9C%AC%E4%BB%98-50900017/dp/B07K2SXNKY/ref=zg_bs_g_2039681051_d_sccl_18/355-8340908-9431930?psc=1,1127,4.3,468
19,N/A,https://www.amazon.co.jp/%E3%80%90Works-Alexa%E8%AA%8D%E5%AE%9A%E3%80%91SwitchBot-%E3%83%86%E3%83%BC%E3%83%97%E3%83%A9%E3%82%A4%E3%83%88-Alexa-%E3%82%B9%E3%82%A4%E3%83%83%E3%83%81%E3%83%9C%E3%83%83%E3%83%88/dp/B09KCGK8NK/ref=zg_bs_g_2039681051_d_sccl_19/355-8340908-9431930?psc=1,2750,4.0,"1,409"
20,N/A,https://www.amazon.co.jp/%E3%82%A4%E3%83%A1%E3%83%BC%E3%82%B8%E7%A2%BA%E8%AA%8D%E3%82%B5%E3%83%BC%E3%83%93%E3%82%B9%E4%BB%98-%E8%B6%85%E5%BC%B7%E5%8A%9B%E4%B8%A1%E9%9D%A2%E3%83%86%E3%83%BC%E3%83%97%E4%BB%98-%E3%83%A1%E3%83%BC%E3%83%AB%E3%83%9C%E3%83%83%E3%82%AF%E3%82%B9-%E3%83%AC%E3%83%BC%E3%82%B6%E3%83%BC%E5%BD%AB%E5%88%BB-120X30/dp/B0D3Z5S8LS/ref=zg_bs_g_2039681051_d_sccl_20/355-8340908-9431930?psc=1,82,4.6,"1,239"
21,N/A,https://www.amazon.co.jp/%E3%82%AA%E3%83%BC%E3%83%A0%E9%9B%BB%E6%A9%9F-LED%E3%82%BB%E3%83%B3%E3%82%B5%E3%83%BC%E3%83%A9%E3%82%A4%E3%83%88-%E4%B9%BE%E9%9B%BB%E6%B1%A0%E5%BC%8F-LS-B60JF-4-%E5%B9%8550%C3%97%E9%AB%98%E3%81%95188%C3%97%E5%A5%A5%E8%A1%8C30mm/dp/B08L9LWWTX/ref=zg_bs_g_2039681051_d_sccl_21/355-8340908-9431930?psc=1,509,4.0,"1,476"
22,N/A,https://www.amazon.co.jp/%E3%82%BD%E3%83%BC%E3%83%A9%E3%83%BC%E3%83%A9%E3%82%A4%E3%83%88-IP68%E9%98%B2%E6%B0%B4-%E5%9F%8B%E3%82%81%E8%BE%BC%E3%81%BF%E5%BC%8F-%E3%82%AC%E3%83%BC%E3%83%87%E3%83%B3%E3%83%A9%E3%82%A4%E3%83%88-%E5%A4%AA%E9%99%BD%E5%85%89%E3%83%91%E3%83%8D%E3%83%AB%E5%85%85%E9%9B%BB/dp/B0CGH38XH3/ref=zg_bs_g_2039681051_d_sccl_22/355-8340908-9431930?psc=1,318,4.4,609
23,N/A,https://www.amazon.co.jp/Heptus-%E3%80%90%E5%A0%B4%E6%89%80%E3%82%92%E9%81%B8%E3%81%B0%E3%81%9A%E7%B0%A1%E5%8D%98%E5%8F%96%E4%BB%98%E3%80%91-%E5%8F%96%E4%BB%98%E9%87%91%E5%85%B7-%E3%82%BD%E3%83%BC%E3%83%A9%E3%83%BC%E3%83%A9%E3%82%A4%E3%83%88-%E9%98%B2%E7%8A%AF%E3%82%AB%E3%83%A1%E3%83%A9/dp/B0D84F2Q8C/ref=zg_bs_g_2039681051_d_sccl_23/355-8340908-9431930?psc=1,233,3.5,"1,060"
24,PYKES PEAK (パイクスピーク) サイクルハウス 2サイズ 3カラー 1台用〜3台用 自転車置き場 バイクガレージ 耐水圧2000mm UPF50 工具不要 バイクシェルター (奥行220㎝ 幅175㎝ 高さ170㎝ サイズ 2-3台収納),https://www.amazon.co.jp/PYKES-PEAK-%E3%83%91%E3%82%A4%E3%82%AF%E3%82%B9%E3%83%94%E3%83%BC%E3%82%AF-%E8%80%90%E6%B0%B4%E5%9C%A72000mm-%E3%83%90%E3%82%A4%E3%82%AF%E3%82%B7%E3%82%A7%E3%83%AB%E3%82%BF%E3%83%BC/dp/B0CLTVK8LL/ref=zg_bs_g_2039681051_d_sccl_24/355-8340908-9431930?psc=1,24,3.5,661
25,JARDIN(ジャルダン) 人工芝 1mx10m 防草 芝生 人工芝生 人口芝 防草シート 人工芝リアル ガーデニング ガーデン ベランダ バルコニー 屋上 テラス ロール ピン ガーデン 芝 人工芝生 人工芝マット 人工芝ロール おさえピン ガーデン ガーデニング ベランダ (A.1ｍ×10ｍ 毛足7mm),https://www.amazon.co.jp/JARDIN-%E3%82%B8%E3%83%A3%E3%83%AB%E3%83%80%E3%83%B3-1mx10m-%E4%BA%BA%E5%B7%A5%E8%8A%9D%E3%83%AA%E3%82%A2%E3%83%AB-%E3%82%AC%E3%83%BC%E3%83%87%E3%83%8B%E3%83%B3%E3%82%B0/dp/B0CYBJ9793/ref=zg_bs_g_2039681051_d_sccl_25/355-8340908-9431930?psc=1,607,4.3,806
26,N/A,https://www.amazon.co.jp/XiaZ-%E9%AB%98%E5%AF%86%E5%BA%A6%E3%83%9D%E3%83%AA%E3%82%A8%E3%83%81%E3%83%AC%E3%83%B3-%E6%BF%83%E3%81%84%E8%89%B2%E3%81%A7%E7%9B%AE%E9%9A%A0%E3%81%97%E5%8A%B9%E6%9E%9C-%E3%83%97%E3%83%A9%E3%82%A4%E3%83%90%E3%82%B7%E3%83%BC%E4%BF%9D%E8%AD%B7%E7%9B%AE%E9%9A%A0%E3%81%97%E3%82%B7%E3%83%BC%E3%83%88-%E3%83%A2%E3%82%AB%E8%89%B2180x80cm/dp/B0C1G3SKYB/ref=zg_bs_g_2039681051_d_sccl_26/355-8340908-9431930?psc=1,907,4.1,"1,409"
27,N/A,https://www.amazon.co.jp/100%E6%9C%AC%E3%82%BB%E3%83%83%E3%83%88-%E9%98%B2%E8%8D%89%E3%82%B7%E3%83%BC%E3%83%88-%E6%8A%BC%E3%81%95%E3%81%88%E3%83%94%E3%83%B3-%E3%82%B7%E3%83%BC%E3%83%88%E3%83%94%E3%83%B3-15cmx3cmx15cm/dp/B0B3CYXJLJ/ref=zg_bs_g_2039681051_d_sccl_27/355-8340908-9431930?psc=1,135,4.0,622
28,N/A,https://www.amazon.co.jp/%E3%81%8A%E3%81%95%E3%81%88%E3%83%94%E3%83%B3-%E4%BA%BA%E5%B7%A5%E8%8A%9D%E3%83%9E%E3%83%83%E3%83%88-%E3%83%AD%E3%83%BC%E3%83%AB%E7%94%A8-%E5%9B%BA%E5%AE%9A%E3%83%94%E3%83%B3-30%E6%9C%AC%E3%82%BB%E3%83%83%E3%83%88/dp/B09DG1SYBP/ref=zg_bs_g_2039681051_d_sccl_28/355-8340908-9431930?psc=1,956,4.1,849
29,N/A,https://www.amazon.co.jp/2mx10m-%E8%8A%9D%E4%B8%8838mm-%E9%80%8F%E6%B0%B4%E3%82%BF%E3%82%A4%E3%83%97-48%E6%9C%AC%E3%83%94%E3%83%B3%E4%BB%98%E3%81%8D-%E3%83%95%E3%83%AC%E3%83%83%E3%82%B7%E3%83%A5%E3%82%B0%E3%83%AA%E3%83%BC%E3%83%B3/dp/B0CCD61JGK/ref=zg_bs_g_2039681051_d_sccl_29/355-8340908-9431930?psc=1,402,4.4,915
30,N/A,https://www.amazon.co.jp/SPYONG-2024%E6%9C%80%E6%96%B0%E6%94%B9%E8%89%AF-%E3%82%A2%E3%83%91%E3%83%BC%E3%83%88%E7%94%A8%E5%AE%85%E9%85%8D%E3%83%9C%E3%83%83%E3%82%AF%E3%82%B9-%E5%8F%AF%E6%8A%98%E5%8F%A0%E5%AE%85%E9%85%8D%E3%83%9C%E3%83%83%E3%82%AF%E3%82%B9-%E5%85%AC%E5%AF%93%E7%8B%AC%E7%AB%8B%E5%B1%8B%E5%AE%85%E9%85%8D%E7%AE%B153/dp/B0CPS6T7HS/ref=zg_bs_g_2039681051_d_sccl_30/355-8340908-9431930?psc=1,453,4.1,"1,202"
