順位,ASIN,商品名,商品URL,画像URL,評価数,評価値,直近30日販売数（親）,ライバル候補,トラフィック順位,トラフィック比率
1,,N/A,https://www.amazon.co.jphttps://aax-fe.amazon.co.jp/x/c/JL1WJWEa4J2MacPD8gBNNU4AAAGW4DgFRwcAAAH2AQBvbm9fdHhuX2JpZDEgICBvbm9fdHhuX2ltcDEgICCrHJiL/clv1_CEuOPUxokZA0iHrVRNkcxxPqWn99Y6otq8c_5BWnr7pJx38w9X-xe_w19HHz9hvQjq0yzpNb3XTP8SG5q2ucZCodKR-gEvvJCU4LV1FpVAuZDa9R5WZKlYPYHxyKGK8FIo-QJA-u8o8XBktilVDrYU1NLUZOD884HV93HrgxS1eQ1PuamBEzXFStNpmvOqssRHMHeJvHlJlDT3dnO8R8Yf5bksG5l94oD0zcLowv31UxlI9tr66CRFJ3pkWWnWl7FWXfMPjKtxhPimkmNJxRfSmkWVWLzyr3J-CKyOjxR48tI0mU0qe21BKQWwrGGYan9cES0uVTRtTUiqTpDua4G8VO2NxYcBwegZMry_VyMZ9y61RHN0iD7CGv2L8tIWeAbkVKnm-RuGI9_hD1F7KAZUlKU8zGzt5JdO0pY3lOjSd7VMFRowRRRHF077ogfF4WG7myY_76mO-bWCM5bReipMUTeUmOkGGifChlJ4t8kYaWS0la4Y-1yh-oT2FeD7iDlatd9C9kEbY9gD2Aj1WVlSLeXhRiT2M1DWu3cx6rDLPabij9BjRP6lgCOw-laGrWEvMfssdxUTW3hpZUuMgmAifDDUtdhSYk1-EUsIOrrWor4r6L5rU3Wn7s3zi9a5yGCWQbZvA8ECZO8dlHGctuhAhBzKf_ZDJDeSMmlO9_96YvNGgeRieGz0pChw_jAMJ04F0F-2F44coxpsklE2CDLXsDzov8J93w5PjmNW8JPS_MgTTdWNd7mila5vUtV-q9vP9cMhKWn2TS6CnIEEXVCwt3liblUFlkiZlcVdUMUA-zp2gCG-tCjmd5o7vlaF6yJf2Feh0b6TTg5e5XaPNAu6mEt2g4j8WcMvu5rtSihW2O3F6Q1iwcnl3bv3Gq5jPVtvAFlcYttCXqP_0jXNkmBO6n-Oal_yIEGDo7JCnQmnGBoD1EL3wXXBZqVyj56EOhhzaFcPH21aWWtdfJwCqwX4BKPNrieLLm236iegFjOJ4KXhpRVUl-SrWP6CbSMl0ZDSSL8KxF0yEyaosP156T4gVhoA1jVcimjAlc8I0kkxxnTXKVdYKZCm77WL96Jd9Eb3GQUJCQNSEuCZiUdMCls8G7fg_ynaBuRJIvLxhuDLKcC0-cXvhmmAQbNo-M483EgdE8ZefjkwxaR9l6g0c3X0EZbvTiGHDYKLAEtIn6nbGt-Cye8C7_0-cYvj1KIe8GBXKWKFfh1k28UiwHiEbhL_PF0_J456R1ozqk8KJPEFrRNl0xQnq_ylK5vjkLe4LTaLsAlvO1VUnkSZBNdIAmlk8t1qVBko6VgFCbpmmlMNDIddBAaJ_owfg7pWKR6LQSNakOQna4_XzMjOgocUYsuZrW4ewP_E5xcp9wBfRZmYQvy2m3JFKMg4uyBSSNf5BnDxTxUGG2S3_QQSgiSYqdapyUjR2EOVVx76IpxuzEg2N4aAN89q4qKrwSHh_caTKL0xA-OWTUh-HXvQvHEiHKcWXH1DGmSPU09Jgjn-s83VwO82P_PBiRG3sg7rwhgNjYs2XAbQtReJpCJ5uGeM8ONRD0mv30KH_bHX2Id7QDicKqrfyv_qWoZbhwBeo_q8VEX8DOB1Dvzs_TXsbSBFg-VwlZ3c_yjaQDzpbu92DH_oaoN1yxKgqOkjdAn3N5RozmSDnyLVvN8eYSdU-iiCNvzowVdgHIaHwjDPN6_es_Wd6TKuAblZ7lHENwyuiooM7mmdpHXLKYlhl8qmeq7ZYYFTjvwCNhtiuivIdGHGOKz2WrltveluAraY1U9EvyHfwhsokqlgeGm4lRFcpdX6958VIaJcrYkmvoWO6HJDaKory6SJeUzrg679UMWvj19vBXoBkEXvdaI6cP-8nzGGL2NpmHobNkcvj6QO9aMUI3ti1vyfDWMraO53cJd4GK4uQwmszhXwNekMz2gAByWniR-zU5QUIpQnnY6wU5nP7hMJmD6eZGrk9k-Q9RI2uDbl1Cutq_ED5hSY_tl9jeDuSCOQfAiNlcbT3AQbg7OhjNFq_hPTkUaNqqW-yUjBTvtHshA9lhFhVAWs8fqlRm1qKGrNL-gKtwY4a6TO0vPcE3Fo8vuaRANkQHe6oS8EofXr26vEkqXxxGB9TxO2TKLiH5PrJEfE7Iv6a8DKx722Q9JvS5DvJ9lFm7FcL0GbHbwvP5ufuKF06mLz70/https://www.amazon.co.jp/stores/page/3A8F696A-5146-4DDA-9790-3E018402AB34/?_encoding=UTF8&store_ref=SB_A01618202XDU5NJG99FY4-A0489282IGGZ55MTPAQ3&pd_rd_plhdr=t&aaxitk=7b5ce10d2ca79abb6ca48e00d316d407&hsa_cr_id=0&lp_asins=B0DRJ5DTXS%2CB0DRJ5H76V%2CB0DRJ67J26&lp_query=%E7%AD%86%E7%AE%B1&lp_slot=auto-sparkle-hsa-tetris&ref_=sbx_be_s_sparkle_lsi4d_bkgd&pd_rd_w=Awmn8&content-id=amzn1.sym.ea91fbda-5568-44df-b5b0-99202f731686%3Aamzn1.sym.ea91fbda-5568-44df-b5b0-99202f731686&pf_rd_p=ea91fbda-5568-44df-b5b0-99202f731686&pf_rd_r=SK2KKS89ZZK1JEF0V5D8&pd_rd_wg=Q3fnr&pd_rd_r=417b768c-8d00-40df-970f-0470df76d568,N/A,N/A,4.4.,796,,,
2,,N/A,N/A,N/A,N/A,N/A,203,,,
3,B0DWZY6Z4W,ペンケース 筆箱 大容量 おしゃれ シンプル 子供 小学生 中学生 高校生 男の子 女の子 大学生 大人 多機能 コンパクト 使いやすい (ブラック),https://www.amazon.co.jp/sspa/click?ie=UTF8&spc=MTo3MTUxNDA5MjkzOTc1MzE4OjE3NDc1MTg0ODk6c3BfYXRmOjMwMDA4MTM3OTg5Nzc2Mjo6MDo6&url=%2FAthbeam-%25E3%2583%259A%25E3%2583%25B3%25E3%2582%25B1%25E3%2583%25BC%25E3%2582%25B9-%25E3%2581%258A%25E3%2581%2597%25E3%2582%2583%25E3%2582%258C-%25E3%2582%25B3%25E3%2583%25B3%25E3%2583%2591%25E3%2582%25AF%25E3%2583%2588-%25E4%25BD%25BF%25E3%2581%2584%25E3%2582%2584%25E3%2581%2599%25E3%2581%2584%2Fdp%2FB0DWZY6Z4W%2Fref%3Dsr_1_1_sspa%3Fdib%3DeyJ2IjoiMSJ9.FUwT9ARtPgvr-41yp0qa-ETR3VJrD7nWUBqfcLfCwlakVRTwg7OlURHSxM8s_B5QCbUgxDGGJB6HbrnuWVSipCJDKwi3gjM6R2dSxkZabp3ve6vYeP3dg3ThtCLjkDzXWZBZiIL7vfwDx6NAi9jH5AxMVu53XD9qqN8OVqMLug6_VtMfOpnj12bp4NsyXOO86pEbxps0ab7VhRIYmTJNcStIf0zM0XnWMviJb3pZ9fNQrCOQWfYZetmrk4MCT5HH_C9ytbxZQmDyIk1RjlaBaAbEaYsAYLRoEYf6AP-vfOU.IxZUrxaYSfd6vHZMSIPszi-egygGqa8GOHIJk0zjt_o%26dib_tag%3Dse%26keywords%3D%25E7%25AD%2586%25E7%25AE%25B1%26qid%3D1747518489%26sr%3D8-1-spons%26sp_csd%3Dd2lkZ2V0TmFtZT1zcF9hdGY%26psc%3D1,https://m.media-amazon.com/images/I/61QRbCxP4HL._AC_UL320_.jpg,200,4.4,263,,,
4,B085H8PMYB,CCOMPANY LIMITED ペンケース ルポ2セカンド 本革 イタリアンレザー 筆箱 (ネイビー),https://www.amazon.co.jp/sspa/click?ie=UTF8&spc=MTo3MTUxNDA5MjkzOTc1MzE4OjE3NDc1MTg0ODk6c3BfYXRmOjEwMzMzMDE3NzYwMzo6MDo6&url=%2FCCOMPANY-LIMITED-%25E3%2583%259A%25E3%2583%25B3%25E3%2582%25B1%25E3%2583%25BC%25E3%2582%25B9-%25E3%2583%25AB%25E3%2583%259D2%25E3%2582%25BB%25E3%2582%25AB%25E3%2583%25B3%25E3%2583%2589-%25E3%2582%25A4%25E3%2582%25BF%25E3%2583%25AA%25E3%2582%25A2%25E3%2583%25B3%25E3%2583%25AC%25E3%2582%25B6%25E3%2583%25BC%2Fdp%2FB085H8PMYB%2Fref%3Dsr_1_2_sspa%3Fdib%3DeyJ2IjoiMSJ9.FUwT9ARtPgvr-41yp0qa-ETR3VJrD7nWUBqfcLfCwlakVRTwg7OlURHSxM8s_B5QCbUgxDGGJB6HbrnuWVSipCJDKwi3gjM6R2dSxkZabp3ve6vYeP3dg3ThtCLjkDzXWZBZiIL7vfwDx6NAi9jH5AxMVu53XD9qqN8OVqMLug6_VtMfOpnj12bp4NsyXOO86pEbxps0ab7VhRIYmTJNcStIf0zM0XnWMviJb3pZ9fNQrCOQWfYZetmrk4MCT5HH_C9ytbxZQmDyIk1RjlaBaAbEaYsAYLRoEYf6AP-vfOU.IxZUrxaYSfd6vHZMSIPszi-egygGqa8GOHIJk0zjt_o%26dib_tag%3Dse%26keywords%3D%25E7%25AD%2586%25E7%25AE%25B1%26qid%3D1747518489%26sr%3D8-2-spons%26sp_csd%3Dd2lkZ2V0TmFtZT1zcF9hdGY%26psc%3D1,https://m.media-amazon.com/images/I/51LKD9F46WL._AC_UL320_.jpg,770,4.5,642,,,
5,B09X56M3QK,"ペンケース 大容量 おしゃれ シンプル 便利 韓国 ペン入れ 筆箱 小物入れ 高校生 中学生 男の子 女の子 文房具 (ライトグレー, Aタイプ)",https://www.amazon.co.jp/sspa/click?ie=UTF8&spc=MTo3MTUxNDA5MjkzOTc1MzE4OjE3NDc1MTg0ODk6c3BfYXRmOjMwMDAyMzE2ODAxNDU2Mjo6MDo6&url=%2FZEWZE-%25E3%2583%259A%25E3%2583%25B3%25E3%2582%25B1%25E3%2583%25BC%25E3%2582%25B9-%25E3%2581%258A%25E3%2581%2597%25E3%2582%2583%25E3%2582%258C-%25E3%2582%25B7%25E3%2583%25B3%25E3%2583%2597%25E3%2583%25AB-%25E3%2583%25A9%25E3%2582%25A4%25E3%2583%2588%25E3%2582%25B0%25E3%2583%25AC%25E3%2583%25BC%2Fdp%2FB09X56M3QK%2Fref%3Dsr_1_3_sspa%3Fdib%3DeyJ2IjoiMSJ9.FUwT9ARtPgvr-41yp0qa-ETR3VJrD7nWUBqfcLfCwlakVRTwg7OlURHSxM8s_B5QCbUgxDGGJB6HbrnuWVSipCJDKwi3gjM6R2dSxkZabp3ve6vYeP3dg3ThtCLjkDzXWZBZiIL7vfwDx6NAi9jH5AxMVu53XD9qqN8OVqMLug6_VtMfOpnj12bp4NsyXOO86pEbxps0ab7VhRIYmTJNcStIf0zM0XnWMviJb3pZ9fNQrCOQWfYZetmrk4MCT5HH_C9ytbxZQmDyIk1RjlaBaAbEaYsAYLRoEYf6AP-vfOU.IxZUrxaYSfd6vHZMSIPszi-egygGqa8GOHIJk0zjt_o%26dib_tag%3Dse%26keywords%3D%25E7%25AD%2586%25E7%25AE%25B1%26qid%3D1747518489%26sr%3D8-3-spons%26sp_csd%3Dd2lkZ2V0TmFtZT1zcF9hdGY%26psc%3D1,https://m.media-amazon.com/images/I/61rc6o0iavL._AC_UL320_.jpg,278,4.3,"1,592",,,
6,B0CLDBBP4G,WEMATEペンケース 大容量 筆箱横開き 2層 シンプル 多機能 おしゃれ-ジッパー ペンホルダー付き 強力な分類と収納力 ガジェットポーチ 収納ポーチ 旅行 出張 女の子、男の子、大人、小学生、高校生、大学生用-ライトグレー,https://www.amazon.co.jp/sspa/click?ie=UTF8&spc=MTo3MTUxNDA5MjkzOTc1MzE4OjE3NDc1MTg0ODk6c3BfYXRmOjMwMDAzMjE5MTczNzY2Mjo6MDo6&url=%2FWEMATE%25E3%2583%259A%25E3%2583%25B3%25E3%2582%25B1%25E3%2583%25BC%25E3%2582%25B9-%25E3%2581%258A%25E3%2581%2597%25E3%2582%2583%25E3%2582%258C-%25E3%2582%25B8%25E3%2583%2583%25E3%2583%2591%25E3%2583%25BC-%25E3%2583%259A%25E3%2583%25B3%25E3%2583%259B%25E3%2583%25AB%25E3%2583%2580%25E3%2583%25BC%25E4%25BB%2598%25E3%2581%258D-%25E5%25BC%25B7%25E5%258A%259B%25E3%2581%25AA%25E5%2588%2586%25E9%25A1%259E%25E3%2581%25A8%25E5%258F%258E%25E7%25B4%258D%25E5%258A%259B-%25E5%25A5%25B3%25E3%2581%25AE%25E5%25AD%2590%25E3%2580%2581%25E7%2594%25B7%25E3%2581%25AE%25E5%25AD%2590%25E3%2580%2581%25E5%25A4%25A7%25E4%25BA%25BA%25E3%2580%2581%25E5%25B0%258F%25E5%25AD%25A6%25E7%2594%259F%25E3%2580%2581%25E9%25AB%2598%25E6%25A0%25A1%25E7%2594%259F%25E3%2580%2581%25E5%25A4%25A7%25E5%25AD%25A6%25E7%2594%259F%25E7%2594%25A8-%25E3%2583%25A9%25E3%2582%25A4%25E3%2583%2588%25E3%2582%25B0%25E3%2583%25AC%25E3%2583%25BC%2Fdp%2FB0CLDBBP4G%2Fref%3Dsr_1_4_sspa%3Fdib%3DeyJ2IjoiMSJ9.FUwT9ARtPgvr-41yp0qa-ETR3VJrD7nWUBqfcLfCwlakVRTwg7OlURHSxM8s_B5QCbUgxDGGJB6HbrnuWVSipCJDKwi3gjM6R2dSxkZabp3ve6vYeP3dg3ThtCLjkDzXWZBZiIL7vfwDx6NAi9jH5AxMVu53XD9qqN8OVqMLug6_VtMfOpnj12bp4NsyXOO86pEbxps0ab7VhRIYmTJNcStIf0zM0XnWMviJb3pZ9fNQrCOQWfYZetmrk4MCT5HH_C9ytbxZQmDyIk1RjlaBaAbEaYsAYLRoEYf6AP-vfOU.IxZUrxaYSfd6vHZMSIPszi-egygGqa8GOHIJk0zjt_o%26dib_tag%3Dse%26keywords%3D%25E7%25AD%2586%25E7%25AE%25B1%26qid%3D1747518489%26sr%3D8-4-spons%26sp_csd%3Dd2lkZ2V0TmFtZT1zcF9hdGY%26psc%3D1,https://m.media-amazon.com/images/I/81p+37Dq0AL._AC_UL320_.jpg,217,4.2,860,,,
7,B01LXP9I24,コクヨ ペンケース ペンスタンド 立つ スリム ネオクリッツ F-VBF180-1,https://www.amazon.co.jp/%E3%82%B3%E3%82%AF%E3%83%A8-%E3%83%9A%E3%83%B3%E3%82%B1%E3%83%BC%E3%82%B9-%E3%83%8D%E3%82%AA%E3%82%AF%E3%83%AA%E3%83%83%E3%83%84-%E3%83%96%E3%83%A9%E3%83%83%E3%82%AF%C3%97%E3%83%96%E3%83%A9%E3%83%83%E3%82%AF-F-VBF180-1/dp/B01LXP9I24/ref=sr_1_5?dib=eyJ2IjoiMSJ9.FUwT9ARtPgvr-41yp0qa-ETR3VJrD7nWUBqfcLfCwlakVRTwg7OlURHSxM8s_B5QCbUgxDGGJB6HbrnuWVSipCJDKwi3gjM6R2dSxkZabp3ve6vYeP3dg3ThtCLjkDzXWZBZiIL7vfwDx6NAi9jH5AxMVu53XD9qqN8OVqMLug6_VtMfOpnj12bp4NsyXOO86pEbxps0ab7VhRIYmTJNcStIf0zM0XnWMviJb3pZ9fNQrCOQWfYZetmrk4MCT5HH_C9ytbxZQmDyIk1RjlaBaAbEaYsAYLRoEYf6AP-vfOU.IxZUrxaYSfd6vHZMSIPszi-egygGqa8GOHIJk0zjt_o&dib_tag=se&keywords=%E7%AD%86%E7%AE%B1&qid=1747518489&sr=8-5,https://m.media-amazon.com/images/I/71xqkYfN0IL._AC_UL320_.jpg,3397,4.3,854,,,
8,B07ZMFQGX4,LOONLOON 663 ストーン ペンケース ブラック 大容量 おしゃれ 二階建て 多機能,https://www.amazon.co.jp/LOONLOON-%E3%82%B9%E3%83%88%E3%83%BC%E3%83%B3-%E3%83%9A%E3%83%B3%E3%82%B1%E3%83%BC%E3%82%B9-%E3%83%96%E3%83%A9%E3%83%83%E3%82%AF-%E3%81%8A%E3%81%97%E3%82%83%E3%82%8C/dp/B07ZMFQGX4/ref=sr_1_6?dib=eyJ2IjoiMSJ9.FUwT9ARtPgvr-41yp0qa-ETR3VJrD7nWUBqfcLfCwlakVRTwg7OlURHSxM8s_B5QCbUgxDGGJB6HbrnuWVSipCJDKwi3gjM6R2dSxkZabp3ve6vYeP3dg3ThtCLjkDzXWZBZiIL7vfwDx6NAi9jH5AxMVu53XD9qqN8OVqMLug6_VtMfOpnj12bp4NsyXOO86pEbxps0ab7VhRIYmTJNcStIf0zM0XnWMviJb3pZ9fNQrCOQWfYZetmrk4MCT5HH_C9ytbxZQmDyIk1RjlaBaAbEaYsAYLRoEYf6AP-vfOU.IxZUrxaYSfd6vHZMSIPszi-egygGqa8GOHIJk0zjt_o&dib_tag=se&keywords=%E7%AD%86%E7%AE%B1&qid=1747518489&sr=8-6,https://m.media-amazon.com/images/I/71Cpy8QA1QL._AC_UL320_.jpg,2218,4.5,263,,,
9,B08F54318H,エムプラン キュービックス ペンケース ミニ エレガント グレー 106281-14,https://www.amazon.co.jp/%E3%82%A8%E3%83%A0%E3%83%97%E3%83%A9%E3%83%B3-%E3%82%AD%E3%83%A5%E3%83%BC%E3%83%93%E3%83%83%E3%82%AF%E3%82%B9-%E3%83%9A%E3%83%B3%E3%82%B1%E3%83%BC%E3%82%B9-%E3%82%A8%E3%83%AC%E3%82%AC%E3%83%B3%E3%83%88-106281-14/dp/B08F54318H/ref=sr_1_7?dib=eyJ2IjoiMSJ9.FUwT9ARtPgvr-41yp0qa-ETR3VJrD7nWUBqfcLfCwlakVRTwg7OlURHSxM8s_B5QCbUgxDGGJB6HbrnuWVSipCJDKwi3gjM6R2dSxkZabp3ve6vYeP3dg3ThtCLjkDzXWZBZiIL7vfwDx6NAi9jH5AxMVu53XD9qqN8OVqMLug6_VtMfOpnj12bp4NsyXOO86pEbxps0ab7VhRIYmTJNcStIf0zM0XnWMviJb3pZ9fNQrCOQWfYZetmrk4MCT5HH_C9ytbxZQmDyIk1RjlaBaAbEaYsAYLRoEYf6AP-vfOU.IxZUrxaYSfd6vHZMSIPszi-egygGqa8GOHIJk0zjt_o&dib_tag=se&keywords=%E7%AD%86%E7%AE%B1&qid=1747518489&sr=8-7,https://m.media-amazon.com/images/I/61tjgGpOnTL._AC_UL320_.jpg,505,4.4,203,,,
10,,"ペンケース 大容量 おしゃれ シンプル 便利 韓国 ペン入れ 筆箱 小物入れ 高校生 中学生 男の子 女の子 文房具 (ホワイト, Ｂタイプ)",https://www.amazon.co.jp#,https://m.media-amazon.com/images/I/61Lf8CJ0vYL._AC_UL320_.jpg,278,4.3,796,,,
11,B09X5D5N9R,"ペンケース 大容量 おしゃれ シンプル 便利 韓国 ペン入れ 筆箱 小物入れ 高校生 中学生 男の子 女の子 文房具 (ホワイト, Ｂタイプ)",https://www.amazon.co.jp/sspa/click?ie=UTF8&spc=MToyMjg2Mjg1MDc4NDkyNjg5OjE3NDc1MTg0ODk6c3Bfc2VhcmNoX3RoZW1hdGljOjMwMDAyMzE2ODAxNTI2Mjo6MDo6&url=%2FZEWZE-%25E3%2583%259A%25E3%2583%25B3%25E3%2582%25B1%25E3%2583%25BC%25E3%2582%25B9-%25E3%2581%258A%25E3%2581%2597%25E3%2582%2583%25E3%2582%258C-%25E3%2582%25B7%25E3%2583%25B3%25E3%2583%2597%25E3%2583%25AB-%25E3%2583%259A%25E3%2583%25B3%25E5%2585%25A5%25E3%2582%258C%2Fdp%2FB09X5D5N9R%2Fref%3Dsxin_15_pa_sp_search_thematic_sspa%3Fcontent-id%3Damzn1.sym.b482ac2a-0841-4219-b3c0-55fb4ffda2a0%253Aamzn1.sym.b482ac2a-0841-4219-b3c0-55fb4ffda2a0%26cv_ct_cx%3D%25E7%25AD%2586%25E7%25AE%25B1%26keywords%3D%25E7%25AD%2586%25E7%25AE%25B1%26pd_rd_i%3DB09X5D5N9R%26pd_rd_r%3D8b4f5654-34e2-425e-b208-3c549ee9d757%26pd_rd_w%3DzYG21%26pd_rd_wg%3DUKR28%26pf_rd_p%3Db482ac2a-0841-4219-b3c0-55fb4ffda2a0%26pf_rd_r%3DSK2KKS89ZZK1JEF0V5D8%26qid%3D1747518489%26sbo%3DRZvfv%252F%252FHxDF%252BO5021pAnSA%253D%253D%26sr%3D1-1-6c02463e-e96e-4fdb-91c8-e326f266380f-spons%26sp_csd%3Dd2lkZ2V0TmFtZT1zcF9zZWFyY2hfdGhlbWF0aWM%26psc%3D1,https://m.media-amazon.com/images/I/61Lf8CJ0vYL._AC_UL320_.jpg,278,4.3,59,,,
12,B085H8PMYB,CCOMPANY LIMITED ペンケース ルポ2セカンド 本革 イタリアンレザー 筆箱 (ネイビー),https://www.amazon.co.jp/sspa/click?ie=UTF8&spc=MToyMjg2Mjg1MDc4NDkyNjg5OjE3NDc1MTg0ODk6c3Bfc2VhcmNoX3RoZW1hdGljOjEwMzMzMDE3NzYwMzo6MTo6&url=%2FCCOMPANY-LIMITED-%25E3%2583%259A%25E3%2583%25B3%25E3%2582%25B1%25E3%2583%25BC%25E3%2582%25B9-%25E3%2583%25AB%25E3%2583%259D2%25E3%2582%25BB%25E3%2582%25AB%25E3%2583%25B3%25E3%2583%2589-%25E3%2582%25A4%25E3%2582%25BF%25E3%2583%25AA%25E3%2582%25A2%25E3%2583%25B3%25E3%2583%25AC%25E3%2582%25B6%25E3%2583%25BC%2Fdp%2FB085H8PMYB%2Fref%3Dsxin_15_pa_sp_search_thematic_sspa%3Fcontent-id%3Damzn1.sym.b482ac2a-0841-4219-b3c0-55fb4ffda2a0%253Aamzn1.sym.b482ac2a-0841-4219-b3c0-55fb4ffda2a0%26cv_ct_cx%3D%25E7%25AD%2586%25E7%25AE%25B1%26keywords%3D%25E7%25AD%2586%25E7%25AE%25B1%26pd_rd_i%3DB085H8PMYB%26pd_rd_r%3D8b4f5654-34e2-425e-b208-3c549ee9d757%26pd_rd_w%3DzYG21%26pd_rd_wg%3DUKR28%26pf_rd_p%3Db482ac2a-0841-4219-b3c0-55fb4ffda2a0%26pf_rd_r%3DSK2KKS89ZZK1JEF0V5D8%26qid%3D1747518489%26sbo%3DRZvfv%252F%252FHxDF%252BO5021pAnSA%253D%253D%26sr%3D1-2-6c02463e-e96e-4fdb-91c8-e326f266380f-spons%26sp_csd%3Dd2lkZ2V0TmFtZT1zcF9zZWFyY2hfdGhlbWF0aWM%26psc%3D1,https://m.media-amazon.com/images/I/51LKD9F46WL._AC_UL320_.jpg,770,4.5,108,,,
13,B0DWZY6Z4W,ペンケース 筆箱 大容量 おしゃれ シンプル 子供 小学生 中学生 高校生 男の子 女の子 大学生 大人 多機能 コンパクト 使いやすい (ブラック),https://www.amazon.co.jp/sspa/click?ie=UTF8&spc=MToyMjg2Mjg1MDc4NDkyNjg5OjE3NDc1MTg0ODk6c3Bfc2VhcmNoX3RoZW1hdGljOjMwMDA4MTM3OTg5Nzc2Mjo6Mjo6&url=%2FAthbeam-%25E3%2583%259A%25E3%2583%25B3%25E3%2582%25B1%25E3%2583%25BC%25E3%2582%25B9-%25E3%2581%258A%25E3%2581%2597%25E3%2582%2583%25E3%2582%258C-%25E3%2582%25B3%25E3%2583%25B3%25E3%2583%2591%25E3%2582%25AF%25E3%2583%2588-%25E4%25BD%25BF%25E3%2581%2584%25E3%2582%2584%25E3%2581%2599%25E3%2581%2584%2Fdp%2FB0DWZY6Z4W%2Fref%3Dsxin_15_pa_sp_search_thematic_sspa%3Fcontent-id%3Damzn1.sym.b482ac2a-0841-4219-b3c0-55fb4ffda2a0%253Aamzn1.sym.b482ac2a-0841-4219-b3c0-55fb4ffda2a0%26cv_ct_cx%3D%25E7%25AD%2586%25E7%25AE%25B1%26keywords%3D%25E7%25AD%2586%25E7%25AE%25B1%26pd_rd_i%3DB0DWZY6Z4W%26pd_rd_r%3D8b4f5654-34e2-425e-b208-3c549ee9d757%26pd_rd_w%3DzYG21%26pd_rd_wg%3DUKR28%26pf_rd_p%3Db482ac2a-0841-4219-b3c0-55fb4ffda2a0%26pf_rd_r%3DSK2KKS89ZZK1JEF0V5D8%26qid%3D1747518489%26sbo%3DRZvfv%252F%252FHxDF%252BO5021pAnSA%253D%253D%26sr%3D1-3-6c02463e-e96e-4fdb-91c8-e326f266380f-spons%26sp_csd%3Dd2lkZ2V0TmFtZT1zcF9zZWFyY2hfdGhlbWF0aWM%26psc%3D1,https://m.media-amazon.com/images/I/61QRbCxP4HL._AC_UL320_.jpg,200,4.4,"1,047",,,
14,B096KJNZ5V,NeedNetwork ポーチ 小物入れ 岡山デニム ペンケース メイクポーチ 筆箱 筆入れ ジッパー式ファスナー 大容量 インディゴブルー,https://www.amazon.co.jp/sspa/click?ie=UTF8&spc=MToyMjg2Mjg1MDc4NDkyNjg5OjE3NDc1MTg0ODk6c3Bfc2VhcmNoX3RoZW1hdGljOjExMTUxNjE3MjMwNDo6Mzo6&url=%2FNeedNetwork-%25E5%25B2%25A1%25E5%25B1%25B1%25E3%2583%2587%25E3%2583%258B%25E3%2583%25A0-%25E3%2583%2588%25E3%2583%25A9%25E3%2583%2599%25E3%2583%25AB%25E3%2583%259D%25E3%2583%25BC%25E3%2583%2581-%25E3%2582%25AC%25E3%2582%25B8%25E3%2582%25A7%25E3%2583%2583%25E3%2583%2588%25E3%2583%259D%25E3%2583%25BC%25E3%2583%2581-%25E3%2582%25B8%25E3%2583%2583%25E3%2583%2591%25E3%2583%25BC%25E5%25BC%258F%25E3%2583%2595%25E3%2582%25A1%25E3%2582%25B9%25E3%2583%258A%25E3%2583%25BC%2Fdp%2FB096KJNZ5V%2Fref%3Dsxin_15_pa_sp_search_thematic_sspa%3Fcontent-id%3Damzn1.sym.b482ac2a-0841-4219-b3c0-55fb4ffda2a0%253Aamzn1.sym.b482ac2a-0841-4219-b3c0-55fb4ffda2a0%26cv_ct_cx%3D%25E7%25AD%2586%25E7%25AE%25B1%26keywords%3D%25E7%25AD%2586%25E7%25AE%25B1%26pd_rd_i%3DB096KJNZ5V%26pd_rd_r%3D8b4f5654-34e2-425e-b208-3c549ee9d757%26pd_rd_w%3DzYG21%26pd_rd_wg%3DUKR28%26pf_rd_p%3Db482ac2a-0841-4219-b3c0-55fb4ffda2a0%26pf_rd_r%3DSK2KKS89ZZK1JEF0V5D8%26qid%3D1747518489%26sbo%3DRZvfv%252F%252FHxDF%252BO5021pAnSA%253D%253D%26sr%3D1-4-6c02463e-e96e-4fdb-91c8-e326f266380f-spons%26sp_csd%3Dd2lkZ2V0TmFtZT1zcF9zZWFyY2hfdGhlbWF0aWM%26psc%3D1,https://m.media-amazon.com/images/I/71ITF5DOPKS._AC_UL320_.jpg,114,4.4,171,,,
15,B08P4XLX2Y,革製 イタリアンレザー 「ペンケース」 レザーソムリエ監修 革職人設計 プレゼントにも (ブラック),https://www.amazon.co.jp/sspa/click?ie=UTF8&spc=MToyMjg2Mjg1MDc4NDkyNjg5OjE3NDc1MTg0ODk6c3Bfc2VhcmNoX3RoZW1hdGljOjMwMDA1MTE5MTY5NDA2Mjo6NDo6&url=%2F%25E3%2582%25A4%25E3%2582%25BF%25E3%2583%25AA%25E3%2582%25A2%25E3%2583%25B3%25E3%2583%25AC%25E3%2582%25B6%25E3%2583%25BC-%25E3%2580%258C%25E3%2583%259A%25E3%2583%25B3%25E3%2582%25B1%25E3%2583%25BC%25E3%2582%25B9%25E3%2580%258D-%25E3%2581%258A%25E3%2581%2597%25E3%2582%2583%25E3%2582%258C%25E3%2581%25A7%25E9%25AB%2598%25E7%25B4%259A%25E6%2584%259F-%25E9%259D%25A9%25E8%2581%25B7%25E4%25BA%25BA%25E8%25A8%25AD%25E8%25A8%2588-%25E3%2583%2597%25E3%2583%25AC%25E3%2582%25BC%25E3%2583%25B3%25E3%2583%2588%25E3%2581%25AB%25E3%2582%2582%2Fdp%2FB08P4XLX2Y%2Fref%3Dsxin_15_pa_sp_search_thematic_sspa%3Fcontent-id%3Damzn1.sym.b482ac2a-0841-4219-b3c0-55fb4ffda2a0%253Aamzn1.sym.b482ac2a-0841-4219-b3c0-55fb4ffda2a0%26cv_ct_cx%3D%25E7%25AD%2586%25E7%25AE%25B1%26keywords%3D%25E7%25AD%2586%25E7%25AE%25B1%26pd_rd_i%3DB08P4XLX2Y%26pd_rd_r%3D8b4f5654-34e2-425e-b208-3c549ee9d757%26pd_rd_w%3DzYG21%26pd_rd_wg%3DUKR28%26pf_rd_p%3Db482ac2a-0841-4219-b3c0-55fb4ffda2a0%26pf_rd_r%3DSK2KKS89ZZK1JEF0V5D8%26qid%3D1747518489%26sbo%3DRZvfv%252F%252FHxDF%252BO5021pAnSA%253D%253D%26sr%3D1-5-6c02463e-e96e-4fdb-91c8-e326f266380f-spons%26sp_csd%3Dd2lkZ2V0TmFtZT1zcF9zZWFyY2hfdGhlbWF0aWM%26psc%3D1,https://m.media-amazon.com/images/I/61xWVnm81CL._AC_UL320_.jpg,230,4.2,336,,,
16,,N/A,https://www.amazon.co.jphttps://aax-fe.amazon.co.jp/x/c/JEdHScS5L3S7onzMeqtxkBMAAAGW4DgFMAcAAAH2AQBvbm9fdHhuX2JpZDEgICBvbm9fdHhuX2ltcDEgICBmVwor/clv1_CEuOPUxokZA0iHrVYL8h4TL0Q253dqc0urIXqyXR2NpY138o9X-xe_w19HHz9hvQjq0yzpNb3XTP8SG5q2vxZiodDXmdNNrXEF8BQlxwRX6xQp8nkgZbhYPYHxyKGK9rIY-QJA-u8o8XBktilVDrYU1NLUZOD884HV93HrgxS1eQ1PuamBEzXFStNpmvOqssRHMHeJvHlJlDT3dnO8R8Yf5bksG5l94oD0zcLowv31UxlI9tr66CRFJ3pkWWnWl7FWXfMPjKtxhPimkmNJxRfSmkWVWLzyr3J-CKyOjxR48tI0mU0qe21BKQWwrGGbeh7fAj-uFNRIrqlKf5MOGGCpwr8-dbTANrgYAVy_VyMZ9y61RHN0iD7Cmh2689JGaQakBKsGfeuksTpT_LJqKDAFkDUbnoluQ8Ws8qEmYymQ1FC-wKrBtWMzxq6ahAfXMrA-SxSvXzsNmHRBMTfSyhoL1JfUmsmmW1bzFbUoN7r_H1E39g8pKg8zXtS09_UoaTt_NtzlxDEaIuwD2ElF-5yTnNaQt6YF0rNDKgXQ31NJbScQeJJC507nYTA1DKaVbCaqYOm_5qQBy4lod-isM1KS_EO0pFjyckjt0snZipukUVvauM6rU3WXn43Di-M5yGM2EME_9iEEBv485XGpRthARD2In3LDNDWycwqsV-94srOXwgSiCFh2xAhx_eWcNJ-wUFxmkx4PQY-skfHHOXPWwd2qb4bd_e1rTxJXcDOgDDizH1Yc16mwNm4N0TTtW8naJLHSzJimHs9j3NLl_ueng_rxPtDVYOkcFpf90NWhvP_1EWZOpAmhs_nr6WX2jHZPaLbCxd6yHsueZtA9B8qJ-kjUA_zf6xMuOCm8j9vGmRgVXhylIt6gjBrF6AsBn8rvwVp_wipw_qBfEfVOEWBc-70OXrpCFuFDc5ND3MmAD90gNxI3YuOXZzaj3E61WawSiPS9_C742RsOy52Am2aq5IBc6eJp3g6W2xUhEjPuUWQy1AF01TEaXX6gveMl0ZMzm2r7xP7TApeZ476r2oyTRuvAtCBM-bsVhbyZJ5uSVeVHCDBryYHha6WatcHelDSVyZI-DuLDADH4eFZ5ahnvzteiXlwY4ZT_M5MSk2D4e-UEaIJrhYondYDf6QptrDntYTEtLzkGkLDtl6h0gPUGMhYZHiF3CHApI2tLOgnrKA6Dqn7Gf604sevj1JePsdN3q7d33t6F-kWBcygE_tO_zHzOlOtIxPyDqZhaIUITP8M3AzZ0CFoEmhghcuJpXHKKwqsPesVln4T65IB5kd83ky7qVZ14uHgBeNqXGwMrXuKeowYN3rnvgxnBiJ748WObM1exWjx0KRiOhxCgAV3f2z3IQHw0dnDuxlZr1shK8rtVXPKG6MgYu8LnyCdZZnNUfbUF_wSBryByEjbICbbJuepR6MNmJ0nLs6-NLekzxNcAQiyLITEtMlDzXtPCOloC8wO3joj-OoxQX7LA7BfH3WxwCMXN4d4J4a-dUE30cB9HTNPBGvC3gv-JItiuG9gif6aQcReZhKa6rjKds2FBe4ntzkLE6-Hm2lLIY0gp661_Svw462O7xALvsGm8xTJZbeNm3t8KX9F9XtOhwuYgES5s_yjYsu4IbF2U3GxuPPc1vYDwuYlQZWhn1EX4u4XCrOIEfXybssU3CsriNvzY8idHLUKnd-EJhD_O88bM6UKNIU4t7-MR3lOhMcM2grMG8cCmcQRdzm0xkoWSDFZ28UIYqDBk5fwpwwcjODhwH3zrOEg71RKscJg2bXWsIurpRWlk23p7FnM-9tP4BEwV8yGsDxsRjacOW9LBLIo43eEZyCqbM72_hVJ7iwtf10-h8-HuxLMot0-bKFE1D0M76Mto5MNe-Ie_gXRTIqvDFf1uvZKb62uTwfYKuKErVxXLO1AEl2vue__id6Rxb9PsR9-UQxle0R0Rz-UT5K7Y8zi0dfvmA/https://www.amazon.co.jp/stores/page/64C7A4ED-21E5-4124-B1E8-41B40363C72E/?_encoding=UTF8&pd_rd_plhdr=t&pd_rd_i=B0BGBWT34D&ref_=sbx_be_s_sparkle_ssd_bkg&store_ref=SBV_A23H7FCGZATEI7-A30O7PYWPODCQ4&lp_asins=B0BGBWT34D&pd_rd_w=QoYPE&content-id=amzn1.sym.1dd7d888-372a-4e19-975e-cdc3e638ab43%3Aamzn1.sym.1dd7d888-372a-4e19-975e-cdc3e638ab43&pf_rd_p=1dd7d888-372a-4e19-975e-cdc3e638ab43&pf_rd_r=SK2KKS89ZZK1JEF0V5D8&pd_rd_wg=UKR28&pd_rd_r=8b4f5654-34e2-425e-b208-3c549ee9d757,N/A,N/A,N/A,48,,,
17,,N/A,N/A,N/A,N/A,N/A,709,,,
18,B004WMWEB0,リヒトラブ ペンケース[2ウェイタイプ] 黒 A7552-24,https://www.amazon.co.jp/%E3%83%AA%E3%83%92%E3%83%88%E3%83%A9%E3%83%96-%E3%83%9A%E3%83%B3%E3%82%B1%E3%83%BC%E3%82%B9-A7552-24-%E9%BB%92-2WAY%E3%82%BF%E3%82%A4%E3%83%97/dp/B004WMWEB0/ref=sr_1_8?dib=eyJ2IjoiMSJ9.FUwT9ARtPgvr-41yp0qa-ETR3VJrD7nWUBqfcLfCwlakVRTwg7OlURHSxM8s_B5QCbUgxDGGJB6HbrnuWVSipCJDKwi3gjM6R2dSxkZabp3ve6vYeP3dg3ThtCLjkDzXWZBZiIL7vfwDx6NAi9jH5AxMVu53XD9qqN8OVqMLug6_VtMfOpnj12bp4NsyXOO86pEbxps0ab7VhRIYmTJNcStIf0zM0XnWMviJb3pZ9fNQrCOQWfYZetmrk4MCT5HH_C9ytbxZQmDyIk1RjlaBaAbEaYsAYLRoEYf6AP-vfOU.IxZUrxaYSfd6vHZMSIPszi-egygGqa8GOHIJk0zjt_o&dib_tag=se&keywords=%E7%AD%86%E7%AE%B1&qid=1747518489&sr=8-8,https://m.media-amazon.com/images/I/61M0XogaRlL._AC_UL320_.jpg,18509,4.3,784,,,
19,B0967DZBYH,ProCase ペンケース、EVAハードシェル 筆箱 2層 大容量 文具ポーチ 学生用・事務用品 手首付き -ブラック,https://www.amazon.co.jp/ProCase-%E3%83%9A%E3%83%B3%E3%82%B1%E3%83%BC%E3%82%B9%E3%80%81EVA%E3%83%8F%E3%83%BC%E3%83%89%E3%82%B7%E3%82%A7%E3%83%AB-%E6%96%87%E5%85%B7%E3%83%9D%E3%83%BC%E3%83%81-%E5%AD%A6%E7%94%9F%E7%94%A8%E3%83%BB%E4%BA%8B%E5%8B%99%E7%94%A8%E5%93%81-%E3%83%96%E3%83%A9%E3%83%83%E3%82%AF/dp/B0967DZBYH/ref=sr_1_9?dib=eyJ2IjoiMSJ9.FUwT9ARtPgvr-41yp0qa-ETR3VJrD7nWUBqfcLfCwlakVRTwg7OlURHSxM8s_B5QCbUgxDGGJB6HbrnuWVSipCJDKwi3gjM6R2dSxkZabp3ve6vYeP3dg3ThtCLjkDzXWZBZiIL7vfwDx6NAi9jH5AxMVu53XD9qqN8OVqMLug6_VtMfOpnj12bp4NsyXOO86pEbxps0ab7VhRIYmTJNcStIf0zM0XnWMviJb3pZ9fNQrCOQWfYZetmrk4MCT5HH_C9ytbxZQmDyIk1RjlaBaAbEaYsAYLRoEYf6AP-vfOU.IxZUrxaYSfd6vHZMSIPszi-egygGqa8GOHIJk0zjt_o&dib_tag=se&keywords=%E7%AD%86%E7%AE%B1&qid=1747518489&sr=8-9,https://m.media-amazon.com/images/I/81LGHxJyFlS._AC_UL320_.jpg,1447,4.2,329,,,
20,B00777SX7Q,三菱鉛筆 筆箱 ユニパレット 両開き 青 P1000BT300,https://www.amazon.co.jp/%E4%B8%89%E8%8F%B1%E9%89%9B%E7%AD%86-%E7%AD%86%E7%AE%B1-%E3%83%A6%E3%83%8B%E3%83%91%E3%83%AC%E3%83%83%E3%83%88-%E4%B8%A1%E9%96%8B%E3%81%8D-P1000BT300/dp/B00777SX7Q/ref=sr_1_10?dib=eyJ2IjoiMSJ9.FUwT9ARtPgvr-41yp0qa-ETR3VJrD7nWUBqfcLfCwlakVRTwg7OlURHSxM8s_B5QCbUgxDGGJB6HbrnuWVSipCJDKwi3gjM6R2dSxkZabp3ve6vYeP3dg3ThtCLjkDzXWZBZiIL7vfwDx6NAi9jH5AxMVu53XD9qqN8OVqMLug6_VtMfOpnj12bp4NsyXOO86pEbxps0ab7VhRIYmTJNcStIf0zM0XnWMviJb3pZ9fNQrCOQWfYZetmrk4MCT5HH_C9ytbxZQmDyIk1RjlaBaAbEaYsAYLRoEYf6AP-vfOU.IxZUrxaYSfd6vHZMSIPszi-egygGqa8GOHIJk0zjt_o&dib_tag=se&keywords=%E7%AD%86%E7%AE%B1&qid=1747518489&sr=8-10,https://m.media-amazon.com/images/I/61lgNZYaijL._AC_UL320_.jpg,608,4.3,785,,,
21,B0DYJFKMQ9,ペンケース 筆箱 革 大容量 スリム レザー 大人 革筆箱 本革 手作り シンプル おしゃれ 軽量 ビジネス メンズ レディース スムーズなファスナー 万年筆 ペン 文房具 父の日 母の日 プレゼント (ブラック),https://www.amazon.co.jp/sspa/click?ie=UTF8&spc=MTo3MTUxNDA5MjkzOTc1MzE4OjE3NDc1MTg0ODk6c3BfbXRmOjMwMDA4NzgzMjQyMTY2Mjo6MDo6&url=%2FFENSPARK-%25E3%2583%259A%25E3%2583%25B3%25E3%2582%25B1%25E3%2583%25BC%25E3%2582%25B9-%25E3%2583%25AC%25E3%2583%2587%25E3%2582%25A3%25E3%2583%25BC%25E3%2582%25B9-%25E3%2582%25B9%25E3%2583%25A0%25E3%2583%25BC%25E3%2582%25BA%25E3%2581%25AA%25E3%2583%2595%25E3%2582%25A1%25E3%2582%25B9%25E3%2583%258A%25E3%2583%25BC-%25E3%2583%2597%25E3%2583%25AC%25E3%2582%25BC%25E3%2583%25B3%25E3%2583%2588%2Fdp%2FB0DYJFKMQ9%2Fref%3Dsr_1_11_sspa%3Fdib%3DeyJ2IjoiMSJ9.FUwT9ARtPgvr-41yp0qa-ETR3VJrD7nWUBqfcLfCwlakVRTwg7OlURHSxM8s_B5QCbUgxDGGJB6HbrnuWVSipCJDKwi3gjM6R2dSxkZabp3ve6vYeP3dg3ThtCLjkDzXWZBZiIL7vfwDx6NAi9jH5AxMVu53XD9qqN8OVqMLug6_VtMfOpnj12bp4NsyXOO86pEbxps0ab7VhRIYmTJNcStIf0zM0XnWMviJb3pZ9fNQrCOQWfYZetmrk4MCT5HH_C9ytbxZQmDyIk1RjlaBaAbEaYsAYLRoEYf6AP-vfOU.IxZUrxaYSfd6vHZMSIPszi-egygGqa8GOHIJk0zjt_o%26dib_tag%3Dse%26keywords%3D%25E7%25AD%2586%25E7%25AE%25B1%26qid%3D1747518489%26sr%3D8-11-spons%26sp_csd%3Dd2lkZ2V0TmFtZT1zcF9tdGY%26psc%3D1,https://m.media-amazon.com/images/I/71g4DHOkLbL._AC_UL320_.jpg,8,4.8,59,,,
22,B0BGBQ2SZQ,YOKUMA ペンケース 筆箱 ポーチ 透明 おしゃれ シンプル 大容量 多機能 大人 高校生 中学生 男の子 女の子 大学生 小学生 子供用 (ブラック),https://www.amazon.co.jp/sspa/click?ie=UTF8&spc=MTo3MTUxNDA5MjkzOTc1MzE4OjE3NDc1MTg0ODk6c3BfbXRmOjEyMzUzNTE2NDM5ODo6MDo6&url=%2FYOKUMA-%25E3%2583%259A%25E3%2583%25B3%25E3%2582%25B1%25E3%2583%25BC%25E3%2582%25B9-%25E3%2581%258A%25E3%2581%2597%25E3%2582%2583%25E3%2582%258C-%25E3%2582%25B7%25E3%2583%25B3%25E3%2583%2597%25E3%2583%25AB-%25E3%2583%2596%25E3%2583%25A9%25E3%2583%2583%25E3%2582%25AF%2Fdp%2FB0BGBQ2SZQ%2Fref%3Dsr_1_12_sspa%3Fdib%3DeyJ2IjoiMSJ9.FUwT9ARtPgvr-41yp0qa-ETR3VJrD7nWUBqfcLfCwlakVRTwg7OlURHSxM8s_B5QCbUgxDGGJB6HbrnuWVSipCJDKwi3gjM6R2dSxkZabp3ve6vYeP3dg3ThtCLjkDzXWZBZiIL7vfwDx6NAi9jH5AxMVu53XD9qqN8OVqMLug6_VtMfOpnj12bp4NsyXOO86pEbxps0ab7VhRIYmTJNcStIf0zM0XnWMviJb3pZ9fNQrCOQWfYZetmrk4MCT5HH_C9ytbxZQmDyIk1RjlaBaAbEaYsAYLRoEYf6AP-vfOU.IxZUrxaYSfd6vHZMSIPszi-egygGqa8GOHIJk0zjt_o%26dib_tag%3Dse%26keywords%3D%25E7%25AD%2586%25E7%25AE%25B1%26qid%3D1747518489%26sr%3D8-12-spons%26sp_csd%3Dd2lkZ2V0TmFtZT1zcF9tdGY%26psc%3D1,https://m.media-amazon.com/images/I/71oUBwSu5kL._AC_UL320_.jpg,950,4.4,322,,,
23,B0D1Y5LXP5,YOKUMA 筆箱 ペンケース おしゃれ シンプル 大容量 多機能 大人 高校生 中学生 男の子 女の子 大学生 小学生 子供用 (ピンク),https://www.amazon.co.jp/sspa/click?ie=UTF8&spc=MTo3MTUxNDA5MjkzOTc1MzE4OjE3NDc1MTg0ODk6c3BfbXRmOjMwMDA4ODM5NDY3MzU2Mjo6MDo6&url=%2FYOKUMA-%25E3%2583%259A%25E3%2583%25B3%25E3%2582%25B1%25E3%2583%25BC%25E3%2582%25B9-%25E3%2581%258A%25E3%2581%2597%25E3%2582%2583%25E3%2582%258C-%25E3%2582%25B7%25E3%2583%25B3%25E3%2583%2597%25E3%2583%25AB-%25E5%25A4%25A7%25E5%25AE%25B9%25E9%2587%258F%2Fdp%2FB0D1Y5LXP5%2Fref%3Dsr_1_13_sspa%3Fdib%3DeyJ2IjoiMSJ9.FUwT9ARtPgvr-41yp0qa-ETR3VJrD7nWUBqfcLfCwlakVRTwg7OlURHSxM8s_B5QCbUgxDGGJB6HbrnuWVSipCJDKwi3gjM6R2dSxkZabp3ve6vYeP3dg3ThtCLjkDzXWZBZiIL7vfwDx6NAi9jH5AxMVu53XD9qqN8OVqMLug6_VtMfOpnj12bp4NsyXOO86pEbxps0ab7VhRIYmTJNcStIf0zM0XnWMviJb3pZ9fNQrCOQWfYZetmrk4MCT5HH_C9ytbxZQmDyIk1RjlaBaAbEaYsAYLRoEYf6AP-vfOU.IxZUrxaYSfd6vHZMSIPszi-egygGqa8GOHIJk0zjt_o%26dib_tag%3Dse%26keywords%3D%25E7%25AD%2586%25E7%25AE%25B1%26qid%3D1747518489%26sr%3D8-13-spons%26sp_csd%3Dd2lkZ2V0TmFtZT1zcF9tdGY%26psc%3D1,https://m.media-amazon.com/images/I/81lypkTKdiL._AC_UL320_.jpg,1939,4.2,796,,,
24,B0BXK9YKLG,YOKUMA ペンケース 筆箱 大容量 おしゃれ シンプル 小学生 大人 中学生 高校生 大学生 男の子 女の子 子供用 ふでばこ 多機能 (ブラック),https://www.amazon.co.jp/sspa/click?ie=UTF8&spc=MTo3MTUxNDA5MjkzOTc1MzE4OjE3NDc1MTg0ODk6c3BfbXRmOjMwMDAxNjIwNDk4ODQ2Mjo6MDo6&url=%2FYOKUMA-%25E3%2583%259A%25E3%2583%25B3%25E3%2582%25B1%25E3%2583%25BC%25E3%2582%25B9-%25E3%2581%258A%25E3%2581%2597%25E3%2582%2583%25E3%2582%258C-%25E3%2582%25B7%25E3%2583%25B3%25E3%2583%2597%25E3%2583%25AB-%25E3%2581%25B5%25E3%2581%25A7%25E3%2581%25B0%25E3%2581%2593%2Fdp%2FB0BXK9YKLG%2Fref%3Dsr_1_14_sspa%3Fdib%3DeyJ2IjoiMSJ9.FUwT9ARtPgvr-41yp0qa-ETR3VJrD7nWUBqfcLfCwlakVRTwg7OlURHSxM8s_B5QCbUgxDGGJB6HbrnuWVSipCJDKwi3gjM6R2dSxkZabp3ve6vYeP3dg3ThtCLjkDzXWZBZiIL7vfwDx6NAi9jH5AxMVu53XD9qqN8OVqMLug6_VtMfOpnj12bp4NsyXOO86pEbxps0ab7VhRIYmTJNcStIf0zM0XnWMviJb3pZ9fNQrCOQWfYZetmrk4MCT5HH_C9ytbxZQmDyIk1RjlaBaAbEaYsAYLRoEYf6AP-vfOU.IxZUrxaYSfd6vHZMSIPszi-egygGqa8GOHIJk0zjt_o%26dib_tag%3Dse%26keywords%3D%25E7%25AD%2586%25E7%25AE%25B1%26qid%3D1747518489%26sr%3D8-14-spons%26sp_csd%3Dd2lkZ2V0TmFtZT1zcF9tdGY%26psc%3D1,https://m.media-amazon.com/images/I/71y4AQwGNkL._AC_UL320_.jpg,795,4.3,N/A,,,
25,B08HHZYZ96,レイメイ藤井 ペンケース 筆箱 ケプト Kept クリア ペンケース ネイビー KPF603K,https://www.amazon.co.jp/%E3%83%AC%E3%82%A4%E3%83%A1%E3%82%A4%E8%97%A4%E4%BA%95-%E3%83%9A%E3%83%B3%E3%82%B1%E3%83%BC%E3%82%B9-Kept-%E3%82%AF%E3%83%AA%E3%82%A2%E3%83%9A%E3%83%B3%E3%82%B1%E3%83%BC%E3%82%B9-KPF603K/dp/B08HHZYZ96/ref=sr_1_15?dib=eyJ2IjoiMSJ9.FUwT9ARtPgvr-41yp0qa-ETR3VJrD7nWUBqfcLfCwlakVRTwg7OlURHSxM8s_B5QCbUgxDGGJB6HbrnuWVSipCJDKwi3gjM6R2dSxkZabp3ve6vYeP3dg3ThtCLjkDzXWZBZiIL7vfwDx6NAi9jH5AxMVu53XD9qqN8OVqMLug6_VtMfOpnj12bp4NsyXOO86pEbxps0ab7VhRIYmTJNcStIf0zM0XnWMviJb3pZ9fNQrCOQWfYZetmrk4MCT5HH_C9ytbxZQmDyIk1RjlaBaAbEaYsAYLRoEYf6AP-vfOU.IxZUrxaYSfd6vHZMSIPszi-egygGqa8GOHIJk0zjt_o&dib_tag=se&keywords=%E7%AD%86%E7%AE%B1&qid=1747518489&sr=8-15,https://m.media-amazon.com/images/I/71RB7LI0fSL._AC_UL320_.jpg,997,4.4,N/A,,,
26,B09KZJ8D6V,[レイメイ藤井] 筆箱 レイメイ藤井 トップライナーペンケース FSB133 ブラック,https://www.amazon.co.jp/%E3%83%AC%E3%82%A4%E3%83%A1%E3%82%A4%E8%97%A4%E4%BA%95-%E3%83%9A%E3%83%B3%E3%82%B1%E3%83%BC%E3%82%B9-%E3%83%88%E3%83%83%E3%83%97%E3%83%A9%E3%82%A4%E3%83%8A%E3%83%BC-%E3%83%9D%E3%82%B1%E3%83%83%E3%83%88%E4%BB%98-FSB133B/dp/B09KZJ8D6V/ref=sr_1_16?dib=eyJ2IjoiMSJ9.FUwT9ARtPgvr-41yp0qa-ETR3VJrD7nWUBqfcLfCwlakVRTwg7OlURHSxM8s_B5QCbUgxDGGJB6HbrnuWVSipCJDKwi3gjM6R2dSxkZabp3ve6vYeP3dg3ThtCLjkDzXWZBZiIL7vfwDx6NAi9jH5AxMVu53XD9qqN8OVqMLug6_VtMfOpnj12bp4NsyXOO86pEbxps0ab7VhRIYmTJNcStIf0zM0XnWMviJb3pZ9fNQrCOQWfYZetmrk4MCT5HH_C9ytbxZQmDyIk1RjlaBaAbEaYsAYLRoEYf6AP-vfOU.IxZUrxaYSfd6vHZMSIPszi-egygGqa8GOHIJk0zjt_o&dib_tag=se&keywords=%E7%AD%86%E7%AE%B1&qid=1747518489&sr=8-16,https://m.media-amazon.com/images/I/81XCkBDptVL._AC_UL320_.jpg,284,4.3,N/A,,,
27,B0CLRGKSXC,ソニック ペンケース カクスタ ポータブルペン立て シリコンタイプ,https://www.amazon.co.jp/Sonic-%E3%83%9A%E3%83%B3%E3%82%B1%E3%83%BC%E3%82%B9-%E3%82%AB%E3%82%AF%E3%82%B9%E3%82%BF-%E3%82%B0%E3%83%AC%E3%83%BC/dp/B0CLRGKSXC/ref=sr_1_17?dib=eyJ2IjoiMSJ9.FUwT9ARtPgvr-41yp0qa-ETR3VJrD7nWUBqfcLfCwlakVRTwg7OlURHSxM8s_B5QCbUgxDGGJB6HbrnuWVSipCJDKwi3gjM6R2dSxkZabp3ve6vYeP3dg3ThtCLjkDzXWZBZiIL7vfwDx6NAi9jH5AxMVu53XD9qqN8OVqMLug6_VtMfOpnj12bp4NsyXOO86pEbxps0ab7VhRIYmTJNcStIf0zM0XnWMviJb3pZ9fNQrCOQWfYZetmrk4MCT5HH_C9ytbxZQmDyIk1RjlaBaAbEaYsAYLRoEYf6AP-vfOU.IxZUrxaYSfd6vHZMSIPszi-egygGqa8GOHIJk0zjt_o&dib_tag=se&keywords=%E7%AD%86%E7%AE%B1&qid=1747518489&sr=8-17,https://m.media-amazon.com/images/I/512cA1zzjNL._AC_UL320_.jpg,161,4.4,N/A,,,
28,B09X56YKLC,"ペンケース 大容量 おしゃれ シンプル 便利 韓国 ペン入れ 筆箱 小物入れ 高校生 中学生 男の子 女の子 文房具 (ライトグレー, Ｂタイプ)",https://www.amazon.co.jp/ZEWZE-%E3%83%9A%E3%83%B3%E3%82%B1%E3%83%BC%E3%82%B9-%E3%81%8A%E3%81%97%E3%82%83%E3%82%8C-%E3%82%B7%E3%83%B3%E3%83%97%E3%83%AB-%E3%83%A9%E3%82%A4%E3%83%88%E3%82%B0%E3%83%AC%E3%83%BC/dp/B09X56YKLC/ref=sr_1_18?dib=eyJ2IjoiMSJ9.FUwT9ARtPgvr-41yp0qa-ETR3VJrD7nWUBqfcLfCwlakVRTwg7OlURHSxM8s_B5QCbUgxDGGJB6HbrnuWVSipCJDKwi3gjM6R2dSxkZabp3ve6vYeP3dg3ThtCLjkDzXWZBZiIL7vfwDx6NAi9jH5AxMVu53XD9qqN8OVqMLug6_VtMfOpnj12bp4NsyXOO86pEbxps0ab7VhRIYmTJNcStIf0zM0XnWMviJb3pZ9fNQrCOQWfYZetmrk4MCT5HH_C9ytbxZQmDyIk1RjlaBaAbEaYsAYLRoEYf6AP-vfOU.IxZUrxaYSfd6vHZMSIPszi-egygGqa8GOHIJk0zjt_o&dib_tag=se&keywords=%E7%AD%86%E7%AE%B1&qid=1747518489&sr=8-18,https://m.media-amazon.com/images/I/61nlS3g7QGL._AC_UL320_.jpg,278,4.3,N/A,,,
29,B08NT59KSQ,ProCase ペンケース 大容量 シンプル筆箱 ジッパー付き 学生用 社会人用 多機能 –ブラック,https://www.amazon.co.jp/sspa/click?ie=UTF8&spc=MTo3MTUxNDA5MjkzOTc1MzE4OjE3NDc1MTg0ODk6c3BfbXRmOjEwNjgyMjczNTUwMzo6MDo6&url=%2FProCase-%25E3%2583%259A%25E3%2583%25B3%25E3%2582%25B1%25E3%2583%25BC%25E3%2582%25B9-%25E3%2582%25B7%25E3%2583%25B3%25E3%2583%2597%25E3%2583%25AB%25E7%25AD%2586%25E7%25AE%25B1-%25E3%2582%25B8%25E3%2583%2583%25E3%2583%2591%25E3%2583%25BC%25E4%25BB%2598%25E3%2581%258D-%25E2%2580%2593%25E3%2583%2596%25E3%2583%25A9%25E3%2583%2583%25E3%2582%25AF%2Fdp%2FB08NT59KSQ%2Fref%3Dsr_1_19_sspa%3Fdib%3DeyJ2IjoiMSJ9.FUwT9ARtPgvr-41yp0qa-ETR3VJrD7nWUBqfcLfCwlakVRTwg7OlURHSxM8s_B5QCbUgxDGGJB6HbrnuWVSipCJDKwi3gjM6R2dSxkZabp3ve6vYeP3dg3ThtCLjkDzXWZBZiIL7vfwDx6NAi9jH5AxMVu53XD9qqN8OVqMLug6_VtMfOpnj12bp4NsyXOO86pEbxps0ab7VhRIYmTJNcStIf0zM0XnWMviJb3pZ9fNQrCOQWfYZetmrk4MCT5HH_C9ytbxZQmDyIk1RjlaBaAbEaYsAYLRoEYf6AP-vfOU.IxZUrxaYSfd6vHZMSIPszi-egygGqa8GOHIJk0zjt_o%26dib_tag%3Dse%26keywords%3D%25E7%25AD%2586%25E7%25AE%25B1%26qid%3D1747518489%26sr%3D8-19-spons%26sp_csd%3Dd2lkZ2V0TmFtZT1zcF9tdGY%26psc%3D1,https://m.media-amazon.com/images/I/81j8V+LlEtS._AC_UL320_.jpg,682,4.4,N/A,,,
30,B09P73LWKS,[MALFY] 新型 高級牛革 ペンケース Mサイズ おしゃれ 本革 クレイジーホースレザー 職人手作り 大容量 筆箱 各サイズ 5色 レトロなノートクリップ付き (濃茶),https://www.amazon.co.jp/sspa/click?ie=UTF8&spc=MTo3MTUxNDA5MjkzOTc1MzE4OjE3NDc1MTg0ODk6c3BfbXRmOjMwMDA4MzkxNDg5Nzk2Mjo6MDo6&url=%2FMALFY-%25E3%2583%259A%25E3%2583%25B3%25E3%2582%25B1%25E3%2583%25BC%25E3%2582%25B9-%25E3%2582%25AF%25E3%2583%25AC%25E3%2582%25A4%25E3%2582%25B8%25E3%2583%25BC%25E3%2583%259B%25E3%2583%25BC%25E3%2582%25B9%25E3%2583%25AC%25E3%2582%25B6%25E3%2583%25BC-%25E8%2581%25B7%25E4%25BA%25BA%25E6%2589%258B%25E4%25BD%259C%25E3%2582%258A-%25E3%2583%25AC%25E3%2583%2588%25E3%2583%25AD%25E3%2581%25AA%25E3%2583%258E%25E3%2583%25BC%25E3%2583%2588%25E3%2582%25AF%25E3%2583%25AA%25E3%2583%2583%25E3%2583%2597%25E4%25BB%2598%25E3%2581%258D%2Fdp%2FB09P73LWKS%2Fref%3Dsr_1_20_sspa%3Fdib%3DeyJ2IjoiMSJ9.FUwT9ARtPgvr-41yp0qa-ETR3VJrD7nWUBqfcLfCwlakVRTwg7OlURHSxM8s_B5QCbUgxDGGJB6HbrnuWVSipCJDKwi3gjM6R2dSxkZabp3ve6vYeP3dg3ThtCLjkDzXWZBZiIL7vfwDx6NAi9jH5AxMVu53XD9qqN8OVqMLug6_VtMfOpnj12bp4NsyXOO86pEbxps0ab7VhRIYmTJNcStIf0zM0XnWMviJb3pZ9fNQrCOQWfYZetmrk4MCT5HH_C9ytbxZQmDyIk1RjlaBaAbEaYsAYLRoEYf6AP-vfOU.IxZUrxaYSfd6vHZMSIPszi-egygGqa8GOHIJk0zjt_o%26dib_tag%3Dse%26keywords%3D%25E7%25AD%2586%25E7%25AE%25B1%26qid%3D1747518489%26sr%3D8-20-spons%26sp_csd%3Dd2lkZ2V0TmFtZT1zcF9tdGY%26psc%3D1,https://m.media-amazon.com/images/I/71N6mAjr0YL._AC_UL320_.jpg,6,2.8,N/A,,,
31,B0D8TD85VC,atelierCODEL ペンケース 筆箱 革 レザーペンケース 栃木レザー 最高級の革の肌触り (ブラック),https://www.amazon.co.jp/sspa/click?ie=UTF8&spc=MTo3MTUxNDA5MjkzOTc1MzE4OjE3NDc1MTg0ODk6c3BfbXRmOjMwMDA1ODQyMzk1Mzc2Mjo6MDo6&url=%2FatelierCODEL-%25E3%2583%259A%25E3%2583%25B3%25E3%2582%25B1%25E3%2583%25BC%25E3%2582%25B9-%25E3%2583%25AC%25E3%2582%25B6%25E3%2583%25BC%25E3%2583%259A%25E3%2583%25B3%25E3%2582%25B1%25E3%2583%25BC%25E3%2582%25B9-%25E6%25A0%2583%25E6%259C%25A8%25E3%2583%25AC%25E3%2582%25B6%25E3%2583%25BC-%25E6%259C%2580%25E9%25AB%2598%25E7%25B4%259A%25E3%2581%25AE%25E9%259D%25A9%25E3%2581%25AE%25E8%2582%258C%25E8%25A7%25A6%25E3%2582%258A%2Fdp%2FB0D8TD85VC%2Fref%3Dsr_1_21_sspa%3Fdib%3DeyJ2IjoiMSJ9.FUwT9ARtPgvr-41yp0qa-ETR3VJrD7nWUBqfcLfCwlakVRTwg7OlURHSxM8s_B5QCbUgxDGGJB6HbrnuWVSipCJDKwi3gjM6R2dSxkZabp3ve6vYeP3dg3ThtCLjkDzXWZBZiIL7vfwDx6NAi9jH5AxMVu53XD9qqN8OVqMLug6_VtMfOpnj12bp4NsyXOO86pEbxps0ab7VhRIYmTJNcStIf0zM0XnWMviJb3pZ9fNQrCOQWfYZetmrk4MCT5HH_C9ytbxZQmDyIk1RjlaBaAbEaYsAYLRoEYf6AP-vfOU.IxZUrxaYSfd6vHZMSIPszi-egygGqa8GOHIJk0zjt_o%26dib_tag%3Dse%26keywords%3D%25E7%25AD%2586%25E7%25AE%25B1%26qid%3D1747518489%26sr%3D8-21-spons%26sp_csd%3Dd2lkZ2V0TmFtZT1zcF9tdGY%26psc%3D1,https://m.media-amazon.com/images/I/71GhQz+8MSL._AC_UL320_.jpg,36,4.3,N/A,,,
32,B096KJNZ5V,NeedNetwork ポーチ 小物入れ 岡山デニム ペンケース メイクポーチ 筆箱 筆入れ ジッパー式ファスナー 大容量 インディゴブルー,https://www.amazon.co.jp/sspa/click?ie=UTF8&spc=MTo3MTUxNDA5MjkzOTc1MzE4OjE3NDc1MTg0ODk6c3BfbXRmOjExMTUxNjE3MjMwNDo6MDo6&url=%2FNeedNetwork-%25E5%25B2%25A1%25E5%25B1%25B1%25E3%2583%2587%25E3%2583%258B%25E3%2583%25A0-%25E3%2583%2588%25E3%2583%25A9%25E3%2583%2599%25E3%2583%25AB%25E3%2583%259D%25E3%2583%25BC%25E3%2583%2581-%25E3%2582%25AC%25E3%2582%25B8%25E3%2582%25A7%25E3%2583%2583%25E3%2583%2588%25E3%2583%259D%25E3%2583%25BC%25E3%2583%2581-%25E3%2582%25B8%25E3%2583%2583%25E3%2583%2591%25E3%2583%25BC%25E5%25BC%258F%25E3%2583%2595%25E3%2582%25A1%25E3%2582%25B9%25E3%2583%258A%25E3%2583%25BC%2Fdp%2FB096KJNZ5V%2Fref%3Dsr_1_22_sspa%3Fdib%3DeyJ2IjoiMSJ9.FUwT9ARtPgvr-41yp0qa-ETR3VJrD7nWUBqfcLfCwlakVRTwg7OlURHSxM8s_B5QCbUgxDGGJB6HbrnuWVSipCJDKwi3gjM6R2dSxkZabp3ve6vYeP3dg3ThtCLjkDzXWZBZiIL7vfwDx6NAi9jH5AxMVu53XD9qqN8OVqMLug6_VtMfOpnj12bp4NsyXOO86pEbxps0ab7VhRIYmTJNcStIf0zM0XnWMviJb3pZ9fNQrCOQWfYZetmrk4MCT5HH_C9ytbxZQmDyIk1RjlaBaAbEaYsAYLRoEYf6AP-vfOU.IxZUrxaYSfd6vHZMSIPszi-egygGqa8GOHIJk0zjt_o%26dib_tag%3Dse%26keywords%3D%25E7%25AD%2586%25E7%25AE%25B1%26qid%3D1747518489%26sr%3D8-22-spons%26sp_csd%3Dd2lkZ2V0TmFtZT1zcF9tdGY%26psc%3D1,https://m.media-amazon.com/images/I/71ITF5DOPKS._AC_UL320_.jpg,114,4.4,N/A,,,
33,B097RY1D41,無印良品 ナイロンメッシュペンケース マチ付 マチ5cm,https://www.amazon.co.jp/%E7%84%A1%E5%8D%B0%E8%89%AF%E5%93%81-%E3%83%8A%E3%82%A4%E3%83%AD%E3%83%B3%E3%83%9A%E3%83%B3%E3%82%B1%E3%83%BC%E3%82%B9-%E3%83%9E%E3%83%81%E4%BB%98%E3%81%8D-%E3%82%B0%E3%83%AC%E3%83%BC-17x10cm/dp/B097RY1D41/ref=sr_1_23?dib=eyJ2IjoiMSJ9.FUwT9ARtPgvr-41yp0qa-ETR3VJrD7nWUBqfcLfCwlakVRTwg7OlURHSxM8s_B5QCbUgxDGGJB6HbrnuWVSipCJDKwi3gjM6R2dSxkZabp3ve6vYeP3dg3ThtCLjkDzXWZBZiIL7vfwDx6NAi9jH5AxMVu53XD9qqN8OVqMLug6_VtMfOpnj12bp4NsyXOO86pEbxps0ab7VhRIYmTJNcStIf0zM0XnWMviJb3pZ9fNQrCOQWfYZetmrk4MCT5HH_C9ytbxZQmDyIk1RjlaBaAbEaYsAYLRoEYf6AP-vfOU.IxZUrxaYSfd6vHZMSIPszi-egygGqa8GOHIJk0zjt_o&dib_tag=se&keywords=%E7%AD%86%E7%AE%B1&qid=1747518489&sr=8-23,https://m.media-amazon.com/images/I/71qnBLvRr9L._AC_UL320_.jpg,13,4.3,N/A,,,
34,B09NN2WQKM,YOKUMA 筆箱 ペンケース おしゃれ シンプル 大容量 多機能 大人 高校生 中学生 男の子 女の子 大学生 小学生 子供用 (ブラック),https://www.amazon.co.jp/YOKUMA-%E3%83%9A%E3%83%B3%E3%82%B1%E3%83%BC%E3%82%B9-%E3%81%8A%E3%81%97%E3%82%83%E3%82%8C-%E3%82%B7%E3%83%B3%E3%83%97%E3%83%AB-%E3%83%96%E3%83%A9%E3%83%83%E3%82%AF/dp/B09NN2WQKM/ref=sr_1_24?dib=eyJ2IjoiMSJ9.FUwT9ARtPgvr-41yp0qa-ETR3VJrD7nWUBqfcLfCwlakVRTwg7OlURHSxM8s_B5QCbUgxDGGJB6HbrnuWVSipCJDKwi3gjM6R2dSxkZabp3ve6vYeP3dg3ThtCLjkDzXWZBZiIL7vfwDx6NAi9jH5AxMVu53XD9qqN8OVqMLug6_VtMfOpnj12bp4NsyXOO86pEbxps0ab7VhRIYmTJNcStIf0zM0XnWMviJb3pZ9fNQrCOQWfYZetmrk4MCT5HH_C9ytbxZQmDyIk1RjlaBaAbEaYsAYLRoEYf6AP-vfOU.IxZUrxaYSfd6vHZMSIPszi-egygGqa8GOHIJk0zjt_o&dib_tag=se&keywords=%E7%AD%86%E7%AE%B1&qid=1747518489&sr=8-24,https://m.media-amazon.com/images/I/81tlHbnSNNL._AC_UL320_.jpg,1939,4.2,N/A,,,
35,B07VKDZDD6,ニッケン文具 ペンケース Poplette タテヨコ ブルー×グレー PLP1-BG,https://www.amazon.co.jp/%E3%83%8B%E3%83%83%E3%82%B1%E3%83%B3%E6%96%87%E5%85%B7-%E3%83%9A%E3%83%B3%E3%82%B1%E3%83%BC%E3%82%B9-%E3%82%BF%E3%83%86%E3%83%A8%E3%82%B3-%E3%83%96%E3%83%AB%E3%83%BC%C3%97%E3%82%B0%E3%83%AC%E3%83%BC-PLP1-BG/dp/B07VKDZDD6/ref=sr_1_25?dib=eyJ2IjoiMSJ9.FUwT9ARtPgvr-41yp0qa-ETR3VJrD7nWUBqfcLfCwlakVRTwg7OlURHSxM8s_B5QCbUgxDGGJB6HbrnuWVSipCJDKwi3gjM6R2dSxkZabp3ve6vYeP3dg3ThtCLjkDzXWZBZiIL7vfwDx6NAi9jH5AxMVu53XD9qqN8OVqMLug6_VtMfOpnj12bp4NsyXOO86pEbxps0ab7VhRIYmTJNcStIf0zM0XnWMviJb3pZ9fNQrCOQWfYZetmrk4MCT5HH_C9ytbxZQmDyIk1RjlaBaAbEaYsAYLRoEYf6AP-vfOU.IxZUrxaYSfd6vHZMSIPszi-egygGqa8GOHIJk0zjt_o&dib_tag=se&keywords=%E7%AD%86%E7%AE%B1&qid=1747518489&sr=8-25,https://m.media-amazon.com/images/I/717CTU++iEL._AC_UL320_.jpg,1547,4.3,N/A,,,
36,B09NDFD3KQ,コクヨ ペンケース C2 シーツー,https://www.amazon.co.jp/%E3%82%B3%E3%82%AF%E3%83%A8-%E3%83%9A%E3%83%B3%E3%82%B1%E3%83%BC%E3%82%B9-%E3%82%B7%E3%83%BC%E3%83%84%E3%83%BC-%E3%82%A2%E3%83%83%E3%82%B7%E3%83%A5%E3%83%96%E3%83%A9%E3%83%83%E3%82%AF-F-VBF122-7/dp/B09NDFD3KQ/ref=sr_1_26?dib=eyJ2IjoiMSJ9.FUwT9ARtPgvr-41yp0qa-ETR3VJrD7nWUBqfcLfCwlakVRTwg7OlURHSxM8s_B5QCbUgxDGGJB6HbrnuWVSipCJDKwi3gjM6R2dSxkZabp3ve6vYeP3dg3ThtCLjkDzXWZBZiIL7vfwDx6NAi9jH5AxMVu53XD9qqN8OVqMLug6_VtMfOpnj12bp4NsyXOO86pEbxps0ab7VhRIYmTJNcStIf0zM0XnWMviJb3pZ9fNQrCOQWfYZetmrk4MCT5HH_C9ytbxZQmDyIk1RjlaBaAbEaYsAYLRoEYf6AP-vfOU.IxZUrxaYSfd6vHZMSIPszi-egygGqa8GOHIJk0zjt_o&dib_tag=se&keywords=%E7%AD%86%E7%AE%B1&qid=1747518489&sr=8-26,https://m.media-amazon.com/images/I/71NIpyZu7PL._AC_UL320_.jpg,672,4.4,N/A,,,
37,B072V4FHXD,コクヨ ペンケース 筆箱 大容量 大きく開く 取り出しやすい シェルブロ F-VBF190-2,https://www.amazon.co.jp/%E3%82%B3%E3%82%AF%E3%83%A8-%E3%83%9A%E3%83%B3%E3%82%B1%E3%83%BC%E3%82%B9-%E3%82%B7%E3%82%A7%E3%83%AB%E3%83%96%E3%83%AD-%E3%83%8D%E3%82%A4%E3%83%93%E3%83%BC%C3%97%E3%83%96%E3%83%AB%E3%83%BC-F-VBF190-2/dp/B072V4FHXD/ref=sr_1_27?dib=eyJ2IjoiMSJ9.FUwT9ARtPgvr-41yp0qa-ETR3VJrD7nWUBqfcLfCwlakVRTwg7OlURHSxM8s_B5QCbUgxDGGJB6HbrnuWVSipCJDKwi3gjM6R2dSxkZabp3ve6vYeP3dg3ThtCLjkDzXWZBZiIL7vfwDx6NAi9jH5AxMVu53XD9qqN8OVqMLug6_VtMfOpnj12bp4NsyXOO86pEbxps0ab7VhRIYmTJNcStIf0zM0XnWMviJb3pZ9fNQrCOQWfYZetmrk4MCT5HH_C9ytbxZQmDyIk1RjlaBaAbEaYsAYLRoEYf6AP-vfOU.IxZUrxaYSfd6vHZMSIPszi-egygGqa8GOHIJk0zjt_o&dib_tag=se&keywords=%E7%AD%86%E7%AE%B1&qid=1747518489&sr=8-27,https://m.media-amazon.com/images/I/71WKR9MhwXL._AC_UL320_.jpg,1642,4.2,N/A,,,
38,B009JYUZU8,プーマ ペンケース ボックスタイプ 789PMBK ブラック,https://www.amazon.co.jp/%E3%83%97%E3%83%BC%E3%83%9E-%E3%83%9A%E3%83%B3%E3%82%B1%E3%83%BC%E3%82%B9-%E3%83%9C%E3%83%83%E3%82%AF%E3%82%B9%E3%82%BF%E3%82%A4%E3%83%97-789PMBK-%E3%83%96%E3%83%A9%E3%83%83%E3%82%AF/dp/B009JYUZU8/ref=sr_1_28?dib=eyJ2IjoiMSJ9.FUwT9ARtPgvr-41yp0qa-ETR3VJrD7nWUBqfcLfCwlakVRTwg7OlURHSxM8s_B5QCbUgxDGGJB6HbrnuWVSipCJDKwi3gjM6R2dSxkZabp3ve6vYeP3dg3ThtCLjkDzXWZBZiIL7vfwDx6NAi9jH5AxMVu53XD9qqN8OVqMLug6_VtMfOpnj12bp4NsyXOO86pEbxps0ab7VhRIYmTJNcStIf0zM0XnWMviJb3pZ9fNQrCOQWfYZetmrk4MCT5HH_C9ytbxZQmDyIk1RjlaBaAbEaYsAYLRoEYf6AP-vfOU.IxZUrxaYSfd6vHZMSIPszi-egygGqa8GOHIJk0zjt_o&dib_tag=se&keywords=%E7%AD%86%E7%AE%B1&qid=1747518489&sr=8-28,https://m.media-amazon.com/images/I/61prumndX+L._AC_UL320_.jpg,316,4.4,N/A,,,
39,B09J22MSCG,ペンケース おしゃれ 韓国 大容量 筆箱 おしゃれ シンプル ふでばこ 中学生 高校生 大学生 男の子 女の子 (ベージュ),https://www.amazon.co.jp/Nannlia-%E3%83%9A%E3%83%B3%E3%82%B1%E3%83%BC%E3%82%B9-%E3%81%8A%E3%81%97%E3%82%83%E3%82%8C-%E4%BA%BA%E6%B0%97%E3%81%AE%E7%AD%86%E7%AE%B1-%E3%82%B7%E3%83%B3%E3%83%97%E3%83%AB/dp/B09J22MSCG/ref=sr_1_29?dib=eyJ2IjoiMSJ9.FUwT9ARtPgvr-41yp0qa-ETR3VJrD7nWUBqfcLfCwlakVRTwg7OlURHSxM8s_B5QCbUgxDGGJB6HbrnuWVSipCJDKwi3gjM6R2dSxkZabp3ve6vYeP3dg3ThtCLjkDzXWZBZiIL7vfwDx6NAi9jH5AxMVu53XD9qqN8OVqMLug6_VtMfOpnj12bp4NsyXOO86pEbxps0ab7VhRIYmTJNcStIf0zM0XnWMviJb3pZ9fNQrCOQWfYZetmrk4MCT5HH_C9ytbxZQmDyIk1RjlaBaAbEaYsAYLRoEYf6AP-vfOU.IxZUrxaYSfd6vHZMSIPszi-egygGqa8GOHIJk0zjt_o&dib_tag=se&keywords=%E7%AD%86%E7%AE%B1&qid=1747518489&sr=8-29,https://m.media-amazon.com/images/I/51GGOhHrNAL._AC_UL320_.jpg,433,4.2,N/A,,,
40,B07JMMYMBC,プーマ ペンケース ボックス ヘザー ブラック PM230BK,https://www.amazon.co.jp/%E3%83%97%E3%83%BC%E3%83%9E-%E3%83%9A%E3%83%B3%E3%82%B1%E3%83%BC%E3%82%B9-%E3%83%9C%E3%83%83%E3%82%AF%E3%82%B9-%E3%83%96%E3%83%A9%E3%83%83%E3%82%AF-PM230BK/dp/B07JMMYMBC/ref=sr_1_30?dib=eyJ2IjoiMSJ9.FUwT9ARtPgvr-41yp0qa-ETR3VJrD7nWUBqfcLfCwlakVRTwg7OlURHSxM8s_B5QCbUgxDGGJB6HbrnuWVSipCJDKwi3gjM6R2dSxkZabp3ve6vYeP3dg3ThtCLjkDzXWZBZiIL7vfwDx6NAi9jH5AxMVu53XD9qqN8OVqMLug6_VtMfOpnj12bp4NsyXOO86pEbxps0ab7VhRIYmTJNcStIf0zM0XnWMviJb3pZ9fNQrCOQWfYZetmrk4MCT5HH_C9ytbxZQmDyIk1RjlaBaAbEaYsAYLRoEYf6AP-vfOU.IxZUrxaYSfd6vHZMSIPszi-egygGqa8GOHIJk0zjt_o&dib_tag=se&keywords=%E7%AD%86%E7%AE%B1&qid=1747518489&sr=8-30,https://m.media-amazon.com/images/I/716wyTg3fnL._AC_UL320_.jpg,637,4.5,N/A,,,
41,B0CLRFYWKJ,[Sonic] 両面筆入 ー バイオレット,https://www.amazon.co.jp/Sonic-%E4%B8%A1%E9%9D%A2%E7%AD%86%E5%85%A5-%E3%83%BC-%E3%83%90%E3%82%A4%E3%82%AA%E3%83%AC%E3%83%83%E3%83%88/dp/B0CLRFYWKJ/ref=sr_1_31?dib=eyJ2IjoiMSJ9.FUwT9ARtPgvr-41yp0qa-ETR3VJrD7nWUBqfcLfCwlakVRTwg7OlURHSxM8s_B5QCbUgxDGGJB6HbrnuWVSipCJDKwi3gjM6R2dSxkZabp3ve6vYeP3dg3ThtCLjkDzXWZBZiIL7vfwDx6NAi9jH5AxMVu53XD9qqN8OVqMLug6_VtMfOpnj12bp4NsyXOO86pEbxps0ab7VhRIYmTJNcStIf0zM0XnWMviJb3pZ9fNQrCOQWfYZetmrk4MCT5HH_C9ytbxZQmDyIk1RjlaBaAbEaYsAYLRoEYf6AP-vfOU.IxZUrxaYSfd6vHZMSIPszi-egygGqa8GOHIJk0zjt_o&dib_tag=se&keywords=%E7%AD%86%E7%AE%B1&qid=1747518489&sr=8-31,https://m.media-amazon.com/images/I/51UnSIJFBoL._AC_UL320_.jpg,77,4.6,N/A,,,
42,B09XMQQTFT,ペンケース 大容量 ふでばこ 筆箱 シンプル ペンポーチ おしゃれ 防水 多機能 ぺんけーす かわいい ふで箱 筆入れ 男の子 女の子 子供 小学生 中学生 高校生 大学生 社会人用 人気 メンズ レディース 入学 進学 男女兼用 (ブラック),https://www.amazon.co.jp/%E3%83%9A%E3%83%B3%E3%82%B1%E3%83%BC%E3%82%B9-%E3%81%B5%E3%81%A7%E3%81%B0%E3%81%93-%E3%83%9A%E3%83%B3%E3%83%9D%E3%83%BC%E3%83%81-%E3%81%BA%E3%82%93%E3%81%91%E3%83%BC%E3%81%99-%E3%83%AC%E3%83%87%E3%82%A3%E3%83%BC%E3%82%B9/dp/B09XMQQTFT/ref=sr_1_32?dib=eyJ2IjoiMSJ9.FUwT9ARtPgvr-41yp0qa-ETR3VJrD7nWUBqfcLfCwlakVRTwg7OlURHSxM8s_B5QCbUgxDGGJB6HbrnuWVSipCJDKwi3gjM6R2dSxkZabp3ve6vYeP3dg3ThtCLjkDzXWZBZiIL7vfwDx6NAi9jH5AxMVu53XD9qqN8OVqMLug6_VtMfOpnj12bp4NsyXOO86pEbxps0ab7VhRIYmTJNcStIf0zM0XnWMviJb3pZ9fNQrCOQWfYZetmrk4MCT5HH_C9ytbxZQmDyIk1RjlaBaAbEaYsAYLRoEYf6AP-vfOU.IxZUrxaYSfd6vHZMSIPszi-egygGqa8GOHIJk0zjt_o&dib_tag=se&keywords=%E7%AD%86%E7%AE%B1&qid=1747518489&sr=8-32,https://m.media-amazon.com/images/I/71Mg15z8kuL._AC_UL320_.jpg,140,4.1,N/A,,,
43,B01BBTD0S2,サンスター文具 ペンケース OUTDOOR S1409182 ブラック,https://www.amazon.co.jp/%E3%82%B5%E3%83%B3%E3%82%B9%E3%82%BF%E3%83%BC%E6%96%87%E5%85%B7-%E3%83%9A%E3%83%B3%E3%82%B1%E3%83%BC%E3%82%B9-OUTDOOR-S1409182-%E3%83%96%E3%83%A9%E3%83%83%E3%82%AF/dp/B01BBTD0S2/ref=sr_1_33?dib=eyJ2IjoiMSJ9.FUwT9ARtPgvr-41yp0qa-ETR3VJrD7nWUBqfcLfCwlakVRTwg7OlURHSxM8s_B5QCbUgxDGGJB6HbrnuWVSipCJDKwi3gjM6R2dSxkZabp3ve6vYeP3dg3ThtCLjkDzXWZBZiIL7vfwDx6NAi9jH5AxMVu53XD9qqN8OVqMLug6_VtMfOpnj12bp4NsyXOO86pEbxps0ab7VhRIYmTJNcStIf0zM0XnWMviJb3pZ9fNQrCOQWfYZetmrk4MCT5HH_C9ytbxZQmDyIk1RjlaBaAbEaYsAYLRoEYf6AP-vfOU.IxZUrxaYSfd6vHZMSIPszi-egygGqa8GOHIJk0zjt_o&dib_tag=se&keywords=%E7%AD%86%E7%AE%B1&qid=1747518489&sr=8-33,https://m.media-amazon.com/images/I/61Hq41iGrzL._AC_UL320_.jpg,286,4.4,N/A,,,
44,B0DWZY6Z4W,ペンケース 筆箱 大容量 おしゃれ シンプル 子供 小学生 中学生 高校生 男の子 女の子 大学生 大人 多機能 コンパクト 使いやすい (ブラック),https://www.amazon.co.jp/Athbeam-%E3%83%9A%E3%83%B3%E3%82%B1%E3%83%BC%E3%82%B9-%E3%81%8A%E3%81%97%E3%82%83%E3%82%8C-%E3%82%B3%E3%83%B3%E3%83%91%E3%82%AF%E3%83%88-%E4%BD%BF%E3%81%84%E3%82%84%E3%81%99%E3%81%84/dp/B0DWZY6Z4W/ref=sr_1_34?dib=eyJ2IjoiMSJ9.FUwT9ARtPgvr-41yp0qa-ETR3VJrD7nWUBqfcLfCwlakVRTwg7OlURHSxM8s_B5QCbUgxDGGJB6HbrnuWVSipCJDKwi3gjM6R2dSxkZabp3ve6vYeP3dg3ThtCLjkDzXWZBZiIL7vfwDx6NAi9jH5AxMVu53XD9qqN8OVqMLug6_VtMfOpnj12bp4NsyXOO86pEbxps0ab7VhRIYmTJNcStIf0zM0XnWMviJb3pZ9fNQrCOQWfYZetmrk4MCT5HH_C9ytbxZQmDyIk1RjlaBaAbEaYsAYLRoEYf6AP-vfOU.IxZUrxaYSfd6vHZMSIPszi-egygGqa8GOHIJk0zjt_o&dib_tag=se&keywords=%E7%AD%86%E7%AE%B1&qid=1747518489&sr=8-34,https://m.media-amazon.com/images/I/61QRbCxP4HL._AC_UL320_.jpg,200,4.4,N/A,,,
45,B0CSX6TWHM,"ペンケース 大容量 筆箱 おしゃれ pen case ペン入れ シンプル かわいい ペンポーチ 筆入れ 文具収納 便利 キャンバス 無地 多機能 社会人 中学生 小学生 高校生 大学生 男の子 女の子 学生用 昇進 入学祝い 成人祝い ギフト 男女兼用 (グレー, 21 cm×11cm×7.5cm)",https://www.amazon.co.jp/%E3%83%9A%E3%83%B3%E3%82%B1%E3%83%BC%E3%82%B9-%E3%81%8A%E3%81%97%E3%82%83%E3%82%8C-%E3%83%9A%E3%83%B3%E3%83%9D%E3%83%BC%E3%83%81-%E3%82%AD%E3%83%A3%E3%83%B3%E3%83%90%E3%82%B9-cm%C3%9711cm%C3%977-5cm/dp/B0CSX6TWHM/ref=sr_1_35?dib=eyJ2IjoiMSJ9.FUwT9ARtPgvr-41yp0qa-ETR3VJrD7nWUBqfcLfCwlakVRTwg7OlURHSxM8s_B5QCbUgxDGGJB6HbrnuWVSipCJDKwi3gjM6R2dSxkZabp3ve6vYeP3dg3ThtCLjkDzXWZBZiIL7vfwDx6NAi9jH5AxMVu53XD9qqN8OVqMLug6_VtMfOpnj12bp4NsyXOO86pEbxps0ab7VhRIYmTJNcStIf0zM0XnWMviJb3pZ9fNQrCOQWfYZetmrk4MCT5HH_C9ytbxZQmDyIk1RjlaBaAbEaYsAYLRoEYf6AP-vfOU.IxZUrxaYSfd6vHZMSIPszi-egygGqa8GOHIJk0zjt_o&dib_tag=se&keywords=%E7%AD%86%E7%AE%B1&qid=1747518489&sr=8-35,https://m.media-amazon.com/images/I/61OY3Fomo8L._AC_UL320_.jpg,30,4.0,N/A,,,
46,B09LQPG8MN,LOONLOON 664 ウッド ペンケース ブラウン 大容量 おしゃれ 二階建て 多機能 木目調,https://www.amazon.co.jp/LOONLOON-%E3%83%9A%E3%83%B3%E3%82%B1%E3%83%BC%E3%82%B9-%E3%83%96%E3%83%A9%E3%82%A6%E3%83%B3-%E3%81%8A%E3%81%97%E3%82%83%E3%82%8C-%E4%BA%8C%E9%9A%8E%E5%BB%BA%E3%81%A6/dp/B09LQPG8MN/ref=sr_1_36?dib=eyJ2IjoiMSJ9.FUwT9ARtPgvr-41yp0qa-ETR3VJrD7nWUBqfcLfCwlakVRTwg7OlURHSxM8s_B5QCbUgxDGGJB6HbrnuWVSipCJDKwi3gjM6R2dSxkZabp3ve6vYeP3dg3ThtCLjkDzXWZBZiIL7vfwDx6NAi9jH5AxMVu53XD9qqN8OVqMLug6_VtMfOpnj12bp4NsyXOO86pEbxps0ab7VhRIYmTJNcStIf0zM0XnWMviJb3pZ9fNQrCOQWfYZetmrk4MCT5HH_C9ytbxZQmDyIk1RjlaBaAbEaYsAYLRoEYf6AP-vfOU.IxZUrxaYSfd6vHZMSIPszi-egygGqa8GOHIJk0zjt_o&dib_tag=se&keywords=%E7%AD%86%E7%AE%B1&qid=1747518489&sr=8-36,https://m.media-amazon.com/images/I/71QeQsHI3BL._AC_UL320_.jpg,768,4.5,N/A,,,
47,B0D9CQWMB1,ペンケース 透明 大容量 おしゃれ 筆箱 韓国 可愛い おしゃれ シンプル ふでばこ 中学生 高校生 大学生 男の子 女の子 (ブラック),https://www.amazon.co.jp/Nannlia-%E3%83%9A%E3%83%B3%E3%82%B1%E3%83%BC%E3%82%B9-%E3%81%8A%E3%81%97%E3%82%83%E3%82%8C-%E3%82%B7%E3%83%B3%E3%83%97%E3%83%AB-%E3%81%B5%E3%81%A7%E3%81%B0%E3%81%93/dp/B0D9CQWMB1/ref=sr_1_37?dib=eyJ2IjoiMSJ9.FUwT9ARtPgvr-41yp0qa-ETR3VJrD7nWUBqfcLfCwlakVRTwg7OlURHSxM8s_B5QCbUgxDGGJB6HbrnuWVSipCJDKwi3gjM6R2dSxkZabp3ve6vYeP3dg3ThtCLjkDzXWZBZiIL7vfwDx6NAi9jH5AxMVu53XD9qqN8OVqMLug6_VtMfOpnj12bp4NsyXOO86pEbxps0ab7VhRIYmTJNcStIf0zM0XnWMviJb3pZ9fNQrCOQWfYZetmrk4MCT5HH_C9ytbxZQmDyIk1RjlaBaAbEaYsAYLRoEYf6AP-vfOU.IxZUrxaYSfd6vHZMSIPszi-egygGqa8GOHIJk0zjt_o&dib_tag=se&keywords=%E7%AD%86%E7%AE%B1&qid=1747518489&sr=8-37,https://m.media-amazon.com/images/I/61W3EbLPi7L._AC_UL320_.jpg,14,4.1,N/A,,,
48,B0DKS8G9HY,IAKTD 大容量工具ケースペンケースおしゃれ シンプル 便利 小物収納 高校生中学生男の子 女の子 文具（黒）,https://www.amazon.co.jp/IAKTD-%E5%A4%A7%E5%AE%B9%E9%87%8F%E5%B7%A5%E5%85%B7%E3%82%B1%E3%83%BC%E3%82%B9%E3%83%9A%E3%83%B3%E3%82%B1%E3%83%BC%E3%82%B9%E3%81%8A%E3%81%97%E3%82%83%E3%82%8C-%E3%82%B7%E3%83%B3%E3%83%97%E3%83%AB-%E9%AB%98%E6%A0%A1%E7%94%9F%E4%B8%AD%E5%AD%A6%E7%94%9F%E7%94%B7%E3%81%AE%E5%AD%90-%E6%96%87%E5%85%B7%EF%BC%88%E9%BB%92%EF%BC%89/dp/B0DKS8G9HY/ref=sr_1_38?dib=eyJ2IjoiMSJ9.FUwT9ARtPgvr-41yp0qa-ETR3VJrD7nWUBqfcLfCwlakVRTwg7OlURHSxM8s_B5QCbUgxDGGJB6HbrnuWVSipCJDKwi3gjM6R2dSxkZabp3ve6vYeP3dg3ThtCLjkDzXWZBZiIL7vfwDx6NAi9jH5AxMVu53XD9qqN8OVqMLug6_VtMfOpnj12bp4NsyXOO86pEbxps0ab7VhRIYmTJNcStIf0zM0XnWMviJb3pZ9fNQrCOQWfYZetmrk4MCT5HH_C9ytbxZQmDyIk1RjlaBaAbEaYsAYLRoEYf6AP-vfOU.IxZUrxaYSfd6vHZMSIPszi-egygGqa8GOHIJk0zjt_o&dib_tag=se&keywords=%E7%AD%86%E7%AE%B1&qid=1747518489&sr=8-38,https://m.media-amazon.com/images/I/61oAWgcsgUL._AC_UL320_.jpg,3,4.0,N/A,,,
49,B0BVLRX71Y,【600人が選ぶ最も使いたいペンケース】 penogo 大人可愛い超シンプルペンケース 筆箱 レディース (ブラック),https://www.amazon.co.jp/penogo-%E5%A4%A7%E4%BA%BA%E5%8F%AF%E6%84%9B%E3%81%84%E8%B6%85%E3%82%B7%E3%83%B3%E3%83%97%E3%83%AB%E3%83%9A%E3%83%B3%E3%82%B1%E3%83%BC%E3%82%B9-%E3%83%9A%E3%83%B3%E3%82%B1%E3%83%BC%E3%82%B9-%E3%83%AC%E3%83%87%E3%82%A3%E3%83%BC%E3%82%B9-PU%E3%83%AC%E3%82%B6%E3%83%BC/dp/B0BVLRX71Y/ref=sr_1_39?dib=eyJ2IjoiMSJ9.FUwT9ARtPgvr-41yp0qa-ETR3VJrD7nWUBqfcLfCwlakVRTwg7OlURHSxM8s_B5QCbUgxDGGJB6HbrnuWVSipCJDKwi3gjM6R2dSxkZabp3ve6vYeP3dg3ThtCLjkDzXWZBZiIL7vfwDx6NAi9jH5AxMVu53XD9qqN8OVqMLug6_VtMfOpnj12bp4NsyXOO86pEbxps0ab7VhRIYmTJNcStIf0zM0XnWMviJb3pZ9fNQrCOQWfYZetmrk4MCT5HH_C9ytbxZQmDyIk1RjlaBaAbEaYsAYLRoEYf6AP-vfOU.IxZUrxaYSfd6vHZMSIPszi-egygGqa8GOHIJk0zjt_o&dib_tag=se&keywords=%E7%AD%86%E7%AE%B1&qid=1747518489&sr=8-39,https://m.media-amazon.com/images/I/71mBiQ4lMHL._AC_UL320_.jpg,272,4.4,N/A,,,
50,B08NT59KSQ,ProCase ペンケース 大容量 シンプル筆箱 ジッパー付き 学生用 社会人用 多機能 –ブラック,https://www.amazon.co.jp/ProCase-%E3%83%9A%E3%83%B3%E3%82%B1%E3%83%BC%E3%82%B9-%E3%82%B7%E3%83%B3%E3%83%97%E3%83%AB%E7%AD%86%E7%AE%B1-%E3%82%B8%E3%83%83%E3%83%91%E3%83%BC%E4%BB%98%E3%81%8D-%E2%80%93%E3%83%96%E3%83%A9%E3%83%83%E3%82%AF/dp/B08NT59KSQ/ref=sr_1_40?dib=eyJ2IjoiMSJ9.FUwT9ARtPgvr-41yp0qa-ETR3VJrD7nWUBqfcLfCwlakVRTwg7OlURHSxM8s_B5QCbUgxDGGJB6HbrnuWVSipCJDKwi3gjM6R2dSxkZabp3ve6vYeP3dg3ThtCLjkDzXWZBZiIL7vfwDx6NAi9jH5AxMVu53XD9qqN8OVqMLug6_VtMfOpnj12bp4NsyXOO86pEbxps0ab7VhRIYmTJNcStIf0zM0XnWMviJb3pZ9fNQrCOQWfYZetmrk4MCT5HH_C9ytbxZQmDyIk1RjlaBaAbEaYsAYLRoEYf6AP-vfOU.IxZUrxaYSfd6vHZMSIPszi-egygGqa8GOHIJk0zjt_o&dib_tag=se&keywords=%E7%AD%86%E7%AE%B1&qid=1747518489&sr=8-40,https://m.media-amazon.com/images/I/81j8V+LlEtS._AC_UL320_.jpg,682,4.4,N/A,,,
51,B01BD0GPKO,リヒトラブ 文具 ガジェット 収納 コンパクト ペンケース ブラック A7687-24,https://www.amazon.co.jp/%E3%83%AA%E3%83%92%E3%83%88%E3%83%A9%E3%83%96-%E3%82%B3%E3%83%B3%E3%83%91%E3%82%AF%E3%83%88%E3%83%9A%E3%83%B3%E3%82%B1%E3%83%BC%E3%82%B9-%E3%82%B9%E3%83%9E%E3%83%BC%E3%83%88%E3%83%95%E3%82%A3%E3%83%83%E3%83%88-%E3%82%A2%E3%82%AF%E3%82%BF%E3%82%AF%E3%83%88-A7687-24/dp/B01BD0GPKO/ref=sr_1_41?dib=eyJ2IjoiMSJ9.FUwT9ARtPgvr-41yp0qa-ETR3VJrD7nWUBqfcLfCwlakVRTwg7OlURHSxM8s_B5QCbUgxDGGJB6HbrnuWVSipCJDKwi3gjM6R2dSxkZabp3ve6vYeP3dg3ThtCLjkDzXWZBZiIL7vfwDx6NAi9jH5AxMVu53XD9qqN8OVqMLug6_VtMfOpnj12bp4NsyXOO86pEbxps0ab7VhRIYmTJNcStIf0zM0XnWMviJb3pZ9fNQrCOQWfYZetmrk4MCT5HH_C9ytbxZQmDyIk1RjlaBaAbEaYsAYLRoEYf6AP-vfOU.IxZUrxaYSfd6vHZMSIPszi-egygGqa8GOHIJk0zjt_o&dib_tag=se&keywords=%E7%AD%86%E7%AE%B1&qid=1747518489&sr=8-41,https://m.media-amazon.com/images/I/61LttWWOszL._AC_UL320_.jpg,6342,4.4,N/A,,,
52,B0BGBQ2SZQ,YOKUMA ペンケース 筆箱 ポーチ 透明 おしゃれ シンプル 大容量 多機能 大人 高校生 中学生 男の子 女の子 大学生 小学生 子供用 (ブラック),https://www.amazon.co.jp/YOKUMA-%E3%83%9A%E3%83%B3%E3%82%B1%E3%83%BC%E3%82%B9-%E3%81%8A%E3%81%97%E3%82%83%E3%82%8C-%E3%82%B7%E3%83%B3%E3%83%97%E3%83%AB-%E3%83%96%E3%83%A9%E3%83%83%E3%82%AF/dp/B0BGBQ2SZQ/ref=sr_1_42?dib=eyJ2IjoiMSJ9.FUwT9ARtPgvr-41yp0qa-ETR3VJrD7nWUBqfcLfCwlakVRTwg7OlURHSxM8s_B5QCbUgxDGGJB6HbrnuWVSipCJDKwi3gjM6R2dSxkZabp3ve6vYeP3dg3ThtCLjkDzXWZBZiIL7vfwDx6NAi9jH5AxMVu53XD9qqN8OVqMLug6_VtMfOpnj12bp4NsyXOO86pEbxps0ab7VhRIYmTJNcStIf0zM0XnWMviJb3pZ9fNQrCOQWfYZetmrk4MCT5HH_C9ytbxZQmDyIk1RjlaBaAbEaYsAYLRoEYf6AP-vfOU.IxZUrxaYSfd6vHZMSIPszi-egygGqa8GOHIJk0zjt_o&dib_tag=se&keywords=%E7%AD%86%E7%AE%B1&qid=1747518489&sr=8-42,https://m.media-amazon.com/images/I/71oUBwSu5kL._AC_UL320_.jpg,950,4.4,N/A,,,
53,B01FD7N4WK,[ベンディビス] ペンケース PEN CASE L SIZE (NEW),https://www.amazon.co.jp/%E3%83%99%E3%83%B3%E3%83%87%E3%82%A4%E3%83%93%E3%82%B9-BEN-DAVIS-%E3%83%9A%E3%83%B3%E3%82%B1%E3%83%BC%E3%82%B9-BDW-9082/dp/B01FD7N4WK/ref=sr_1_43?dib=eyJ2IjoiMSJ9.FUwT9ARtPgvr-41yp0qa-ETR3VJrD7nWUBqfcLfCwlakVRTwg7OlURHSxM8s_B5QCbUgxDGGJB6HbrnuWVSipCJDKwi3gjM6R2dSxkZabp3ve6vYeP3dg3ThtCLjkDzXWZBZiIL7vfwDx6NAi9jH5AxMVu53XD9qqN8OVqMLug6_VtMfOpnj12bp4NsyXOO86pEbxps0ab7VhRIYmTJNcStIf0zM0XnWMviJb3pZ9fNQrCOQWfYZetmrk4MCT5HH_C9ytbxZQmDyIk1RjlaBaAbEaYsAYLRoEYf6AP-vfOU.IxZUrxaYSfd6vHZMSIPszi-egygGqa8GOHIJk0zjt_o&dib_tag=se&keywords=%E7%AD%86%E7%AE%B1&qid=1747518489&sr=8-43,https://m.media-amazon.com/images/I/51JxsPT6O+L._AC_UL320_.jpg,105,4.5,N/A,,,
54,B0D7LQPSZ6,[Kutsuwa] クツワ ペンケース 筆入 合皮 1ドア,https://www.amazon.co.jp/Kutsuwa-%E3%82%AF%E3%83%84%E3%83%AF-%E3%83%9A%E3%83%B3%E3%82%B1%E3%83%BC%E3%82%B9-CB302BK-%E3%83%96%E3%83%A9%E3%83%83%E3%82%AF/dp/B0D7LQPSZ6/ref=sr_1_44?dib=eyJ2IjoiMSJ9.FUwT9ARtPgvr-41yp0qa-ETR3VJrD7nWUBqfcLfCwlakVRTwg7OlURHSxM8s_B5QCbUgxDGGJB6HbrnuWVSipCJDKwi3gjM6R2dSxkZabp3ve6vYeP3dg3ThtCLjkDzXWZBZiIL7vfwDx6NAi9jH5AxMVu53XD9qqN8OVqMLug6_VtMfOpnj12bp4NsyXOO86pEbxps0ab7VhRIYmTJNcStIf0zM0XnWMviJb3pZ9fNQrCOQWfYZetmrk4MCT5HH_C9ytbxZQmDyIk1RjlaBaAbEaYsAYLRoEYf6AP-vfOU.IxZUrxaYSfd6vHZMSIPszi-egygGqa8GOHIJk0zjt_o&dib_tag=se&keywords=%E7%AD%86%E7%AE%B1&qid=1747518489&sr=8-44,https://m.media-amazon.com/images/I/616myZj+r3L._AC_UL320_.jpg,12,4.6,N/A,,,
55,B0CLD9P5S5,WEMATEペンケース 大容量 筆箱横開き 2層 シンプル 多機能 おしゃれ-ジッパー ペンホルダー付き 強力な分類と収納力 ガジェットポーチ 収納ポーチ 旅行 出張 女の子、男の子、大人、小学生、高校生、大学生用-ブラック,https://www.amazon.co.jp/WEMATE%E3%83%9A%E3%83%B3%E3%82%B1%E3%83%BC%E3%82%B9-%E3%81%8A%E3%81%97%E3%82%83%E3%82%8C-%E3%82%B8%E3%83%83%E3%83%91%E3%83%BC-%E3%83%9A%E3%83%B3%E3%83%9B%E3%83%AB%E3%83%80%E3%83%BC%E4%BB%98%E3%81%8D-%E5%BC%B7%E5%8A%9B%E3%81%AA%E5%88%86%E9%A1%9E%E3%81%A8%E5%8F%8E%E7%B4%8D%E5%8A%9B-%E5%A5%B3%E3%81%AE%E5%AD%90%E3%80%81%E7%94%B7%E3%81%AE%E5%AD%90%E3%80%81%E5%A4%A7%E4%BA%BA%E3%80%81%E5%B0%8F%E5%AD%A6%E7%94%9F%E3%80%81%E9%AB%98%E6%A0%A1%E7%94%9F%E3%80%81%E5%A4%A7%E5%AD%A6%E7%94%9F%E7%94%A8-%E3%83%96%E3%83%A9%E3%83%83%E3%82%AF/dp/B0CLD9P5S5/ref=sr_1_45?dib=eyJ2IjoiMSJ9.FUwT9ARtPgvr-41yp0qa-ETR3VJrD7nWUBqfcLfCwlakVRTwg7OlURHSxM8s_B5QCbUgxDGGJB6HbrnuWVSipCJDKwi3gjM6R2dSxkZabp3ve6vYeP3dg3ThtCLjkDzXWZBZiIL7vfwDx6NAi9jH5AxMVu53XD9qqN8OVqMLug6_VtMfOpnj12bp4NsyXOO86pEbxps0ab7VhRIYmTJNcStIf0zM0XnWMviJb3pZ9fNQrCOQWfYZetmrk4MCT5HH_C9ytbxZQmDyIk1RjlaBaAbEaYsAYLRoEYf6AP-vfOU.IxZUrxaYSfd6vHZMSIPszi-egygGqa8GOHIJk0zjt_o&dib_tag=se&keywords=%E7%AD%86%E7%AE%B1&qid=1747518489&sr=8-45,https://m.media-amazon.com/images/I/81lcnQjDJPL._AC_UL320_.jpg,217,4.2,N/A,,,
56,B00M94121G,クツワ プーマペンケース カラーカーボン 787PMBK,https://www.amazon.co.jp/%E3%82%AF%E3%83%84%E3%83%AF-787PMBK-%E3%83%97%E3%83%BC%E3%83%9E%E3%83%9A%E3%83%B3%E3%82%B1%E3%83%BC%E3%82%B9-%E3%82%AB%E3%83%A9%E3%83%BC%E3%82%AB%E3%83%BC%E3%83%9C%E3%83%B3/dp/B00M94121G/ref=sr_1_46?dib=eyJ2IjoiMSJ9.FUwT9ARtPgvr-41yp0qa-ETR3VJrD7nWUBqfcLfCwlakVRTwg7OlURHSxM8s_B5QCbUgxDGGJB6HbrnuWVSipCJDKwi3gjM6R2dSxkZabp3ve6vYeP3dg3ThtCLjkDzXWZBZiIL7vfwDx6NAi9jH5AxMVu53XD9qqN8OVqMLug6_VtMfOpnj12bp4NsyXOO86pEbxps0ab7VhRIYmTJNcStIf0zM0XnWMviJb3pZ9fNQrCOQWfYZetmrk4MCT5HH_C9ytbxZQmDyIk1RjlaBaAbEaYsAYLRoEYf6AP-vfOU.IxZUrxaYSfd6vHZMSIPszi-egygGqa8GOHIJk0zjt_o&dib_tag=se&keywords=%E7%AD%86%E7%AE%B1&qid=1747518489&sr=8-46,https://m.media-amazon.com/images/I/718Xi1KOy-L._AC_UL320_.jpg,336,4.5,N/A,,,
57,B0BRSJF2T9,サンスター文具 筆箱 小学生 男の子 女の子 ヨコピタ ブラック S1313924,https://www.amazon.co.jp/%E3%82%B5%E3%83%B3%E3%82%B9%E3%82%BF%E3%83%BC%E6%96%87%E5%85%B7-Sun-Star-Stationery-S1313924-%E3%80%90%E3%82%B5%E3%82%A4%E3%82%BA%E3%80%9189mm%C3%97222mm%C3%9730mm/dp/B0BRSJF2T9/ref=sr_1_47?dib=eyJ2IjoiMSJ9.FUwT9ARtPgvr-41yp0qa-ETR3VJrD7nWUBqfcLfCwlakVRTwg7OlURHSxM8s_B5QCbUgxDGGJB6HbrnuWVSipCJDKwi3gjM6R2dSxkZabp3ve6vYeP3dg3ThtCLjkDzXWZBZiIL7vfwDx6NAi9jH5AxMVu53XD9qqN8OVqMLug6_VtMfOpnj12bp4NsyXOO86pEbxps0ab7VhRIYmTJNcStIf0zM0XnWMviJb3pZ9fNQrCOQWfYZetmrk4MCT5HH_C9ytbxZQmDyIk1RjlaBaAbEaYsAYLRoEYf6AP-vfOU.IxZUrxaYSfd6vHZMSIPszi-egygGqa8GOHIJk0zjt_o&dib_tag=se&keywords=%E7%AD%86%E7%AE%B1&qid=1747518489&sr=8-47,https://m.media-amazon.com/images/I/51cYnJWTjIL._AC_UL320_.jpg,164,4.3,N/A,,,
58,B00BBNS1P6,エムプラン キュービックス ペンケース ラウンドジップ ボックス ブラック 106163-15,https://www.amazon.co.jp/%E3%82%AD%E3%83%A5%E3%83%BC%E3%83%93%E3%83%83%E3%82%AF%E3%82%B9-%E3%83%9A%E3%83%B3%E3%82%B1%E3%83%BC%E3%82%B9-%E3%83%A9%E3%82%A6%E3%83%B3%E3%83%89%E3%82%B8%E3%83%83%E3%83%97-%E3%83%9C%E3%83%83%E3%82%AF%E3%82%B9-106163-15/dp/B00BBNS1P6/ref=sr_1_48?dib=eyJ2IjoiMSJ9.FUwT9ARtPgvr-41yp0qa-ETR3VJrD7nWUBqfcLfCwlakVRTwg7OlURHSxM8s_B5QCbUgxDGGJB6HbrnuWVSipCJDKwi3gjM6R2dSxkZabp3ve6vYeP3dg3ThtCLjkDzXWZBZiIL7vfwDx6NAi9jH5AxMVu53XD9qqN8OVqMLug6_VtMfOpnj12bp4NsyXOO86pEbxps0ab7VhRIYmTJNcStIf0zM0XnWMviJb3pZ9fNQrCOQWfYZetmrk4MCT5HH_C9ytbxZQmDyIk1RjlaBaAbEaYsAYLRoEYf6AP-vfOU.IxZUrxaYSfd6vHZMSIPszi-egygGqa8GOHIJk0zjt_o&dib_tag=se&keywords=%E7%AD%86%E7%AE%B1&qid=1747518489&sr=8-48,https://m.media-amazon.com/images/I/512npIhYpSL._AC_UL320_.jpg,287,4.2,N/A,,,
59,B07KC4TFLX,ProCase ペンケース 大容量 筆箱 シンプル 機能的 学生用 社会人用 多機能 –ブラック,https://www.amazon.co.jp/ProCase-%E3%83%9A%E3%83%B3%E3%82%B1%E3%83%BC%E3%82%B9-%E3%82%B7%E3%83%B3%E3%83%97%E3%83%AB-%E7%A4%BE%E4%BC%9A%E4%BA%BA%E7%94%A8-%E2%80%93%E3%83%96%E3%83%A9%E3%83%83%E3%82%AF/dp/B07KC4TFLX/ref=sr_1_49?dib=eyJ2IjoiMSJ9.FUwT9ARtPgvr-41yp0qa-ETR3VJrD7nWUBqfcLfCwlakVRTwg7OlURHSxM8s_B5QCbUgxDGGJB6HbrnuWVSipCJDKwi3gjM6R2dSxkZabp3ve6vYeP3dg3ThtCLjkDzXWZBZiIL7vfwDx6NAi9jH5AxMVu53XD9qqN8OVqMLug6_VtMfOpnj12bp4NsyXOO86pEbxps0ab7VhRIYmTJNcStIf0zM0XnWMviJb3pZ9fNQrCOQWfYZetmrk4MCT5HH_C9ytbxZQmDyIk1RjlaBaAbEaYsAYLRoEYf6AP-vfOU.IxZUrxaYSfd6vHZMSIPszi-egygGqa8GOHIJk0zjt_o&dib_tag=se&keywords=%E7%AD%86%E7%AE%B1&qid=1747518489&sr=8-49,https://m.media-amazon.com/images/I/81et1y8vjUS._AC_UL320_.jpg,6378,4.2,N/A,,,
60,B08VD8BXKV,STAROUR ペンケース 大容量 マチつき 筆箱 多機能 ツールペンケース ポーチ 中小学生 高校生 大学生 男の子 女の子 子供 サラリーマン ビジネス 社会人用 帆布 マチ付き ペンケース (ブラック),https://www.amazon.co.jp/STAROUR-%E3%83%9A%E3%83%B3%E3%82%B1%E3%83%BC%E3%82%B9-%E3%83%9A%E3%83%B3%E3%83%9D%E3%83%BC%E3%83%81-%E3%83%84%E3%83%BC%E3%83%AB%E3%83%9A%E3%83%B3%E3%82%B1%E3%83%BC%E3%82%B9-%E3%82%B5%E3%83%A9%E3%83%AA%E3%83%BC%E3%83%9E%E3%83%B3/dp/B08VD8BXKV/ref=sr_1_50?dib=eyJ2IjoiMSJ9.FUwT9ARtPgvr-41yp0qa-ETR3VJrD7nWUBqfcLfCwlakVRTwg7OlURHSxM8s_B5QCbUgxDGGJB6HbrnuWVSipCJDKwi3gjM6R2dSxkZabp3ve6vYeP3dg3ThtCLjkDzXWZBZiIL7vfwDx6NAi9jH5AxMVu53XD9qqN8OVqMLug6_VtMfOpnj12bp4NsyXOO86pEbxps0ab7VhRIYmTJNcStIf0zM0XnWMviJb3pZ9fNQrCOQWfYZetmrk4MCT5HH_C9ytbxZQmDyIk1RjlaBaAbEaYsAYLRoEYf6AP-vfOU.IxZUrxaYSfd6vHZMSIPszi-egygGqa8GOHIJk0zjt_o&dib_tag=se&keywords=%E7%AD%86%E7%AE%B1&qid=1747518489&sr=8-50,https://m.media-amazon.com/images/I/710I6h3hfEL._AC_UL320_.jpg,585,4.2,N/A,,,
61,B0BHC7CGMM,[Kutsuwa] ペンケース PM388,https://www.amazon.co.jp/Kutsuwa-%E3%83%9A%E3%83%B3%E3%82%B1%E3%83%BC%E3%82%B9-PM388-%E3%83%96%E3%83%A9%E3%83%83%E3%82%AF/dp/B0BHC7CGMM/ref=sr_1_51?dib=eyJ2IjoiMSJ9.FUwT9ARtPgvr-41yp0qa-ETR3VJrD7nWUBqfcLfCwlakVRTwg7OlURHSxM8s_B5QCbUgxDGGJB6HbrnuWVSipCJDKwi3gjM6R2dSxkZabp3ve6vYeP3dg3ThtCLjkDzXWZBZiIL7vfwDx6NAi9jH5AxMVu53XD9qqN8OVqMLug6_VtMfOpnj12bp4NsyXOO86pEbxps0ab7VhRIYmTJNcStIf0zM0XnWMviJb3pZ9fNQrCOQWfYZetmrk4MCT5HH_C9ytbxZQmDyIk1RjlaBaAbEaYsAYLRoEYf6AP-vfOU.IxZUrxaYSfd6vHZMSIPszi-egygGqa8GOHIJk0zjt_o&dib_tag=se&keywords=%E7%AD%86%E7%AE%B1&qid=1747518489&sr=8-51,https://m.media-amazon.com/images/I/51+FZ3U9ztL._AC_UL320_.jpg,154,4.6,N/A,,,
62,B0052HJ6QA,レイメイ藤井 ペンケース 筆箱 ダブルファスナー,https://www.amazon.co.jp/%E3%83%AC%E3%82%A4%E3%83%A1%E3%82%A4%E8%97%A4%E4%BA%95-%E3%83%9A%E3%83%B3%E3%82%B1%E3%83%BC%E3%82%B9-%E3%83%80%E3%83%96%E3%83%AB%E3%83%95%E3%82%A1%E3%82%B9%E3%83%8A%E3%83%BC-%E3%83%96%E3%83%A9%E3%83%83%E3%82%AF-FY279B/dp/B0052HJ6QA/ref=sr_1_52?dib=eyJ2IjoiMSJ9.FUwT9ARtPgvr-41yp0qa-ETR3VJrD7nWUBqfcLfCwlakVRTwg7OlURHSxM8s_B5QCbUgxDGGJB6HbrnuWVSipCJDKwi3gjM6R2dSxkZabp3ve6vYeP3dg3ThtCLjkDzXWZBZiIL7vfwDx6NAi9jH5AxMVu53XD9qqN8OVqMLug6_VtMfOpnj12bp4NsyXOO86pEbxps0ab7VhRIYmTJNcStIf0zM0XnWMviJb3pZ9fNQrCOQWfYZetmrk4MCT5HH_C9ytbxZQmDyIk1RjlaBaAbEaYsAYLRoEYf6AP-vfOU.IxZUrxaYSfd6vHZMSIPszi-egygGqa8GOHIJk0zjt_o&dib_tag=se&keywords=%E7%AD%86%E7%AE%B1&qid=1747518489&sr=8-52,https://m.media-amazon.com/images/I/61dgvxcLVOL._AC_UL320_.jpg,576,4.3,N/A,,,
63,B0DMSBKRXJ,コクヨ 筆箱 ポーチ ペンケース パンケース イエロー F-VBF300Y,https://www.amazon.co.jp/%E3%82%B3%E3%82%AF%E3%83%A8-%E3%83%9A%E3%83%B3%E3%82%B1%E3%83%BC%E3%82%B9-%E3%83%91%E3%83%B3%E3%82%B1%E3%83%BC%E3%82%B9-%E3%82%A4%E3%82%A8%E3%83%AD%E3%83%BC-F-VBF300Y/dp/B0DMSBKRXJ/ref=sr_1_53?dib=eyJ2IjoiMSJ9.FUwT9ARtPgvr-41yp0qa-ETR3VJrD7nWUBqfcLfCwlakVRTwg7OlURHSxM8s_B5QCbUgxDGGJB6HbrnuWVSipCJDKwi3gjM6R2dSxkZabp3ve6vYeP3dg3ThtCLjkDzXWZBZiIL7vfwDx6NAi9jH5AxMVu53XD9qqN8OVqMLug6_VtMfOpnj12bp4NsyXOO86pEbxps0ab7VhRIYmTJNcStIf0zM0XnWMviJb3pZ9fNQrCOQWfYZetmrk4MCT5HH_C9ytbxZQmDyIk1RjlaBaAbEaYsAYLRoEYf6AP-vfOU.IxZUrxaYSfd6vHZMSIPszi-egygGqa8GOHIJk0zjt_o&dib_tag=se&keywords=%E7%AD%86%E7%AE%B1&qid=1747518489&sr=8-53,https://m.media-amazon.com/images/I/81I7gIBDAKL._AC_UL320_.jpg,58,4.1,N/A,,,
64,B076519H82,レイメイ藤井 ペンケース 筆箱 パタリーノ S ネイビー×グレー FY338K,https://www.amazon.co.jp/%E3%83%AC%E3%82%A4%E3%83%A1%E3%82%A4%E8%97%A4%E4%BA%95-%E3%83%9A%E3%83%B3%E3%82%B1%E3%83%BC%E3%82%B9-%E3%83%91%E3%82%BF%E3%83%AA%E3%83%BC%E3%83%8E-%E3%83%8D%E3%82%A4%E3%83%93%E3%83%BC%C3%97%E3%82%B0%E3%83%AC%E3%83%BC-FY338K/dp/B076519H82/ref=sr_1_54?dib=eyJ2IjoiMSJ9.FUwT9ARtPgvr-41yp0qa-ETR3VJrD7nWUBqfcLfCwlakVRTwg7OlURHSxM8s_B5QCbUgxDGGJB6HbrnuWVSipCJDKwi3gjM6R2dSxkZabp3ve6vYeP3dg3ThtCLjkDzXWZBZiIL7vfwDx6NAi9jH5AxMVu53XD9qqN8OVqMLug6_VtMfOpnj12bp4NsyXOO86pEbxps0ab7VhRIYmTJNcStIf0zM0XnWMviJb3pZ9fNQrCOQWfYZetmrk4MCT5HH_C9ytbxZQmDyIk1RjlaBaAbEaYsAYLRoEYf6AP-vfOU.IxZUrxaYSfd6vHZMSIPszi-egygGqa8GOHIJk0zjt_o&dib_tag=se&keywords=%E7%AD%86%E7%AE%B1&qid=1747518489&sr=8-54,https://m.media-amazon.com/images/I/81+fQJrjO8L._AC_UL320_.jpg,219,4.1,N/A,,,
65,B0D5QNRTXP,T Tersely 筆箱 ペンケース 大容量 多機能 3層 ペンポーチ ふでばこ おしゃれ 文具ポーチ 御洒落 三層構造 文具 文具バッグ 収納 コンパクト シンプル 大人 男女兼用 高校生 中学生 男の子 女の子 大学生 小学生 子供用 社会人 事務用品 収納ポーチ 化粧バッグ ケーブル収納バッグ (ブルー),https://www.amazon.co.jp/Tersely-%E3%83%9A%E3%83%B3%E3%82%B1%E3%83%BC%E3%82%B9-%E3%83%9A%E3%83%B3%E3%83%9D%E3%83%BC%E3%83%81-%E6%96%87%E5%85%B7%E3%83%9D%E3%83%BC%E3%83%81-%E3%82%B1%E3%83%BC%E3%83%96%E3%83%AB%E5%8F%8E%E7%B4%8D%E3%83%90%E3%83%83%E3%82%B0/dp/B0D5QNRTXP/ref=sr_1_55?dib=eyJ2IjoiMSJ9.FUwT9ARtPgvr-41yp0qa-ETR3VJrD7nWUBqfcLfCwlakVRTwg7OlURHSxM8s_B5QCbUgxDGGJB6HbrnuWVSipCJDKwi3gjM6R2dSxkZabp3ve6vYeP3dg3ThtCLjkDzXWZBZiIL7vfwDx6NAi9jH5AxMVu53XD9qqN8OVqMLug6_VtMfOpnj12bp4NsyXOO86pEbxps0ab7VhRIYmTJNcStIf0zM0XnWMviJb3pZ9fNQrCOQWfYZetmrk4MCT5HH_C9ytbxZQmDyIk1RjlaBaAbEaYsAYLRoEYf6AP-vfOU.IxZUrxaYSfd6vHZMSIPszi-egygGqa8GOHIJk0zjt_o&dib_tag=se&keywords=%E7%AD%86%E7%AE%B1&qid=1747518489&sr=8-55,https://m.media-amazon.com/images/I/81fJa+k22IL._AC_UL320_.jpg,86,4.1,N/A,,,
66,B09QYZ8KZ3,ペンケース スリム 筆箱 シンプル ふでばこ ペンポーチ ミニ 無地 (ブラック),https://www.amazon.co.jp/Copeflap-%E3%83%9A%E3%83%B3%E3%82%B1%E3%83%BC%E3%82%B9-%E3%82%B7%E3%83%B3%E3%83%97%E3%83%AB-%E3%81%B5%E3%81%A7%E3%81%B0%E3%81%93-%E3%83%9A%E3%83%B3%E3%83%9D%E3%83%BC%E3%83%81/dp/B09QYZ8KZ3/ref=sr_1_56?dib=eyJ2IjoiMSJ9.FUwT9ARtPgvr-41yp0qa-ETR3VJrD7nWUBqfcLfCwlakVRTwg7OlURHSxM8s_B5QCbUgxDGGJB6HbrnuWVSipCJDKwi3gjM6R2dSxkZabp3ve6vYeP3dg3ThtCLjkDzXWZBZiIL7vfwDx6NAi9jH5AxMVu53XD9qqN8OVqMLug6_VtMfOpnj12bp4NsyXOO86pEbxps0ab7VhRIYmTJNcStIf0zM0XnWMviJb3pZ9fNQrCOQWfYZetmrk4MCT5HH_C9ytbxZQmDyIk1RjlaBaAbEaYsAYLRoEYf6AP-vfOU.IxZUrxaYSfd6vHZMSIPszi-egygGqa8GOHIJk0zjt_o&dib_tag=se&keywords=%E7%AD%86%E7%AE%B1&qid=1747518489&sr=8-56,https://m.media-amazon.com/images/I/51hdFIfBWTL._AC_UL320_.jpg,47,4.4,N/A,,,
67,B0D2NFS9CW,ペンケース 韓国 筆箱 大容量 おしゃれ かわいい 小物 ポーチ ペンポーチ 中学生 高校生 女の子 文房具 収納バッグ マルチポーチ 化粧ポーチ (グレー-クマ柄),https://www.amazon.co.jp/ZEWZE-%E3%83%9A%E3%83%B3%E3%82%B1%E3%83%BC%E3%82%B9-%E3%83%9A%E3%83%B3%E3%83%9D%E3%83%BC%E3%83%81-%E3%83%9E%E3%83%AB%E3%83%81%E3%83%9D%E3%83%BC%E3%83%81-%E3%82%B0%E3%83%AC%E3%83%BC-%E3%82%AF%E3%83%9E%E6%9F%84/dp/B0D2NFS9CW/ref=sr_1_57?dib=eyJ2IjoiMSJ9.FUwT9ARtPgvr-41yp0qa-ETR3VJrD7nWUBqfcLfCwlakVRTwg7OlURHSxM8s_B5QCbUgxDGGJB6HbrnuWVSipCJDKwi3gjM6R2dSxkZabp3ve6vYeP3dg3ThtCLjkDzXWZBZiIL7vfwDx6NAi9jH5AxMVu53XD9qqN8OVqMLug6_VtMfOpnj12bp4NsyXOO86pEbxps0ab7VhRIYmTJNcStIf0zM0XnWMviJb3pZ9fNQrCOQWfYZetmrk4MCT5HH_C9ytbxZQmDyIk1RjlaBaAbEaYsAYLRoEYf6AP-vfOU.IxZUrxaYSfd6vHZMSIPszi-egygGqa8GOHIJk0zjt_o&dib_tag=se&keywords=%E7%AD%86%E7%AE%B1&qid=1747518489&sr=8-57,https://m.media-amazon.com/images/I/71nkZFGN1QL._AC_UL320_.jpg,10,4.3,N/A,,,
68,B0848TS7VJ,レイメイ藤井 ペンケース ケプト Kept クリアペンポーチ,https://www.amazon.co.jp/%E3%83%AC%E3%82%A4%E3%83%A1%E3%82%A4%E8%97%A4%E4%BA%95-%E3%83%9A%E3%83%B3%E3%82%B1%E3%83%BC%E3%82%B9-Kept-%E3%82%AF%E3%83%AA%E3%82%A2%E3%83%9A%E3%83%B3%E3%83%9D%E3%83%BC%E3%83%81-KPF902K/dp/B0848TS7VJ/ref=sr_1_58?dib=eyJ2IjoiMSJ9.FUwT9ARtPgvr-41yp0qa-ETR3VJrD7nWUBqfcLfCwlakVRTwg7OlURHSxM8s_B5QCbUgxDGGJB6HbrnuWVSipCJDKwi3gjM6R2dSxkZabp3ve6vYeP3dg3ThtCLjkDzXWZBZiIL7vfwDx6NAi9jH5AxMVu53XD9qqN8OVqMLug6_VtMfOpnj12bp4NsyXOO86pEbxps0ab7VhRIYmTJNcStIf0zM0XnWMviJb3pZ9fNQrCOQWfYZetmrk4MCT5HH_C9ytbxZQmDyIk1RjlaBaAbEaYsAYLRoEYf6AP-vfOU.IxZUrxaYSfd6vHZMSIPszi-egygGqa8GOHIJk0zjt_o&dib_tag=se&keywords=%E7%AD%86%E7%AE%B1&qid=1747518489&sr=8-58,https://m.media-amazon.com/images/I/61qRD78oPdL._AC_UL320_.jpg,1207,4.3,N/A,,,
69,B08HLZXC1L,レイメイ藤井 ペンケース デテクール,https://www.amazon.co.jp/%E3%83%AC%E3%82%A4%E3%83%A1%E3%82%A4%E8%97%A4%E4%BA%95-%E3%83%9A%E3%83%B3%E3%82%B1%E3%83%BC%E3%82%B9-%E3%83%87%E3%83%86%E3%82%AF%E3%83%BC%E3%83%AB-%E3%82%B0%E3%83%AC%E3%83%BC-FY379N/dp/B08HLZXC1L/ref=sr_1_59?dib=eyJ2IjoiMSJ9.FUwT9ARtPgvr-41yp0qa-ETR3VJrD7nWUBqfcLfCwlakVRTwg7OlURHSxM8s_B5QCbUgxDGGJB6HbrnuWVSipCJDKwi3gjM6R2dSxkZabp3ve6vYeP3dg3ThtCLjkDzXWZBZiIL7vfwDx6NAi9jH5AxMVu53XD9qqN8OVqMLug6_VtMfOpnj12bp4NsyXOO86pEbxps0ab7VhRIYmTJNcStIf0zM0XnWMviJb3pZ9fNQrCOQWfYZetmrk4MCT5HH_C9ytbxZQmDyIk1RjlaBaAbEaYsAYLRoEYf6AP-vfOU.IxZUrxaYSfd6vHZMSIPszi-egygGqa8GOHIJk0zjt_o&dib_tag=se&keywords=%E7%AD%86%E7%AE%B1&qid=1747518489&sr=8-59,https://m.media-amazon.com/images/I/61eM6m5RY8L._AC_UL320_.jpg,459,4.3,N/A,,,
70,B093CZ4T8V,[亀登鞄製作所] ぺンケース 筆箱 スリム 革 大容量 シンプル 大人 (牛革の最表面のみで作られたペンケース) おしゃれ レザーペンケース メンズ 革筆箱 本革 軽量 ビジネス,https://www.amazon.co.jp/%E4%BA%80%E7%99%BB%E9%9E%84%E8%A3%BD%E4%BD%9C%E6%89%80-%E3%81%BA%E3%83%B3%E3%82%B1%E3%83%BC%E3%82%B9-%E3%82%B7%E3%83%B3%E3%83%97%E3%83%AB-%E7%89%9B%E9%9D%A9%E3%81%AE%E6%9C%80%E8%A1%A8%E9%9D%A2%E3%81%AE%E3%81%BF%E3%81%A7%E4%BD%9C%E3%82%89%E3%82%8C%E3%81%9F%E3%83%9A%E3%83%B3%E3%82%B1%E3%83%BC%E3%82%B9-%E6%9C%AC%E4%BD%93%E3%82%B5%E3%82%A4%E3%82%BA/dp/B093CZ4T8V/ref=sr_1_60?dib=eyJ2IjoiMSJ9.FUwT9ARtPgvr-41yp0qa-ETR3VJrD7nWUBqfcLfCwlakVRTwg7OlURHSxM8s_B5QCbUgxDGGJB6HbrnuWVSipCJDKwi3gjM6R2dSxkZabp3ve6vYeP3dg3ThtCLjkDzXWZBZiIL7vfwDx6NAi9jH5AxMVu53XD9qqN8OVqMLug6_VtMfOpnj12bp4NsyXOO86pEbxps0ab7VhRIYmTJNcStIf0zM0XnWMviJb3pZ9fNQrCOQWfYZetmrk4MCT5HH_C9ytbxZQmDyIk1RjlaBaAbEaYsAYLRoEYf6AP-vfOU.IxZUrxaYSfd6vHZMSIPszi-egygGqa8GOHIJk0zjt_o&dib_tag=se&keywords=%E7%AD%86%E7%AE%B1&qid=1747518489&sr=8-60,https://m.media-amazon.com/images/I/61QyCp85M3L._AC_UL320_.jpg,919,4.5,N/A,,,
71,,ペンケース 筆箱 革 大容量 スリム レザー 大人 革筆箱 本革 手作り シンプル おしゃれ 軽量 ビジネス メンズ レディース スムーズなファスナー 万年筆 ペン 文房具 父の日 母の日 プレゼント (ブラック),https://www.amazon.co.jp#,https://m.media-amazon.com/images/I/71g4DHOkLbL._AC_UL320_.jpg,8,4.8,N/A,,,
72,B0DYJFKMQ9,ペンケース 筆箱 革 大容量 スリム レザー 大人 革筆箱 本革 手作り シンプル おしゃれ 軽量 ビジネス メンズ レディース スムーズなファスナー 万年筆 ペン 文房具 父の日 母の日 プレゼント (ブラック),https://www.amazon.co.jp/sspa/click?ie=UTF8&spc=MTo0MDU2OTAwNjc3MDIyNTAzOjE3NDc1MTg0ODk6c3Bfc2VhcmNoX3RoZW1hdGljX2J0ZjozMDAwODc4MzI0MjE2NjI6OjA6Og&url=%2FFENSPARK-%25E3%2583%259A%25E3%2583%25B3%25E3%2582%25B1%25E3%2583%25BC%25E3%2582%25B9-%25E3%2583%25AC%25E3%2583%2587%25E3%2582%25A3%25E3%2583%25BC%25E3%2582%25B9-%25E3%2582%25B9%25E3%2583%25A0%25E3%2583%25BC%25E3%2582%25BA%25E3%2581%25AA%25E3%2583%2595%25E3%2582%25A1%25E3%2582%25B9%25E3%2583%258A%25E3%2583%25BC-%25E3%2583%2597%25E3%2583%25AC%25E3%2582%25BC%25E3%2583%25B3%25E3%2583%2588%2Fdp%2FB0DYJFKMQ9%2Fref%3Dsxbs_pa_sp_search_thematic_btf_sspa%3Fcontent-id%3Damzn1.sym.dfae273c-5114-4e59-b9f2-099001483b48%253Aamzn1.sym.dfae273c-5114-4e59-b9f2-099001483b48%26cv_ct_cx%3D%25E7%25AD%2586%25E7%25AE%25B1%26keywords%3D%25E7%25AD%2586%25E7%25AE%25B1%26pd_rd_i%3DB0DYJFKMQ9%26pd_rd_r%3D3d657b13-9e98-49df-9f00-c80b20015985%26pd_rd_w%3Dj6viM%26pd_rd_wg%3D58hxm%26pf_rd_p%3Ddfae273c-5114-4e59-b9f2-099001483b48%26pf_rd_r%3DSK2KKS89ZZK1JEF0V5D8%26qid%3D1747518489%26sbo%3DRZvfv%252F%252FHxDF%252BO5021pAnSA%253D%253D%26sr%3D1-1-4a365ee0-6957-4576-ac05-70f3b5657850-spons%26sp_csd%3Dd2lkZ2V0TmFtZT1zcF9zZWFyY2hfdGhlbWF0aWNfYnRm%26psc%3D1,https://m.media-amazon.com/images/I/71g4DHOkLbL._AC_UL320_.jpg,8,4.8,N/A,,,
73,B0DWMQWGC4,ペンケース 筆箱 本革 プエブロレザー 大容量 20本収納 自立 ペン入れ スリム 文房具 ファスナー付き 高校生 社会人 入学祝い プレゼント (赤褐色),https://www.amazon.co.jp/sspa/click?ie=UTF8&spc=MTo0MDU2OTAwNjc3MDIyNTAzOjE3NDc1MTg0ODk6c3Bfc2VhcmNoX3RoZW1hdGljX2J0ZjozMDAwOTAyMDk1NDk5NjI6OjE6Og&url=%2F%25E3%2583%259A%25E3%2583%25B3%25E3%2582%25B1%25E3%2583%25BC%25E3%2582%25B9-%25E3%2583%2597%25E3%2582%25A8%25E3%2583%2596%25E3%2583%25AD%25E3%2583%25AC%25E3%2582%25B6%25E3%2583%25BC-20%25E6%259C%25AC%25E5%258F%258E%25E7%25B4%258D-%25E3%2583%2595%25E3%2582%25A1%25E3%2582%25B9%25E3%2583%258A%25E3%2583%25BC%25E4%25BB%2598%25E3%2581%258D-%25E3%2583%2597%25E3%2583%25AC%25E3%2582%25BC%25E3%2583%25B3%25E3%2583%2588%2Fdp%2FB0DWMQWGC4%2Fref%3Dsxbs_pa_sp_search_thematic_btf_sspa%3Fcontent-id%3Damzn1.sym.dfae273c-5114-4e59-b9f2-099001483b48%253Aamzn1.sym.dfae273c-5114-4e59-b9f2-099001483b48%26cv_ct_cx%3D%25E7%25AD%2586%25E7%25AE%25B1%26keywords%3D%25E7%25AD%2586%25E7%25AE%25B1%26pd_rd_i%3DB0DWMQWGC4%26pd_rd_r%3D3d657b13-9e98-49df-9f00-c80b20015985%26pd_rd_w%3Dj6viM%26pd_rd_wg%3D58hxm%26pf_rd_p%3Ddfae273c-5114-4e59-b9f2-099001483b48%26pf_rd_r%3DSK2KKS89ZZK1JEF0V5D8%26qid%3D1747518489%26sbo%3DRZvfv%252F%252FHxDF%252BO5021pAnSA%253D%253D%26sr%3D1-2-4a365ee0-6957-4576-ac05-70f3b5657850-spons%26sp_csd%3Dd2lkZ2V0TmFtZT1zcF9zZWFyY2hfdGhlbWF0aWNfYnRm%26psc%3D1,https://m.media-amazon.com/images/I/617SMyu9IUL._AC_UL320_.jpg,19,4.5,N/A,,,
74,B0DM1829PB,[Lurverri] ペンケース 大容量 可愛い 丸型 本革 イタリアンオイルレザー YKKファスナー 大きめ 筆箱 シンプル ビジネス ギフトBOX付き ロイヤルブルー,https://www.amazon.co.jp/sspa/click?ie=UTF8&spc=MTo0MDU2OTAwNjc3MDIyNTAzOjE3NDc1MTg0ODk6c3Bfc2VhcmNoX3RoZW1hdGljX2J0ZjozMDAwNzQ1OTQ4MTEwNjI6OjI6Og&url=%2FLurverri-%25E3%2582%25A4%25E3%2582%25BF%25E3%2583%25AA%25E3%2582%25A2%25E3%2583%25B3%25E3%2582%25AA%25E3%2582%25A4%25E3%2583%25AB%25E3%2583%25AC%25E3%2582%25B6%25E3%2583%25BC-YKK%25E3%2583%2595%25E3%2582%25A1%25E3%2582%25B9%25E3%2583%258A%25E3%2583%25BC-%25E3%2582%25AE%25E3%2583%2595%25E3%2583%2588BOX%25E4%25BB%2598%25E3%2581%258D-%25E3%2583%25AD%25E3%2582%25A4%25E3%2583%25A4%25E3%2583%25AB%25E3%2583%2596%25E3%2583%25AB%25E3%2583%25BC%2Fdp%2FB0DM1829PB%2Fref%3Dsxbs_pa_sp_search_thematic_btf_sspa%3Fcontent-id%3Damzn1.sym.dfae273c-5114-4e59-b9f2-099001483b48%253Aamzn1.sym.dfae273c-5114-4e59-b9f2-099001483b48%26cv_ct_cx%3D%25E7%25AD%2586%25E7%25AE%25B1%26keywords%3D%25E7%25AD%2586%25E7%25AE%25B1%26pd_rd_i%3DB0DM1829PB%26pd_rd_r%3D3d657b13-9e98-49df-9f00-c80b20015985%26pd_rd_w%3Dj6viM%26pd_rd_wg%3D58hxm%26pf_rd_p%3Ddfae273c-5114-4e59-b9f2-099001483b48%26pf_rd_r%3DSK2KKS89ZZK1JEF0V5D8%26qid%3D1747518489%26sbo%3DRZvfv%252F%252FHxDF%252BO5021pAnSA%253D%253D%26sr%3D1-3-4a365ee0-6957-4576-ac05-70f3b5657850-spons%26sp_csd%3Dd2lkZ2V0TmFtZT1zcF9zZWFyY2hfdGhlbWF0aWNfYnRm%26psc%3D1,https://m.media-amazon.com/images/I/714FLnQUKJL._AC_UL320_.jpg,70,4.3,N/A,,,
75,B0CF4W9K8P,[iaji] ペンケース 筆箱 革 大容量 スリム ペントレー のように使える おしゃれ シンプル (ブラック),https://www.amazon.co.jp/sspa/click?ie=UTF8&spc=MTo0MDU2OTAwNjc3MDIyNTAzOjE3NDc1MTg0ODk6c3Bfc2VhcmNoX3RoZW1hdGljX2J0ZjozMDAwMDY3OTczNTk1NjI6OjM6Og&url=%2Fiaji-%25E3%2583%259A%25E3%2583%25B3%25E3%2582%25B1%25E3%2583%25BC%25E3%2582%25B9-%25E3%2583%259A%25E3%2583%25B3%25E3%2583%2588%25E3%2583%25AC%25E3%2583%25BC-%25E3%2581%25AE%25E3%2582%2588%25E3%2581%2586%25E3%2581%25AB%25E4%25BD%25BF%25E3%2581%2588%25E3%2582%258B-%25E3%2581%258A%25E3%2581%2597%25E3%2582%2583%25E3%2582%258C%2Fdp%2FB0CF4W9K8P%2Fref%3Dsxbs_pa_sp_search_thematic_btf_sspa%3Fcontent-id%3Damzn1.sym.dfae273c-5114-4e59-b9f2-099001483b48%253Aamzn1.sym.dfae273c-5114-4e59-b9f2-099001483b48%26cv_ct_cx%3D%25E7%25AD%2586%25E7%25AE%25B1%26keywords%3D%25E7%25AD%2586%25E7%25AE%25B1%26pd_rd_i%3DB0CF4W9K8P%26pd_rd_r%3D3d657b13-9e98-49df-9f00-c80b20015985%26pd_rd_w%3Dj6viM%26pd_rd_wg%3D58hxm%26pf_rd_p%3Ddfae273c-5114-4e59-b9f2-099001483b48%26pf_rd_r%3DSK2KKS89ZZK1JEF0V5D8%26qid%3D1747518489%26sbo%3DRZvfv%252F%252FHxDF%252BO5021pAnSA%253D%253D%26sr%3D1-4-4a365ee0-6957-4576-ac05-70f3b5657850-spons%26sp_csd%3Dd2lkZ2V0TmFtZT1zcF9zZWFyY2hfdGhlbWF0aWNfYnRm%26psc%3D1,https://m.media-amazon.com/images/I/61dubY793lL._AC_UL320_.jpg,147,4.5,N/A,,,
76,B0CF1DVJ8V,[Dom Teporna] 本革 ペンケース 3本 万年筆 シンプル おしゃれ イタリアンレザー コンパクト 筆箱 ペンホルダー 文房具 ダークブラウン/3本差し,https://www.amazon.co.jp/sspa/click?ie=UTF8&spc=MTo0MDU2OTAwNjc3MDIyNTAzOjE3NDc1MTg0ODk6c3Bfc2VhcmNoX3RoZW1hdGljX2J0ZjozMDAwMDU1MDc4MzMxNjI6OjQ6Og&url=%2FDom-Teporna-%25E3%2582%25A4%25E3%2582%25BF%25E3%2583%25AA%25E3%2582%25A2%25E3%2583%25B3%25E3%2583%25AC%25E3%2582%25B6%25E3%2583%25BC-%25E3%2583%259A%25E3%2583%25B3%25E3%2583%259B%25E3%2583%25AB%25E3%2583%2580%25E3%2583%25BC-%25E3%2583%2580%25E3%2583%25BC%25E3%2582%25AF%25E3%2583%2596%25E3%2583%25A9%25E3%2582%25A6%25E3%2583%25B3%2Fdp%2FB0CF1DVJ8V%2Fref%3Dsxbs_pa_sp_search_thematic_btf_sspa%3Fcontent-id%3Damzn1.sym.dfae273c-5114-4e59-b9f2-099001483b48%253Aamzn1.sym.dfae273c-5114-4e59-b9f2-099001483b48%26cv_ct_cx%3D%25E7%25AD%2586%25E7%25AE%25B1%26keywords%3D%25E7%25AD%2586%25E7%25AE%25B1%26pd_rd_i%3DB0CF1DVJ8V%26pd_rd_r%3D3d657b13-9e98-49df-9f00-c80b20015985%26pd_rd_w%3Dj6viM%26pd_rd_wg%3D58hxm%26pf_rd_p%3Ddfae273c-5114-4e59-b9f2-099001483b48%26pf_rd_r%3DSK2KKS89ZZK1JEF0V5D8%26qid%3D1747518489%26sbo%3DRZvfv%252F%252FHxDF%252BO5021pAnSA%253D%253D%26sr%3D1-5-4a365ee0-6957-4576-ac05-70f3b5657850-spons%26sp_csd%3Dd2lkZ2V0TmFtZT1zcF9zZWFyY2hfdGhlbWF0aWNfYnRm%26psc%3D1,https://m.media-amazon.com/images/I/71jDru-OAbL._AC_UL320_.jpg,334,4.3,N/A,,,
77,,N/A,https://www.amazon.co.jp/s?k=%E3%82%B7%E3%83%A3%E3%83%BC%E3%83%9A%E3%83%B3&ref=rsl_sug_0_0&pd_rd_w=f25h6&content-id=amzn1.sym.62e47e11-d464-411c-b9e4-4daead37910c:amzn1.sym.62e47e11-d464-411c-b9e4-4daead37910c&pf_rd_p=62e47e11-d464-411c-b9e4-4daead37910c&pf_rd_r=SK2KKS89ZZK1JEF0V5D8&pd_rd_wg=58hxm&pd_rd_r=3d657b13-9e98-49df-9f00-c80b20015985&qid=1747518489,N/A,N/A,N/A,N/A,,,
78,,N/A,https://www.amazon.co.jp/s?k=%E7%AD%86%E7%AE%B1&page=2&xpid=dQi3qDNckMeGh&qid=1747518489&ref=sr_pg_2,N/A,N/A,N/A,N/A,,,
79,,N/A,https://www.amazon.co.jphttps://aax-fe.amazon.co.jp/x/c/JDtaH4kB3M_neYg9MJnxkxoAAAGW4DgF3QcAAAH2AQBvbm9fdHhuX2JpZDEgICBvbm9fdHhuX2ltcDEgICCsde6U/https://www.amazon.co.jp/stores/page/DB667F45-79A7-4F56-B091-F7C85638EC77/?_encoding=UTF8&store_ref=SB_A3BM4A054PWAQ7-A1D9A0B5VTB5ZQ&pd_rd_plhdr=t&aaxitk=060214c0441b803ef792175929f61d16&hsa_cr_id=3278140690303&lp_asins=B085H8PMYB%2CB08671KTHW&lp_query=%E7%AD%86%E7%AE%B1&lp_slot=desktop-hsa-3psl&ref_=sbx_be_s_3psl_mbd_mb0_bkgd&pd_rd_w=yl9OI&content-id=amzn1.sym.bdae621c-a752-4cd0-8103-bfd852216314%3Aamzn1.sym.bdae621c-a752-4cd0-8103-bfd852216314&pf_rd_p=bdae621c-a752-4cd0-8103-bfd852216314&pf_rd_r=SK2KKS89ZZK1JEF0V5D8&pd_rd_wg=MNWjs&pd_rd_r=b2dece5d-a040-434f-97e8-a7b27e56eadf,N/A,N/A,N/A,N/A,,,
80,,N/A,https://www.amazon.co.jp/gp/help/customer/display.html?nodeId=642942,N/A,ヘルプセクションを参照する,N/A,N/A,,,
81,,N/A,N/A,N/A,N/A,N/A,N/A,,,
