"商品名","URL","画像URL","画像pHash"
"N/A","N/A","https://m.media-amazon.com/images/I/61ivb7W6rXL._AC_UL960_FMwebp_QL65_.jpg","afe8bde5c104c147"
"N/A","N/A","https://m.media-amazon.com/images/I/61a+qF3PgxL._AC_UL960_FMwebp_QL65_.jpg","beec40a0a52d8f8f"
"N/A","N/A","https://m.media-amazon.com/images/I/51Q2GsKju2L._AC_UL960_FMwebp_QL65_.jpg","fa4a85b04bcab0e7"
"N/A","N/A","https://m.media-amazon.com/images/I/61W3EbLPi7L._AC_UL960_FMwebp_QL65_.jpg","babdddc4e402827a"
"N/A","N/A","https://m.media-amazon.com/images/I/51ZKLXgDgLL._AC_UL960_FMwebp_QL65_.jpg","ea3686d2dd4a8d46"
"N/A","N/A","https://m.media-amazon.com/images/I/61fW5KisQdL._AC_UL960_FMwebp_QL65_.jpg","ae9ef517c160c878"
"N/A","N/A","https://m.media-amazon.com/images/I/51J-SJiWExL._AC_UL960_FMwebp_QL65_.jpg","fec2bc42956bc0c5"
"N/A","N/A","https://m.media-amazon.com/images/I/51TRTl7fTYL._AC_UL960_FMwebp_QL65_.jpg","bfe8b864c92cd528"
"N/A","N/A","https://m.media-amazon.com/images/I/51aIV5wD1hL._AC_UL960_FMwebp_QL65_.jpg","bf40d8e1cd97881b"
"N/A","N/A","https://m.media-amazon.com/images/I/51Ngw227xtL._AC_UL960_FMwebp_QL65_.jpg","eb354a84ac69b4b5"
"N/A","N/A","https://m.media-amazon.com/images/I/81Bo896kveL._AC_UL960_FMwebp_QL65_.jpg","af82aa6fb860bc68"
"N/A","N/A","https://m.media-amazon.com/images/I/61qDtCqp7oL._AC_UL960_FMwebp_QL65_.jpg","e887c71679589393"
"N/A","N/A","https://m.media-amazon.com/images/I/51ZKLXgDgLL._AC_UL960_FMwebp_QL65_.jpg","ea3686d2dd4a8d46"
"N/A","N/A","https://m.media-amazon.com/images/I/61ahTQfjBXL._AC_UL960_FMwebp_QL65_.jpg","aee099d0df344f11"
"N/A","N/A","https://m.media-amazon.com/images/I/71AQLTib3eL._AC_UL960_FMwebp_QL65_.jpg","fe3a5ae48784c8c9"
"N/A","N/A","https://m.media-amazon.com/images/I/61Jlc5sGb9L._AC_UL960_FMwebp_QL65_.jpg","aac0b52fd06dd235"
"N/A","N/A","https://m.media-amazon.com/images/I/31RjPKHo1OL._AC_UL960_FMwebp_QL65_.jpg","f86ac6932b4a98b6"
"N/A","N/A","https://m.media-amazon.com/images/I/61hsV1oqzqL._AC_UL960_FMwebp_QL65_.jpg","86fed1d1d6246c19"
"N/A","N/A","https://m.media-amazon.com/images/I/61kGiMsfSDL._AC_UL960_FMwebp_QL65_.jpg","ffc0b6c89562944b"
"N/A","N/A","https://m.media-amazon.com/images/I/51vVoonsFwL._AC_UL960_FMwebp_QL65_.jpg","fe42a440d9a39eb5"
"N/A","N/A","https://m.media-amazon.com/images/I/41utcSy230L._AC_UL960_FMwebp_QL65_.jpg","ea9fc181cc95d1aa"
"N/A","N/A","https://m.media-amazon.com/images/I/514pPQkwhNL._AC_UL960_FMwebp_QL65_.jpg","af68d3a2c899c89b"
"N/A","N/A","https://m.media-amazon.com/images/I/71PAJwm38ZL._AC_UL960_FMwebp_QL65_.jpg","bfbdf00c89f0c2e0"
"N/A","N/A","https://m.media-amazon.com/images/I/61SNsep6rLL._AC_UL960_FMwebp_QL65_.jpg","ab70df8e8a60e968"
"N/A","N/A","https://m.media-amazon.com/images/I/61GvfnrU3uL._AC_UL960_FMwebp_QL65_.jpg","bf90907d6ae68895"
"N/A","N/A","https://m.media-amazon.com/images/I/61asiBwmrPS._AC_UL960_FMwebp_QL65_.jpg","ebd4a26bd609934c"
"N/A","N/A","https://m.media-amazon.com/images/I/71SeKPnxXNL._AC_UL960_FMwebp_QL65_.jpg","ebadb1c8c40b36f0"
"N/A","N/A","https://m.media-amazon.com/images/I/619iPbsqLrL._AC_UL960_FMwebp_QL65_.jpg","899c9e84bc52af0f"
"N/A","N/A","https://m.media-amazon.com/images/I/71nkZFGN1QL._AC_UL960_FMwebp_QL65_.jpg","fea1a8b1e0a78595"
"N/A","N/A","https://m.media-amazon.com/images/I/71ccRf7wo1L._AC_UL960_FMwebp_QL65_.jpg","af80baffa460907a"
"N/A","N/A","https://m.media-amazon.com/images/I/51PYXtdHZJL._AC_UL960_FMwebp_QL65_.jpg","fa1d2d361b1a1a5a"
"N/A","N/A","https://m.media-amazon.com/images/I/71B1+nlWZ+L._AC_UL960_FMwebp_QL65_.jpg","afb48d94d0f8d291"
"N/A","N/A","https://m.media-amazon.com/images/I/61Lf8CJ0vYL._AC_UL960_FMwebp_QL65_.jpg","80fed9d9e6260c99"
"N/A","N/A","https://m.media-amazon.com/images/I/71Dr4k-3ukL._AC_UL960_FMwebp_QL65_.jpg","fa86a9cca9289739"
"N/A","N/A","https://m.media-amazon.com/images/I/51BJIy5V7mL._AC_UL960_FMwebp_QL65_.jpg","eb128c2db575921e"
"N/A","N/A","https://m.media-amazon.com/images/I/41L5-yFns0L._AC_UL960_FMwebp_QL65_.jpg","fa192d360b5ad8ca"
"N/A","N/A","https://m.media-amazon.com/images/I/51010g9yfjL._AC_UL960_FMwebp_QL65_.jpg","ff62a6489d62c09d"
"N/A","N/A","https://m.media-amazon.com/images/I/61r+uIw4YTL._AC_UL960_FMwebp_QL65_.jpg","f2974e218a4cb9c7"
"N/A","N/A","https://m.media-amazon.com/images/I/615UB7Hb+nL._AC_UL960_FMwebp_QL65_.jpg","80fedbd9d6260c91"
"N/A","N/A","https://m.media-amazon.com/images/I/51+ElMHkygL._AC_UL960_FMwebp_QL65_.jpg","fa25a498913f986e"
"N/A","N/A","https://m.media-amazon.com/images/I/41xQ4zDRYSL._AC_UL960_FMwebp_QL65_.jpg","ba6ab7689562c09d"
"N/A","N/A","https://m.media-amazon.com/images/I/61ePsJFsprL._AC_UL960_FMwebp_QL65_.jpg","bf92fa4aec4d8482"
"N/A","N/A","https://m.media-amazon.com/images/I/51Q2GsKju2L._AC_UL960_FMwebp_QL65_.jpg","fa4a85b04bcab0e7"
"N/A","N/A","https://m.media-amazon.com/images/I/51-O2rE6KZL._AC_UL960_FMwebp_QL65_.jpg","bf40d8e1cd97881b"
"N/A","N/A","https://m.media-amazon.com/images/I/714QTj9K3qL._AC_UL960_FMwebp_QL65_.jpg","fe1d9463a8c465c6"
"N/A","N/A","https://m.media-amazon.com/images/I/81AL2efsv-L._AC_UL960_FMwebp_QL65_.jpg","ef3d69e094986661"
"N/A","N/A","https://m.media-amazon.com/images/I/31mP0wTgQvL._AC_UL960_FMwebp_QL65_.jpg","fac0bf2ada21ca31"
"N/A","N/A","https://m.media-amazon.com/images/I/61xoD-v5b7L._AC_UL960_FMwebp_QL65_.jpg","fa4bd5ead0c08297"
"N/A","N/A","https://m.media-amazon.com/images/I/61i-xS1fDHL._AC_UL960_FMwebp_QL65_.jpg","c0c3aa3f3b2329e3"
"N/A","N/A","https://m.media-amazon.com/images/I/718hw7kM-BL._AC_UL960_FMwebp_QL65_.jpg","ee3bab3b9c4481c4"
