順位,ASIN,商品名,商品URL,評価数,評価値,直近30日販売数（親）,ライバル候補,トラフィック順位,トラフィック比率
1,,N/A,https://www.amazon.co.jphttps://aax-fe.amazon.co.jp/x/c/JAXk5d5XGjCha8U7BBV6A5UAAAGWo9skDAcAAAH2AQBvbm9fdHhuX2JpZDEgICBvbm9fdHhuX2ltcDEgICCtdpNq/https://www.amazon.co.jp/stores/page/87CAD9F5-2531-48BD-BAA5-B041848A997D/?_encoding=UTF8&store_ref=SB_A070410810QXR4CCN3EC9-A02412223HJLDPQQM2UA3&pd_rd_plhdr=t&aaxitk=33521c5cd2f3f63de439c7fdf5011c4e&hsa_cr_id=0&lp_asins=B0DXJNRQGK%2CB0DXJS7K9T%2CB0DXJGWNW9&lp_query=%E3%82%AD%E3%83%A5%E3%83%BC%E3%83%86%E3%82%A3%E3%82%AF%E3%83%AB%E3%83%AA%E3%83%A0%E3%83%BC%E3%83%90%E3%83%BC&lp_slot=auto-sparkle-hsa-tetris&ref_=sbx_be_s_sparkle_lsi4d_bkgd&pd_rd_w=tjuYb&content-id=amzn1.sym.ea91fbda-5568-44df-b5b0-99202f731686%3Aamzn1.sym.ea91fbda-5568-44df-b5b0-99202f731686&pf_rd_p=ea91fbda-5568-44df-b5b0-99202f731686&pf_rd_r=4AD67RJPE5SW1SNMMC3K&pd_rd_wg=crGqF&pd_rd_r=f1f4bf6b-db0e-40bb-9611-2686b8f542d9,N/A,4.2.,919,,,
2,,N/A,N/A,N/A,N/A,236,,,
3,B0D2Z8CL19,MIKAGAMI キューティクルリムーバー 甘皮処理 ネイル 100ml 日本製,https://www.amazon.co.jp/sspa/click?ie=UTF8&spc=MTo2NDE5OTA2MzA3OTc3Mjg2OjE3NDY1MDU3Njk6c3BfYXRmOjMwMDA0MDQyNTY4NzA2Mjo6MDo6&url=%2FMIKAGAMI-%25E3%2582%25AD%25E3%2583%25A5%25E3%2583%25BC%25E3%2583%2586%25E3%2582%25A3%25E3%2582%25AF%25E3%2583%25AB%25E3%2583%25AA%25E3%2583%25A0%25E3%2583%25BC%25E3%2583%2590%25E3%2583%25BC-%25E7%2594%2598%25E7%259A%25AE%25E5%2587%25A6%25E7%2590%2586-%25E3%2583%258D%25E3%2582%25A4%25E3%2583%25AB-100ml%2Fdp%2FB0D2Z8CL19%2Fref%3Dsr_1_1_sspa%3Fdib%3DeyJ2IjoiMSJ9.P3MjLEnYawSIXH6AeHnqU5b6pHqwg54qu9FKGr2lXmK0kg0Ps3aC4TVT6EnZtx16yf30GB85YOCmQnh47Hq7vQT14ZRgseNmSZxSEAe6mn8gwyi2Mm8-ITdJATPG3zPkPJI6I6dMvC4B5AgQE_VHv-bX6tR0Xxd09q8yC5v3vBtHvY3vHn5l-0VAo8j0QCyY5Sd0TIoKSCukDxTyxZSLLddNHFNNg6ZjudnZ2Y5fnGZyopgZx1ZiwLZ0fk-Iier3oujyFHk92epNDTvNotnHWYyn7qEO8bsbsLIrd4orEiA.huhEXmwMDKm0rjHcWGZlHsdjeLz-p1EWPy2_nxuwaoY%26dib_tag%3Dse%26keywords%3D%25E3%2582%25AD%25E3%2583%25A5%25E3%2583%25BC%25E3%2583%2586%25E3%2582%25A3%25E3%2582%25AF%25E3%2583%25AB%25E3%2583%25AA%25E3%2583%25A0%25E3%2583%25BC%25E3%2583%2590%25E3%2583%25BC%26qid%3D1746505769%26sr%3D8-1-spons%26sp_csd%3Dd2lkZ2V0TmFtZT1zcF9hdGY%26psc%3D1,214,4.3,120,,,
4,B0DPQHN59X,【 LULUGEL 甘皮処理 セット DX】 キューティクルリムーバー キューティクルニッパー 甘皮 ニッパー プッシャー キューティクルプッシャー 爪磨き ガラス ファイル ４点 ジェルネイル ネイルケア セット 説明書付き,https://www.amazon.co.jp/sspa/click?ie=UTF8&spc=MTo2NDE5OTA2MzA3OTc3Mjg2OjE3NDY1MDU3Njk6c3BfYXRmOjMwMDA3MjA1OTc1MTg2Mjo6MDo6&url=%2FLULUGEL-%25E3%2582%25AD%25E3%2583%25A5%25E3%2583%25BC%25E3%2583%2586%25E3%2582%25A3%25E3%2582%25AF%25E3%2583%25AB%25E3%2583%25AA%25E3%2583%25A0%25E3%2583%25BC%25E3%2583%2590%25E3%2583%25BC-%25E3%2582%25AD%25E3%2583%25A5%25E3%2583%25BC%25E3%2583%2586%25E3%2582%25A3%25E3%2582%25AF%25E3%2583%25AB%25E3%2583%258B%25E3%2583%2583%25E3%2583%2591%25E3%2583%25BC-%25E3%2582%25AD%25E3%2583%25A5%25E3%2583%25BC%25E3%2583%2586%25E3%2582%25A3%25E3%2582%25AF%25E3%2583%25AB%25E3%2583%2597%25E3%2583%2583%25E3%2582%25B7%25E3%2583%25A3%25E3%2583%25BC-%25E3%2582%25B8%25E3%2582%25A7%25E3%2583%25AB%25E3%2583%258D%25E3%2582%25A4%25E3%2583%25AB%2Fdp%2FB0DPQHN59X%2Fref%3Dsr_1_2_sspa%3Fdib%3DeyJ2IjoiMSJ9.P3MjLEnYawSIXH6AeHnqU5b6pHqwg54qu9FKGr2lXmK0kg0Ps3aC4TVT6EnZtx16yf30GB85YOCmQnh47Hq7vQT14ZRgseNmSZxSEAe6mn8gwyi2Mm8-ITdJATPG3zPkPJI6I6dMvC4B5AgQE_VHv-bX6tR0Xxd09q8yC5v3vBtHvY3vHn5l-0VAo8j0QCyY5Sd0TIoKSCukDxTyxZSLLddNHFNNg6ZjudnZ2Y5fnGZyopgZx1ZiwLZ0fk-Iier3oujyFHk92epNDTvNotnHWYyn7qEO8bsbsLIrd4orEiA.huhEXmwMDKm0rjHcWGZlHsdjeLz-p1EWPy2_nxuwaoY%26dib_tag%3Dse%26keywords%3D%25E3%2582%25AD%25E3%2583%25A5%25E3%2583%25BC%25E3%2583%2586%25E3%2582%25A3%25E3%2582%25AF%25E3%2583%25AB%25E3%2583%25AA%25E3%2583%25A0%25E3%2583%25BC%25E3%2583%2590%25E3%2583%25BC%26qid%3D1746505769%26sr%3D8-2-spons%26sp_csd%3Dd2lkZ2V0TmFtZT1zcF9hdGY%26psc%3D1,90,4.5,241,,,
5,B0DPMP36PQ,【甘皮ごっそり】LULUGEL キューティクルリムーバー 100ml 甘皮処理 ネイルケア 甘皮ケア 爪 ケア 甘皮リムーバー ゲル状速攻タイプなので 処理 時短 (100ml),https://www.amazon.co.jp/sspa/click?ie=UTF8&spc=MTo2NDE5OTA2MzA3OTc3Mjg2OjE3NDY1MDU3Njk6c3BfYXRmOjMwMDA3MTc0NzcwNjY2Mjo6MDo6&url=%2F%25E3%2580%2590%25E7%2594%2598%25E7%259A%25AE%25E3%2581%2594%25E3%2581%25A3%25E3%2581%259D%25E3%2582%258A%25E3%2580%2591LULUGEL-%25E3%2582%25AD%25E3%2583%25A5%25E3%2583%25BC%25E3%2583%2586%25E3%2582%25A3%25E3%2582%25AF%25E3%2583%25AB%25E3%2583%25AA%25E3%2583%25A0%25E3%2583%25BC%25E3%2583%2590%25E3%2583%25BC-100ml-%25E7%2594%2598%25E7%259A%25AE%25E3%2583%25AA%25E3%2583%25A0%25E3%2583%25BC%25E3%2583%2590%25E3%2583%25BC-%25E3%2582%25B2%25E3%2583%25AB%25E7%258A%25B6%25E9%2580%259F%25E6%2594%25BB%25E3%2582%25BF%25E3%2582%25A4%25E3%2583%2597%25E3%2581%25AA%25E3%2581%25AE%25E3%2581%25A7%2Fdp%2FB0DPMP36PQ%2Fref%3Dsr_1_3_sspa%3Fdib%3DeyJ2IjoiMSJ9.P3MjLEnYawSIXH6AeHnqU5b6pHqwg54qu9FKGr2lXmK0kg0Ps3aC4TVT6EnZtx16yf30GB85YOCmQnh47Hq7vQT14ZRgseNmSZxSEAe6mn8gwyi2Mm8-ITdJATPG3zPkPJI6I6dMvC4B5AgQE_VHv-bX6tR0Xxd09q8yC5v3vBtHvY3vHn5l-0VAo8j0QCyY5Sd0TIoKSCukDxTyxZSLLddNHFNNg6ZjudnZ2Y5fnGZyopgZx1ZiwLZ0fk-Iier3oujyFHk92epNDTvNotnHWYyn7qEO8bsbsLIrd4orEiA.huhEXmwMDKm0rjHcWGZlHsdjeLz-p1EWPy2_nxuwaoY%26dib_tag%3Dse%26keywords%3D%25E3%2582%25AD%25E3%2583%25A5%25E3%2583%25BC%25E3%2583%2586%25E3%2582%25A3%25E3%2582%25AF%25E3%2583%25AB%25E3%2583%25AA%25E3%2583%25A0%25E3%2583%25BC%25E3%2583%2590%25E3%2583%25BC%26qid%3D1746505769%26sr%3D8-3-spons%26sp_csd%3Dd2lkZ2V0TmFtZT1zcF9hdGY%26psc%3D1,27,4.0,977,,,
6,B0DPMQP1Z8,【甘皮ごっそり】LULUGEL キューティクルリムーバー 100ml【スポイトタイプ20ml付き】 甘皮処理 ネイルケア 甘皮ケア 爪 ケア 甘皮リムーバー ゲル状速攻タイプなので 処理 時短 (2点セット(20ml.100ml)),https://www.amazon.co.jp/sspa/click?ie=UTF8&spc=MTo2NDE5OTA2MzA3OTc3Mjg2OjE3NDY1MDU3Njk6c3BfYXRmOjMwMDA3MTY2NDUzMjI2Mjo6MDo6&url=%2F%25E3%2580%2590%25E7%2594%2598%25E7%259A%25AE%25E3%2581%2594%25E3%2581%25A3%25E3%2581%259D%25E3%2582%258A%25E3%2580%2591LULUGEL-%25E3%2582%25AD%25E3%2583%25A5%25E3%2583%25BC%25E3%2583%2586%25E3%2582%25A3%25E3%2582%25AF%25E3%2583%25AB%25E3%2583%25AA%25E3%2583%25A0%25E3%2583%25BC%25E3%2583%2590%25E3%2583%25BC-100ml%25E3%2580%2590%25E3%2582%25B9%25E3%2583%259D%25E3%2582%25A4%25E3%2583%2588%25E3%2582%25BF%25E3%2582%25A4%25E3%2583%259720ml%25E4%25BB%2598%25E3%2581%258D%25E3%2580%2591-%25E3%2582%25B2%25E3%2583%25AB%25E7%258A%25B6%25E9%2580%259F%25E6%2594%25BB%25E3%2582%25BF%25E3%2582%25A4%25E3%2583%2597%25E3%2581%25AA%25E3%2581%25AE%25E3%2581%25A7-20ml-100ml%2Fdp%2FB0DPMQP1Z8%2Fref%3Dsr_1_4_sspa%3Fdib%3DeyJ2IjoiMSJ9.P3MjLEnYawSIXH6AeHnqU5b6pHqwg54qu9FKGr2lXmK0kg0Ps3aC4TVT6EnZtx16yf30GB85YOCmQnh47Hq7vQT14ZRgseNmSZxSEAe6mn8gwyi2Mm8-ITdJATPG3zPkPJI6I6dMvC4B5AgQE_VHv-bX6tR0Xxd09q8yC5v3vBtHvY3vHn5l-0VAo8j0QCyY5Sd0TIoKSCukDxTyxZSLLddNHFNNg6ZjudnZ2Y5fnGZyopgZx1ZiwLZ0fk-Iier3oujyFHk92epNDTvNotnHWYyn7qEO8bsbsLIrd4orEiA.huhEXmwMDKm0rjHcWGZlHsdjeLz-p1EWPy2_nxuwaoY%26dib_tag%3Dse%26keywords%3D%25E3%2582%25AD%25E3%2583%25A5%25E3%2583%25BC%25E3%2583%2586%25E3%2582%25A3%25E3%2582%25AF%25E3%2583%25AB%25E3%2583%25AA%25E3%2583%25A0%25E3%2583%25BC%25E3%2583%2590%25E3%2583%25BC%26qid%3D1746505769%26sr%3D8-4-spons%26sp_csd%3Dd2lkZ2V0TmFtZT1zcF9hdGY%26psc%3D1,24,4.3,491,,,
7,B00JPVFY38,pa(ピーエー) キューティクルリムーバーR base07 (6mL),https://www.amazon.co.jp/pa-%E3%83%94%E3%83%BC%E3%82%A8%E3%83%BC-%E3%82%AD%E3%83%A5%E3%83%BC%E3%83%86%E3%82%A3%E3%82%AF%E3%83%AB%E3%83%AA%E3%83%A0%E3%83%BC%E3%83%90%E3%83%BCR-base07-6mL/dp/B00JPVFY38/ref=sr_1_5?dib=eyJ2IjoiMSJ9.P3MjLEnYawSIXH6AeHnqU5b6pHqwg54qu9FKGr2lXmK0kg0Ps3aC4TVT6EnZtx16yf30GB85YOCmQnh47Hq7vQT14ZRgseNmSZxSEAe6mn8gwyi2Mm8-ITdJATPG3zPkPJI6I6dMvC4B5AgQE_VHv-bX6tR0Xxd09q8yC5v3vBtHvY3vHn5l-0VAo8j0QCyY5Sd0TIoKSCukDxTyxZSLLddNHFNNg6ZjudnZ2Y5fnGZyopgZx1ZiwLZ0fk-Iier3oujyFHk92epNDTvNotnHWYyn7qEO8bsbsLIrd4orEiA.huhEXmwMDKm0rjHcWGZlHsdjeLz-p1EWPy2_nxuwaoY&dib_tag=se&keywords=%E3%82%AD%E3%83%A5%E3%83%BC%E3%83%86%E3%82%A3%E3%82%AF%E3%83%AB%E3%83%AA%E3%83%A0%E3%83%BC%E3%83%90%E3%83%BC&qid=1746505769&sr=8-5,732,4.1,380,,,
8,B00O3QYNC8,ブルークロス キューティクルリムーバー 6oz,https://www.amazon.co.jp/BLUECROSS-%E3%83%96%E3%83%AB%E3%83%BC%E3%82%AF%E3%83%AD%E3%82%B9-%E3%82%AD%E3%83%A5%E3%83%BC%E3%83%86%E3%82%A3%E3%82%AF%E3%83%AB%E3%83%AA%E3%83%A0%E3%83%BC%E3%83%90%E3%83%BC-6oz/dp/B00O3QYNC8/ref=sr_1_6?dib=eyJ2IjoiMSJ9.P3MjLEnYawSIXH6AeHnqU5b6pHqwg54qu9FKGr2lXmK0kg0Ps3aC4TVT6EnZtx16yf30GB85YOCmQnh47Hq7vQT14ZRgseNmSZxSEAe6mn8gwyi2Mm8-ITdJATPG3zPkPJI6I6dMvC4B5AgQE_VHv-bX6tR0Xxd09q8yC5v3vBtHvY3vHn5l-0VAo8j0QCyY5Sd0TIoKSCukDxTyxZSLLddNHFNNg6ZjudnZ2Y5fnGZyopgZx1ZiwLZ0fk-Iier3oujyFHk92epNDTvNotnHWYyn7qEO8bsbsLIrd4orEiA.huhEXmwMDKm0rjHcWGZlHsdjeLz-p1EWPy2_nxuwaoY&dib_tag=se&keywords=%E3%82%AD%E3%83%A5%E3%83%BC%E3%83%86%E3%82%A3%E3%82%AF%E3%83%AB%E3%83%AA%E3%83%A0%E3%83%BC%E3%83%90%E3%83%BC&qid=1746505769&sr=8-6,277,4.4,144,,,
9,B00XXSU8J4,デュカート キューティクルリムーバーII,https://www.amazon.co.jp/%E3%83%87%E3%83%A5%E3%82%AB%E3%83%BC%E3%83%88-%E3%82%AD%E3%83%A5%E3%83%BC%E3%83%86%E3%82%A3%E3%82%AF%E3%83%AB%E3%83%AA%E3%83%A0%E3%83%BC%E3%83%90%E3%83%BCII/dp/B00XXSU8J4/ref=sr_1_7?dib=eyJ2IjoiMSJ9.P3MjLEnYawSIXH6AeHnqU5b6pHqwg54qu9FKGr2lXmK0kg0Ps3aC4TVT6EnZtx16yf30GB85YOCmQnh47Hq7vQT14ZRgseNmSZxSEAe6mn8gwyi2Mm8-ITdJATPG3zPkPJI6I6dMvC4B5AgQE_VHv-bX6tR0Xxd09q8yC5v3vBtHvY3vHn5l-0VAo8j0QCyY5Sd0TIoKSCukDxTyxZSLLddNHFNNg6ZjudnZ2Y5fnGZyopgZx1ZiwLZ0fk-Iier3oujyFHk92epNDTvNotnHWYyn7qEO8bsbsLIrd4orEiA.huhEXmwMDKm0rjHcWGZlHsdjeLz-p1EWPy2_nxuwaoY&dib_tag=se&keywords=%E3%82%AD%E3%83%A5%E3%83%BC%E3%83%86%E3%82%A3%E3%82%AF%E3%83%AB%E3%83%AA%E3%83%A0%E3%83%BC%E3%83%90%E3%83%BC&qid=1746505769&sr=8-7,349,4.0,563,,,
10,,THRAU キューティクルニッパー ミニプロ甘皮 ニッパー 甘皮処理 ささくれ用爪切り・ニッパー 甘皮ケア ニッパー ネイル より専門的で精密な携帯用ささくれ修剪器,https://www.amazon.co.jp#,18,4.0,"6,268",,,
11,B0DNJCQHS5,THRAU キューティクルニッパー ミニプロ甘皮 ニッパー 甘皮処理 ささくれ用爪切り・ニッパー 甘皮ケア ニッパー ネイル より専門的で精密な携帯用ささくれ修剪器,https://www.amazon.co.jp/sspa/click?ie=UTF8&spc=MTo3NTc2MTc1NzQxODk2OTUwOjE3NDY1MDU3Njk6c3Bfc2VhcmNoX3RoZW1hdGljOjMwMDA3Mzk2ODA1MzM2Mjo6MDo6&url=%2FTHRAU-%25E3%2582%25AD%25E3%2583%25A5%25E3%2583%25BC%25E3%2583%2586%25E3%2582%25A3%25E3%2582%25AF%25E3%2583%25AB%25E3%2583%258B%25E3%2583%2583%25E3%2583%2591%25E3%2583%25BC-%25E3%2583%259F%25E3%2583%258B%25E3%2583%2597%25E3%2583%25AD%25E7%2594%2598%25E7%259A%25AE-%25E3%2581%2595%25E3%2581%2595%25E3%2581%258F%25E3%2582%258C%25E7%2594%25A8%25E7%2588%25AA%25E5%2588%2587%25E3%2582%258A%25E3%2583%25BB%25E3%2583%258B%25E3%2583%2583%25E3%2583%2591%25E3%2583%25BC-%25E3%2582%2588%25E3%2582%258A%25E5%25B0%2582%25E9%2596%2580%25E7%259A%2584%25E3%2581%25A7%25E7%25B2%25BE%25E5%25AF%2586%25E3%2581%25AA%25E6%2590%25BA%25E5%25B8%25AF%25E7%2594%25A8%25E3%2581%2595%25E3%2581%2595%25E3%2581%258F%25E3%2582%258C%25E4%25BF%25AE%25E5%2589%25AA%25E5%2599%25A8%2Fdp%2FB0DNJCQHS5%2Fref%3Dsxin_15_pa_sp_search_thematic_sspa%3Fcontent-id%3Damzn1.sym.b482ac2a-0841-4219-b3c0-55fb4ffda2a0%253Aamzn1.sym.b482ac2a-0841-4219-b3c0-55fb4ffda2a0%26cv_ct_cx%3D%25E3%2582%25AD%25E3%2583%25A5%25E3%2583%25BC%25E3%2583%2586%25E3%2582%25A3%25E3%2582%25AF%25E3%2583%25AB%25E3%2583%25AA%25E3%2583%25A0%25E3%2583%25BC%25E3%2583%2590%25E3%2583%25BC%26keywords%3D%25E3%2582%25AD%25E3%2583%25A5%25E3%2583%25BC%25E3%2583%2586%25E3%2582%25A3%25E3%2582%25AF%25E3%2583%25AB%25E3%2583%25AA%25E3%2583%25A0%25E3%2583%25BC%25E3%2583%2590%25E3%2583%25BC%26pd_rd_i%3DB0DNJCQHS5%26pd_rd_r%3Db1bc8ee4-5136-4cf6-bfc6-a23c7f19a950%26pd_rd_w%3DguMz5%26pd_rd_wg%3DyV1DC%26pf_rd_p%3Db482ac2a-0841-4219-b3c0-55fb4ffda2a0%26pf_rd_r%3D4AD67RJPE5SW1SNMMC3K%26qid%3D1746505769%26sbo%3DRZvfv%252F%252FHxDF%252BO5021pAnSA%253D%253D%26sr%3D1-1-6c02463e-e96e-4fdb-91c8-e326f266380f-spons%26sp_csd%3Dd2lkZ2V0TmFtZT1zcF9zZWFyY2hfdGhlbWF0aWM%26psc%3D1,18,4.0,"1,988",,,
12,B07YW8LK92,甘皮 処理 セット 本物志向向け キューティクル ニッパー プッシャー 爪やすり 手指 ケア セルフ ジェル ネイル 甘皮切り マニキュア ささくれ,https://www.amazon.co.jp/sspa/click?ie=UTF8&spc=MTo3NTc2MTc1NzQxODk2OTUwOjE3NDY1MDU3Njk6c3Bfc2VhcmNoX3RoZW1hdGljOjMwMDA0Nzk5Nzc0ODA2Mjo6MTo6&url=%2FSACHI-%25E6%259C%25AC%25E7%2589%25A9%25E5%25BF%2597%25E5%2590%2591%25E5%2590%2591%25E3%2581%2591-%25E3%2582%25AD%25E3%2583%25A5%25E3%2583%25BC%25E3%2583%2586%25E3%2582%25A3%25E3%2582%25AF%25E3%2583%25AB-%25E3%2583%2597%25E3%2583%2583%25E3%2582%25B7%25E3%2583%25A3%25E3%2583%25BC-%25E3%2583%259E%25E3%2583%258B%25E3%2582%25AD%25E3%2583%25A5%25E3%2582%25A2%2Fdp%2FB07YW8LK92%2Fref%3Dsxin_15_pa_sp_search_thematic_sspa%3Fcontent-id%3Damzn1.sym.b482ac2a-0841-4219-b3c0-55fb4ffda2a0%253Aamzn1.sym.b482ac2a-0841-4219-b3c0-55fb4ffda2a0%26cv_ct_cx%3D%25E3%2582%25AD%25E3%2583%25A5%25E3%2583%25BC%25E3%2583%2586%25E3%2582%25A3%25E3%2582%25AF%25E3%2583%25AB%25E3%2583%25AA%25E3%2583%25A0%25E3%2583%25BC%25E3%2583%2590%25E3%2583%25BC%26keywords%3D%25E3%2582%25AD%25E3%2583%25A5%25E3%2583%25BC%25E3%2583%2586%25E3%2582%25A3%25E3%2582%25AF%25E3%2583%25AB%25E3%2583%25AA%25E3%2583%25A0%25E3%2583%25BC%25E3%2583%2590%25E3%2583%25BC%26pd_rd_i%3DB07YW8LK92%26pd_rd_r%3Db1bc8ee4-5136-4cf6-bfc6-a23c7f19a950%26pd_rd_w%3DguMz5%26pd_rd_wg%3DyV1DC%26pf_rd_p%3Db482ac2a-0841-4219-b3c0-55fb4ffda2a0%26pf_rd_r%3D4AD67RJPE5SW1SNMMC3K%26qid%3D1746505769%26sbo%3DRZvfv%252F%252FHxDF%252BO5021pAnSA%253D%253D%26sr%3D1-2-6c02463e-e96e-4fdb-91c8-e326f266380f-spons%26sp_csd%3Dd2lkZ2V0TmFtZT1zcF9zZWFyY2hfdGhlbWF0aWM%26psc%3D1,1271,4.3,381,,,
13,B086QQXL5C,【2025年改良版】Kanavi 爪やすり 爪磨き ガラス製 ピカピカ 最新ナノ技術が生んだ全く新しい ネイルケア ネイルシャイナ― つめみがき つめ や すり 人気 ランキング ツメ磨き 介護 子供 つめ お手入れ (ラウンド型-爪やすり),https://www.amazon.co.jp/sspa/click?ie=UTF8&spc=MTo3NTc2MTc1NzQxODk2OTUwOjE3NDY1MDU3Njk6c3Bfc2VhcmNoX3RoZW1hdGljOjEwMzA4Nzc1NzQwNDo6Mjo6&url=%2F%25E3%2580%25902022%25E5%25B9%25B4%25E6%2594%25B9%25E8%2589%25AF%25E7%2589%2588%25E3%2580%2591Kanavi-%25E6%259C%2580%25E6%2596%25B0%25E3%2583%258A%25E3%2583%258E%25E6%258A%2580%25E8%25A1%2593%25E3%2581%258C%25E7%2594%259F%25E3%2582%2593%25E3%2581%25A0%25E5%2585%25A8%25E3%2581%258F%25E6%2596%25B0%25E3%2581%2597%25E3%2581%2584-%25E3%2583%258D%25E3%2582%25A4%25E3%2583%25AB%25E3%2582%25B1%25E3%2582%25A2-%25E3%2583%258D%25E3%2582%25A4%25E3%2583%25AB%25E3%2582%25B7%25E3%2583%25A3%25E3%2582%25A4%25E3%2583%258A%25E2%2580%2595-%25E3%2581%25A4%25E3%2582%2581%25E3%2581%25BF%25E3%2581%258C%25E3%2581%258D%2Fdp%2FB086QQXL5C%2Fref%3Dsxin_15_pa_sp_search_thematic_sspa%3Fcontent-id%3Damzn1.sym.b482ac2a-0841-4219-b3c0-55fb4ffda2a0%253Aamzn1.sym.b482ac2a-0841-4219-b3c0-55fb4ffda2a0%26cv_ct_cx%3D%25E3%2582%25AD%25E3%2583%25A5%25E3%2583%25BC%25E3%2583%2586%25E3%2582%25A3%25E3%2582%25AF%25E3%2583%25AB%25E3%2583%25AA%25E3%2583%25A0%25E3%2583%25BC%25E3%2583%2590%25E3%2583%25BC%26keywords%3D%25E3%2582%25AD%25E3%2583%25A5%25E3%2583%25BC%25E3%2583%2586%25E3%2582%25A3%25E3%2582%25AF%25E3%2583%25AB%25E3%2583%25AA%25E3%2583%25A0%25E3%2583%25BC%25E3%2583%2590%25E3%2583%25BC%26pd_rd_i%3DB086QQXL5C%26pd_rd_r%3Db1bc8ee4-5136-4cf6-bfc6-a23c7f19a950%26pd_rd_w%3DguMz5%26pd_rd_wg%3DyV1DC%26pf_rd_p%3Db482ac2a-0841-4219-b3c0-55fb4ffda2a0%26pf_rd_r%3D4AD67RJPE5SW1SNMMC3K%26qid%3D1746505769%26sbo%3DRZvfv%252F%252FHxDF%252BO5021pAnSA%253D%253D%26sr%3D1-3-6c02463e-e96e-4fdb-91c8-e326f266380f-spons%26sp_csd%3Dd2lkZ2V0TmFtZT1zcF9zZWFyY2hfdGhlbWF0aWM%26psc%3D1,7915,4.2,919,,,
14,B08ZKF6HMB,PROTAIR キューティクルニッパー 甘皮処理 ネイルケア プッシャー付き,https://www.amazon.co.jp/sspa/click?ie=UTF8&spc=MTo3NTc2MTc1NzQxODk2OTUwOjE3NDY1MDU3Njk6c3Bfc2VhcmNoX3RoZW1hdGljOjEwNzg1MTg1MjMwMjo6Mzo6&url=%2FPROTAIR-%25E3%2582%25AD%25E3%2583%25A5%25E3%2583%25BC%25E3%2583%2586%25E3%2582%25A3%25E3%2582%25AF%25E3%2583%25AB%25E3%2583%258B%25E3%2583%2583%25E3%2583%2591%25E3%2583%25BC-%25E7%2594%2598%25E7%259A%25AE%25E5%2587%25A6%25E7%2590%2586-%25E3%2583%258D%25E3%2582%25A4%25E3%2583%25AB%25E3%2582%25B1%25E3%2582%25A2-%25E3%2583%2597%25E3%2583%2583%25E3%2582%25B7%25E3%2583%25A3%25E3%2583%25BC%25E4%25BB%2598%25E3%2581%258D%2Fdp%2FB08ZKF6HMB%2Fref%3Dsxin_15_pa_sp_search_thematic_sspa%3Fcontent-id%3Damzn1.sym.b482ac2a-0841-4219-b3c0-55fb4ffda2a0%253Aamzn1.sym.b482ac2a-0841-4219-b3c0-55fb4ffda2a0%26cv_ct_cx%3D%25E3%2582%25AD%25E3%2583%25A5%25E3%2583%25BC%25E3%2583%2586%25E3%2582%25A3%25E3%2582%25AF%25E3%2583%25AB%25E3%2583%25AA%25E3%2583%25A0%25E3%2583%25BC%25E3%2583%2590%25E3%2583%25BC%26keywords%3D%25E3%2582%25AD%25E3%2583%25A5%25E3%2583%25BC%25E3%2583%2586%25E3%2582%25A3%25E3%2582%25AF%25E3%2583%25AB%25E3%2583%25AA%25E3%2583%25A0%25E3%2583%25BC%25E3%2583%2590%25E3%2583%25BC%26pd_rd_i%3DB08ZKF6HMB%26pd_rd_r%3Db1bc8ee4-5136-4cf6-bfc6-a23c7f19a950%26pd_rd_w%3DguMz5%26pd_rd_wg%3DyV1DC%26pf_rd_p%3Db482ac2a-0841-4219-b3c0-55fb4ffda2a0%26pf_rd_r%3D4AD67RJPE5SW1SNMMC3K%26qid%3D1746505769%26sbo%3DRZvfv%252F%252FHxDF%252BO5021pAnSA%253D%253D%26sr%3D1-4-6c02463e-e96e-4fdb-91c8-e326f266380f-spons%26sp_csd%3Dd2lkZ2V0TmFtZT1zcF9zZWFyY2hfdGhlbWF0aWM%26psc%3D1,3707,4.5,N/A,,,
15,B098D2MJZ5,ビトムス キューティクルニッパー 甘皮処理 ネイルニッパー 爪ケア プッシャー 爪磨き付,https://www.amazon.co.jp/sspa/click?ie=UTF8&spc=MTo3NTc2MTc1NzQxODk2OTUwOjE3NDY1MDU3Njk6c3Bfc2VhcmNoX3RoZW1hdGljOjMwMDA5Mjc4ODg2ODg2Mjo6NDo6&url=%2FVITOMS-%25E3%2582%25AD%25E3%2583%25A5%25E3%2583%25BC%25E3%2583%2586%25E3%2582%25A3%25E3%2582%25AF%25E3%2583%25AB%25E3%2583%258B%25E3%2583%2583%25E3%2583%2591%25E3%2583%25BC-%25E3%2583%258D%25E3%2582%25A4%25E3%2583%25AB%25E3%2582%25B1%25E3%2582%25A2-%25E3%2583%2597%25E3%2583%2583%25E3%2582%25B7%25E3%2583%25A3%25E3%2583%25BC-%25E7%2588%25AA%25E7%25A3%25A8%25E3%2581%258D%25E4%25BB%2598%25E3%2581%258D%2Fdp%2FB098D2MJZ5%2Fref%3Dsxin_15_pa_sp_search_thematic_sspa%3Fcontent-id%3Damzn1.sym.b482ac2a-0841-4219-b3c0-55fb4ffda2a0%253Aamzn1.sym.b482ac2a-0841-4219-b3c0-55fb4ffda2a0%26cv_ct_cx%3D%25E3%2582%25AD%25E3%2583%25A5%25E3%2583%25BC%25E3%2583%2586%25E3%2582%25A3%25E3%2582%25AF%25E3%2583%25AB%25E3%2583%25AA%25E3%2583%25A0%25E3%2583%25BC%25E3%2583%2590%25E3%2583%25BC%26keywords%3D%25E3%2582%25AD%25E3%2583%25A5%25E3%2583%25BC%25E3%2583%2586%25E3%2582%25A3%25E3%2582%25AF%25E3%2583%25AB%25E3%2583%25AA%25E3%2583%25A0%25E3%2583%25BC%25E3%2583%2590%25E3%2583%25BC%26pd_rd_i%3DB098D2MJZ5%26pd_rd_r%3Db1bc8ee4-5136-4cf6-bfc6-a23c7f19a950%26pd_rd_w%3DguMz5%26pd_rd_wg%3DyV1DC%26pf_rd_p%3Db482ac2a-0841-4219-b3c0-55fb4ffda2a0%26pf_rd_r%3D4AD67RJPE5SW1SNMMC3K%26qid%3D1746505769%26sbo%3DRZvfv%252F%252FHxDF%252BO5021pAnSA%253D%253D%26sr%3D1-5-6c02463e-e96e-4fdb-91c8-e326f266380f-spons%26sp_csd%3Dd2lkZ2V0TmFtZT1zcF9zZWFyY2hfdGhlbWF0aWM%26psc%3D1,903,4.4,59,,,
16,,N/A,N/A,N/A,N/A,"3,717",,,
17,B0D2Z8CL19,MIKAGAMI キューティクルリムーバー 甘皮処理 ネイル 100ml 日本製,https://www.amazon.co.jp/MIKAGAMI-%E3%82%AD%E3%83%A5%E3%83%BC%E3%83%86%E3%82%A3%E3%82%AF%E3%83%AB%E3%83%AA%E3%83%A0%E3%83%BC%E3%83%90%E3%83%BC-%E7%94%98%E7%9A%AE%E5%87%A6%E7%90%86-%E3%83%8D%E3%82%A4%E3%83%AB-100ml/dp/B0D2Z8CL19/ref=sr_1_8?dib=eyJ2IjoiMSJ9.P3MjLEnYawSIXH6AeHnqU5b6pHqwg54qu9FKGr2lXmK0kg0Ps3aC4TVT6EnZtx16yf30GB85YOCmQnh47Hq7vQT14ZRgseNmSZxSEAe6mn8gwyi2Mm8-ITdJATPG3zPkPJI6I6dMvC4B5AgQE_VHv-bX6tR0Xxd09q8yC5v3vBtHvY3vHn5l-0VAo8j0QCyY5Sd0TIoKSCukDxTyxZSLLddNHFNNg6ZjudnZ2Y5fnGZyopgZx1ZiwLZ0fk-Iier3oujyFHk92epNDTvNotnHWYyn7qEO8bsbsLIrd4orEiA.huhEXmwMDKm0rjHcWGZlHsdjeLz-p1EWPy2_nxuwaoY&dib_tag=se&keywords=%E3%82%AD%E3%83%A5%E3%83%BC%E3%83%86%E3%82%A3%E3%82%AF%E3%83%AB%E3%83%AA%E3%83%A0%E3%83%BC%E3%83%90%E3%83%BC&qid=1746505769&sr=8-8,214,4.3,144,,,
18,B00L267TTQ,パラジェル(para gel) キューティクルリムーバー 200ml,https://www.amazon.co.jp/%E3%83%91%E3%83%A9%E3%82%B8%E3%82%A7%E3%83%AB-para-gel-%E3%82%AD%E3%83%A5%E3%83%BC%E3%83%86%E3%82%A3%E3%82%AF%E3%83%AB%E3%83%AA%E3%83%A0%E3%83%BC%E3%83%90%E3%83%BC-200ml/dp/B00L267TTQ/ref=sr_1_9?dib=eyJ2IjoiMSJ9.P3MjLEnYawSIXH6AeHnqU5b6pHqwg54qu9FKGr2lXmK0kg0Ps3aC4TVT6EnZtx16yf30GB85YOCmQnh47Hq7vQT14ZRgseNmSZxSEAe6mn8gwyi2Mm8-ITdJATPG3zPkPJI6I6dMvC4B5AgQE_VHv-bX6tR0Xxd09q8yC5v3vBtHvY3vHn5l-0VAo8j0QCyY5Sd0TIoKSCukDxTyxZSLLddNHFNNg6ZjudnZ2Y5fnGZyopgZx1ZiwLZ0fk-Iier3oujyFHk92epNDTvNotnHWYyn7qEO8bsbsLIrd4orEiA.huhEXmwMDKm0rjHcWGZlHsdjeLz-p1EWPy2_nxuwaoY&dib_tag=se&keywords=%E3%82%AD%E3%83%A5%E3%83%BC%E3%83%86%E3%82%A3%E3%82%AF%E3%83%AB%E3%83%AA%E3%83%A0%E3%83%BC%E3%83%90%E3%83%BC&qid=1746505769&sr=8-9,44,4.2,563,,,
19,B00ED1Q46G,Orly Cutiqueキューティクルリムーバー、0.6オンス,https://www.amazon.co.jp/Orly-OG036E-Cutique%E3%82%AD%E3%83%A5%E3%83%BC%E3%83%86%E3%82%A3%E3%82%AF%E3%83%AB%E3%83%AA%E3%83%A0%E3%83%BC%E3%83%90%E3%83%BC%E3%80%810-6%E3%82%AA%E3%83%B3%E3%82%B9/dp/B00ED1Q46G/ref=sr_1_10?dib=eyJ2IjoiMSJ9.P3MjLEnYawSIXH6AeHnqU5b6pHqwg54qu9FKGr2lXmK0kg0Ps3aC4TVT6EnZtx16yf30GB85YOCmQnh47Hq7vQT14ZRgseNmSZxSEAe6mn8gwyi2Mm8-ITdJATPG3zPkPJI6I6dMvC4B5AgQE_VHv-bX6tR0Xxd09q8yC5v3vBtHvY3vHn5l-0VAo8j0QCyY5Sd0TIoKSCukDxTyxZSLLddNHFNNg6ZjudnZ2Y5fnGZyopgZx1ZiwLZ0fk-Iier3oujyFHk92epNDTvNotnHWYyn7qEO8bsbsLIrd4orEiA.huhEXmwMDKm0rjHcWGZlHsdjeLz-p1EWPy2_nxuwaoY&dib_tag=se&keywords=%E3%82%AD%E3%83%A5%E3%83%BC%E3%83%86%E3%82%A3%E3%82%AF%E3%83%AB%E3%83%AA%E3%83%A0%E3%83%BC%E3%83%90%E3%83%BC&qid=1746505769&sr=8-10,707,4.4,107,,,
20,B0CJY5522W,RENAGE ネイリストYoutuberが監修 ネイルマシン ジェルネイル オフ 電動ネイルマシン リムーバー ビット ネイルケア 爪磨き 甘皮処理 セルフ 正逆回転 USB給電 セルフオフ サロン プロ仕様 グレー,https://www.amazon.co.jp/sspa/click?ie=UTF8&spc=MTo2NDE5OTA2MzA3OTc3Mjg2OjE3NDY1MDU3Njk6c3BfbXRmOjMwMDAxMTc4OTYwNTY2Mjo6MDo6&url=%2F%25EF%25BC%25BC%25E3%2583%258D%25E3%2582%25A4%25E3%2583%25AA%25E3%2582%25B9%25E3%2583%2588Youtuber%25E3%2581%258C%25E7%259B%25A3%25E4%25BF%25AE%25EF%25BC%258F-%25E3%2583%258D%25E3%2582%25A4%25E3%2583%25AB%25E3%2583%259E%25E3%2582%25B7%25E3%2583%25B3-%25E3%2582%25B8%25E3%2582%25A7%25E3%2583%25AB%25E3%2583%258D%25E3%2582%25A4%25E3%2583%25AB-%25E9%259B%25BB%25E5%258B%2595%25E3%2583%258D%25E3%2582%25A4%25E3%2583%25AB%25E3%2583%259E%25E3%2582%25B7%25E3%2583%25B3-%25E3%2583%2597%25E3%2583%25AD%25E4%25BB%2595%25E6%25A7%2598%25EF%25BC%2588%25E3%2582%25B0%25E3%2583%25AC%25E3%2583%25BC%25EF%25BC%2589%2Fdp%2FB0CJY5522W%2Fref%3Dsr_1_11_sspa%3Fdib%3DeyJ2IjoiMSJ9.P3MjLEnYawSIXH6AeHnqU5b6pHqwg54qu9FKGr2lXmK0kg0Ps3aC4TVT6EnZtx16yf30GB85YOCmQnh47Hq7vQT14ZRgseNmSZxSEAe6mn8gwyi2Mm8-ITdJATPG3zPkPJI6I6dMvC4B5AgQE_VHv-bX6tR0Xxd09q8yC5v3vBtHvY3vHn5l-0VAo8j0QCyY5Sd0TIoKSCukDxTyxZSLLddNHFNNg6ZjudnZ2Y5fnGZyopgZx1ZiwLZ0fk-Iier3oujyFHk92epNDTvNotnHWYyn7qEO8bsbsLIrd4orEiA.huhEXmwMDKm0rjHcWGZlHsdjeLz-p1EWPy2_nxuwaoY%26dib_tag%3Dse%26keywords%3D%25E3%2582%25AD%25E3%2583%25A5%25E3%2583%25BC%25E3%2583%2586%25E3%2582%25A3%25E3%2582%25AF%25E3%2583%25AB%25E3%2583%25AA%25E3%2583%25A0%25E3%2583%25BC%25E3%2583%2590%25E3%2583%25BC%26qid%3D1746505769%26sr%3D8-11-spons%26sp_csd%3Dd2lkZ2V0TmFtZT1zcF9tdGY%26psc%3D1,756,4.4,42,,,
21,B0DNJCQHS5,THRAU キューティクルニッパー ミニプロ甘皮 ニッパー 甘皮処理 ささくれ用爪切り・ニッパー 甘皮ケア ニッパー ネイル より専門的で精密な携帯用ささくれ修剪器,https://www.amazon.co.jp/sspa/click?ie=UTF8&spc=MTo2NDE5OTA2MzA3OTc3Mjg2OjE3NDY1MDU3Njk6c3BfbXRmOjMwMDA3Mzk2ODA1MzM2Mjo6MDo6&url=%2FTHRAU-%25E3%2582%25AD%25E3%2583%25A5%25E3%2583%25BC%25E3%2583%2586%25E3%2582%25A3%25E3%2582%25AF%25E3%2583%25AB%25E3%2583%258B%25E3%2583%2583%25E3%2583%2591%25E3%2583%25BC-%25E3%2583%259F%25E3%2583%258B%25E3%2583%2597%25E3%2583%25AD%25E7%2594%2598%25E7%259A%25AE-%25E3%2581%2595%25E3%2581%2595%25E3%2581%258F%25E3%2582%258C%25E7%2594%25A8%25E7%2588%25AA%25E5%2588%2587%25E3%2582%258A%25E3%2583%25BB%25E3%2583%258B%25E3%2583%2583%25E3%2583%2591%25E3%2583%25BC-%25E3%2582%2588%25E3%2582%258A%25E5%25B0%2582%25E9%2596%2580%25E7%259A%2584%25E3%2581%25A7%25E7%25B2%25BE%25E5%25AF%2586%25E3%2581%25AA%25E6%2590%25BA%25E5%25B8%25AF%25E7%2594%25A8%25E3%2581%2595%25E3%2581%2595%25E3%2581%258F%25E3%2582%258C%25E4%25BF%25AE%25E5%2589%25AA%25E5%2599%25A8%2Fdp%2FB0DNJCQHS5%2Fref%3Dsr_1_12_sspa%3Fdib%3DeyJ2IjoiMSJ9.P3MjLEnYawSIXH6AeHnqU5b6pHqwg54qu9FKGr2lXmK0kg0Ps3aC4TVT6EnZtx16yf30GB85YOCmQnh47Hq7vQT14ZRgseNmSZxSEAe6mn8gwyi2Mm8-ITdJATPG3zPkPJI6I6dMvC4B5AgQE_VHv-bX6tR0Xxd09q8yC5v3vBtHvY3vHn5l-0VAo8j0QCyY5Sd0TIoKSCukDxTyxZSLLddNHFNNg6ZjudnZ2Y5fnGZyopgZx1ZiwLZ0fk-Iier3oujyFHk92epNDTvNotnHWYyn7qEO8bsbsLIrd4orEiA.huhEXmwMDKm0rjHcWGZlHsdjeLz-p1EWPy2_nxuwaoY%26dib_tag%3Dse%26keywords%3D%25E3%2582%25AD%25E3%2583%25A5%25E3%2583%25BC%25E3%2583%2586%25E3%2582%25A3%25E3%2582%25AF%25E3%2583%25AB%25E3%2583%25AA%25E3%2583%25A0%25E3%2583%25BC%25E3%2583%2590%25E3%2583%25BC%26qid%3D1746505769%26sr%3D8-12-spons%26sp_csd%3Dd2lkZ2V0TmFtZT1zcF9tdGY%26psc%3D1,18,4.0,24,,,
22,B07YW8LK92,甘皮 処理 セット 本物志向向け キューティクル ニッパー プッシャー 爪やすり 手指 ケア セルフ ジェル ネイル 甘皮切り マニキュア ささくれ,https://www.amazon.co.jp/sspa/click?ie=UTF8&spc=MTo2NDE5OTA2MzA3OTc3Mjg2OjE3NDY1MDU3Njk6c3BfbXRmOjEwMTY5MzQ1MTYwMjo6MDo6&url=%2FSACHI-%25E6%259C%25AC%25E7%2589%25A9%25E5%25BF%2597%25E5%2590%2591%25E5%2590%2591%25E3%2581%2591-%25E3%2582%25AD%25E3%2583%25A5%25E3%2583%25BC%25E3%2583%2586%25E3%2582%25A3%25E3%2582%25AF%25E3%2583%25AB-%25E3%2583%2597%25E3%2583%2583%25E3%2582%25B7%25E3%2583%25A3%25E3%2583%25BC-%25E3%2583%259E%25E3%2583%258B%25E3%2582%25AD%25E3%2583%25A5%25E3%2582%25A2%2Fdp%2FB07YW8LK92%2Fref%3Dsr_1_13_sspa%3Fdib%3DeyJ2IjoiMSJ9.P3MjLEnYawSIXH6AeHnqU5b6pHqwg54qu9FKGr2lXmK0kg0Ps3aC4TVT6EnZtx16yf30GB85YOCmQnh47Hq7vQT14ZRgseNmSZxSEAe6mn8gwyi2Mm8-ITdJATPG3zPkPJI6I6dMvC4B5AgQE_VHv-bX6tR0Xxd09q8yC5v3vBtHvY3vHn5l-0VAo8j0QCyY5Sd0TIoKSCukDxTyxZSLLddNHFNNg6ZjudnZ2Y5fnGZyopgZx1ZiwLZ0fk-Iier3oujyFHk92epNDTvNotnHWYyn7qEO8bsbsLIrd4orEiA.huhEXmwMDKm0rjHcWGZlHsdjeLz-p1EWPy2_nxuwaoY%26dib_tag%3Dse%26keywords%3D%25E3%2582%25AD%25E3%2583%25A5%25E3%2583%25BC%25E3%2583%2586%25E3%2582%25A3%25E3%2582%25AF%25E3%2583%25AB%25E3%2583%25AA%25E3%2583%25A0%25E3%2583%25BC%25E3%2583%2590%25E3%2583%25BC%26qid%3D1746505769%26sr%3D8-13-spons%26sp_csd%3Dd2lkZ2V0TmFtZT1zcF9tdGY%26psc%3D1,1271,4.3,51,,,
23,B0BHZTHJ67,THRAU ミニキューティクルトリマーは、マニキュアやペディキュアに最適なアイテムです。ステンレス製のキューティクルニッパーで、爪や乾燥した肌のケアに使用できます。細かく尖った先端のカットクリッパーは、正確なトリミングを実現します。,https://www.amazon.co.jp/sspa/click?ie=UTF8&spc=MTo2NDE5OTA2MzA3OTc3Mjg2OjE3NDY1MDU3Njk6c3BfbXRmOjMwMDAwNzM0ODUyODA2Mjo6MDo6&url=%2FTHRAU-THRAUNP1%2Fdp%2FB0BHZTHJ67%2Fref%3Dsr_1_14_sspa%3Fdib%3DeyJ2IjoiMSJ9.P3MjLEnYawSIXH6AeHnqU5b6pHqwg54qu9FKGr2lXmK0kg0Ps3aC4TVT6EnZtx16yf30GB85YOCmQnh47Hq7vQT14ZRgseNmSZxSEAe6mn8gwyi2Mm8-ITdJATPG3zPkPJI6I6dMvC4B5AgQE_VHv-bX6tR0Xxd09q8yC5v3vBtHvY3vHn5l-0VAo8j0QCyY5Sd0TIoKSCukDxTyxZSLLddNHFNNg6ZjudnZ2Y5fnGZyopgZx1ZiwLZ0fk-Iier3oujyFHk92epNDTvNotnHWYyn7qEO8bsbsLIrd4orEiA.huhEXmwMDKm0rjHcWGZlHsdjeLz-p1EWPy2_nxuwaoY%26dib_tag%3Dse%26keywords%3D%25E3%2582%25AD%25E3%2583%25A5%25E3%2583%25BC%25E3%2583%2586%25E3%2582%25A3%25E3%2582%25AF%25E3%2583%25AB%25E3%2583%25AA%25E3%2583%25A0%25E3%2583%25BC%25E3%2583%2590%25E3%2583%25BC%26qid%3D1746505769%26sr%3D8-14-spons%26sp_csd%3Dd2lkZ2V0TmFtZT1zcF9tdGY%26psc%3D1,389,3.9,78,,,
24,B07JRHNLQ4,Nonail Nolife 国産 キューティクルリムーバー 20ml 1本,https://www.amazon.co.jp/%E3%83%8E%E3%83%BC%E3%83%96%E3%83%A9%E3%83%B3%E3%83%89%E5%93%81-%E5%9B%BD%E7%94%A3-%E3%82%AD%E3%83%A5%E3%83%BC%E3%83%86%E3%82%A3%E3%82%AF%E3%83%AB%E3%83%AA%E3%83%A0%E3%83%BC%E3%83%90%E3%83%BC-20ml/dp/B07JRHNLQ4/ref=sr_1_15?dib=eyJ2IjoiMSJ9.P3MjLEnYawSIXH6AeHnqU5b6pHqwg54qu9FKGr2lXmK0kg0Ps3aC4TVT6EnZtx16yf30GB85YOCmQnh47Hq7vQT14ZRgseNmSZxSEAe6mn8gwyi2Mm8-ITdJATPG3zPkPJI6I6dMvC4B5AgQE_VHv-bX6tR0Xxd09q8yC5v3vBtHvY3vHn5l-0VAo8j0QCyY5Sd0TIoKSCukDxTyxZSLLddNHFNNg6ZjudnZ2Y5fnGZyopgZx1ZiwLZ0fk-Iier3oujyFHk92epNDTvNotnHWYyn7qEO8bsbsLIrd4orEiA.huhEXmwMDKm0rjHcWGZlHsdjeLz-p1EWPy2_nxuwaoY&dib_tag=se&keywords=%E3%82%AD%E3%83%A5%E3%83%BC%E3%83%86%E3%82%A3%E3%82%AF%E3%83%AB%E3%83%AA%E3%83%A0%E3%83%BC%E3%83%90%E3%83%BC&qid=1746505769&sr=8-15,104,4.3,142,,,
25,B000RDIPKW,BLUECROSS キューティクルリムーバー 16oz,https://www.amazon.co.jp/BLUE-CROSS-%E3%83%96%E3%83%AB%E3%83%BC%E3%82%AF%E3%83%AD%E3%82%B9-246116-%E3%82%AD%E3%83%A5%E3%83%BC%E3%83%86%E3%82%A3%E3%82%AF%E3%83%AB%E3%83%AA%E3%83%A0%E3%83%BC%E3%83%90%E3%83%BC/dp/B000RDIPKW/ref=sr_1_16?dib=eyJ2IjoiMSJ9.P3MjLEnYawSIXH6AeHnqU5b6pHqwg54qu9FKGr2lXmK0kg0Ps3aC4TVT6EnZtx16yf30GB85YOCmQnh47Hq7vQT14ZRgseNmSZxSEAe6mn8gwyi2Mm8-ITdJATPG3zPkPJI6I6dMvC4B5AgQE_VHv-bX6tR0Xxd09q8yC5v3vBtHvY3vHn5l-0VAo8j0QCyY5Sd0TIoKSCukDxTyxZSLLddNHFNNg6ZjudnZ2Y5fnGZyopgZx1ZiwLZ0fk-Iier3oujyFHk92epNDTvNotnHWYyn7qEO8bsbsLIrd4orEiA.huhEXmwMDKm0rjHcWGZlHsdjeLz-p1EWPy2_nxuwaoY&dib_tag=se&keywords=%E3%82%AD%E3%83%A5%E3%83%BC%E3%83%86%E3%82%A3%E3%82%AF%E3%83%AB%E3%83%AA%E3%83%A0%E3%83%BC%E3%83%90%E3%83%BC&qid=1746505769&sr=8-16,74,4.3,"2,347",,,
26,B0CQKRLYFX,ジェルネイル ネイルオイル キューティクルリムーバー キューティクルオイル ブラシクリーナー (brush-cleaner),https://www.amazon.co.jp/%E3%82%B8%E3%82%A7%E3%83%AB%E3%83%8D%E3%82%A4%E3%83%AB-%E3%82%AD%E3%83%A5%E3%83%BC%E3%83%86%E3%82%A3%E3%82%AF%E3%83%AB%E3%83%AA%E3%83%A0%E3%83%BC%E3%83%90%E3%83%BC-%E3%82%AD%E3%83%A5%E3%83%BC%E3%83%86%E3%82%A3%E3%82%AF%E3%83%AB%E3%82%AA%E3%82%A4%E3%83%AB-%E3%83%96%E3%83%A9%E3%82%B7%E3%82%AF%E3%83%AA%E3%83%BC%E3%83%8A%E3%83%BC-brush-cleaner/dp/B0CQKRLYFX/ref=sr_1_17?dib=eyJ2IjoiMSJ9.P3MjLEnYawSIXH6AeHnqU5b6pHqwg54qu9FKGr2lXmK0kg0Ps3aC4TVT6EnZtx16yf30GB85YOCmQnh47Hq7vQT14ZRgseNmSZxSEAe6mn8gwyi2Mm8-ITdJATPG3zPkPJI6I6dMvC4B5AgQE_VHv-bX6tR0Xxd09q8yC5v3vBtHvY3vHn5l-0VAo8j0QCyY5Sd0TIoKSCukDxTyxZSLLddNHFNNg6ZjudnZ2Y5fnGZyopgZx1ZiwLZ0fk-Iier3oujyFHk92epNDTvNotnHWYyn7qEO8bsbsLIrd4orEiA.huhEXmwMDKm0rjHcWGZlHsdjeLz-p1EWPy2_nxuwaoY&dib_tag=se&keywords=%E3%82%AD%E3%83%A5%E3%83%BC%E3%83%86%E3%82%A3%E3%82%AF%E3%83%AB%E3%83%AA%E3%83%A0%E3%83%BC%E3%83%90%E3%83%BC&qid=1746505769&sr=8-17,1,5.0,"6,268",,,
27,,【セット買い】OPI ネイルオイル 爪 甘皮 保湿 8.6mL (プロスパ ネイル & キューティクルオイル AS200) + OPI ハンドクリーム ネイル べたつかない 50mL (プロスパ プロテクティブ ハンドネイル & キューティクルクリーム ASP01),https://www.amazon.co.jphttps://aax-fe.amazon.co.jp/x/c/JDtQLlZvNJ8_EUw_Z97-JwcAAAGWo9skDgcAAAH2AQBvbm9fdHhuX2JpZDEgICBvbm9fdHhuX2ltcDEgICD09hgj/https://www.amazon.co.jp/dp/B0CQ2N25R7?pd_rd_i=B0CQ2N25R7&pf_rd_p=4ed139f0-5f11-4a3d-b84b-76c2f75eb9a2&pf_rd_r=4AD67RJPE5SW1SNMMC3K&pd_rd_wg=yV1DC&pd_rd_w=sgMPY&pd_rd_r=b1bc8ee4-5136-4cf6-bfc6-a23c7f19a950,N/A,N/A,"1,988",,,
28,,N/A,N/A,N/A,N/A,48,,,
29,B0CZ73DB5M,KOBAKO（コバコ） ネイルケア キューティクルリムーバー 甘皮処理 くすみ取り キューティクルケア 甘皮ケア 貝印 KAI PQ3266,https://www.amazon.co.jp/KOBAKO-%E3%82%AD%E3%83%A5%E3%83%BC%E3%83%86%E3%82%A3%E3%82%AF%E3%83%AB%E3%83%AA%E3%83%A0%E3%83%BC%E3%83%90%E3%83%BC-%E3%83%8D%E3%82%A4%E3%83%AB%E3%82%B1%E3%82%A2-%E3%81%8F%E3%81%99%E3%81%BF%E5%8F%96%E3%82%8A-%E3%82%AD%E3%83%A5%E3%83%BC%E3%83%86%E3%82%A3%E3%82%AF%E3%83%AB%E3%82%B1%E3%82%A2/dp/B0CZ73DB5M/ref=sr_1_18?dib=eyJ2IjoiMSJ9.P3MjLEnYawSIXH6AeHnqU5b6pHqwg54qu9FKGr2lXmK0kg0Ps3aC4TVT6EnZtx16yf30GB85YOCmQnh47Hq7vQT14ZRgseNmSZxSEAe6mn8gwyi2Mm8-ITdJATPG3zPkPJI6I6dMvC4B5AgQE_VHv-bX6tR0Xxd09q8yC5v3vBtHvY3vHn5l-0VAo8j0QCyY5Sd0TIoKSCukDxTyxZSLLddNHFNNg6ZjudnZ2Y5fnGZyopgZx1ZiwLZ0fk-Iier3oujyFHk92epNDTvNotnHWYyn7qEO8bsbsLIrd4orEiA.huhEXmwMDKm0rjHcWGZlHsdjeLz-p1EWPy2_nxuwaoY&dib_tag=se&keywords=%E3%82%AD%E3%83%A5%E3%83%BC%E3%83%86%E3%82%A3%E3%82%AF%E3%83%AB%E3%83%AA%E3%83%A0%E3%83%BC%E3%83%90%E3%83%BC&qid=1746505769&sr=8-18,69,4.4,13,,,
30,B0D12YPNPP,【巻き爪のプロ監修】爪垢取り＆爪やすり ネイルケアセット(ステンレス製)《専用ケース＆説明書付き》爪あか取り 爪ヤスリ 巻き爪 巻爪 まきずめ まきづめ マキズメ ゾンデ | 足の快適工房,https://www.amazon.co.jp/sspa/click?ie=UTF8&spc=MTo2NDE5OTA2MzA3OTc3Mjg2OjE3NDY1MDU3Njk6c3BfbXRmOjMwMDA4MzQyNzkxNjA2Mjo6MDo6&url=%2F%25E3%2580%2590%25E5%25B7%25BB%25E3%2581%258D%25E7%2588%25AA%25E3%2581%25AE%25E3%2583%2597%25E3%2583%25AD%25E7%259B%25A3%25E4%25BF%25AE%25E3%2580%2591%25E7%2588%25AA%25E5%259E%25A2%25E5%258F%2596%25E3%2582%258A%25EF%25BC%2586%25E7%2588%25AA%25E3%2582%2584%25E3%2581%2599%25E3%2582%258A-%25E3%2583%258D%25E3%2582%25A4%25E3%2583%25AB%25E3%2582%25B1%25E3%2582%25A2%25E3%2582%25BB%25E3%2583%2583%25E3%2583%2588-%25E3%2582%25B9%25E3%2583%2586%25E3%2583%25B3%25E3%2583%25AC%25E3%2582%25B9%25E8%25A3%25BD-%25E3%2580%2590%25E5%25B0%2582%25E7%2594%25A8%25E3%2582%25B1%25E3%2583%25BC%25E3%2582%25B9%25EF%25BC%2586%25E3%2582%25AA%25E3%2583%25AA%25E3%2582%25B8%25E3%2583%258A%25E3%2583%25AB%25E8%25AA%25AC%25E6%2598%258E%25E6%259B%25B8%25E4%25BB%2598%25E3%2581%258D%25E3%2580%2591%25E7%2588%25AA%25E3%2581%2582%25E3%2581%258B%25E5%258F%2596%25E3%2582%258A-yumegocochiLABO%2Fdp%2FB0D12YPNPP%2Fref%3Dsr_1_19_sspa%3Fdib%3DeyJ2IjoiMSJ9.P3MjLEnYawSIXH6AeHnqU5b6pHqwg54qu9FKGr2lXmK0kg0Ps3aC4TVT6EnZtx16yf30GB85YOCmQnh47Hq7vQT14ZRgseNmSZxSEAe6mn8gwyi2Mm8-ITdJATPG3zPkPJI6I6dMvC4B5AgQE_VHv-bX6tR0Xxd09q8yC5v3vBtHvY3vHn5l-0VAo8j0QCyY5Sd0TIoKSCukDxTyxZSLLddNHFNNg6ZjudnZ2Y5fnGZyopgZx1ZiwLZ0fk-Iier3oujyFHk92epNDTvNotnHWYyn7qEO8bsbsLIrd4orEiA.huhEXmwMDKm0rjHcWGZlHsdjeLz-p1EWPy2_nxuwaoY%26dib_tag%3Dse%26keywords%3D%25E3%2582%25AD%25E3%2583%25A5%25E3%2583%25BC%25E3%2583%2586%25E3%2582%25A3%25E3%2582%25AF%25E3%2583%25AB%25E3%2583%25AA%25E3%2583%25A0%25E3%2583%25BC%25E3%2583%2590%25E3%2583%25BC%26qid%3D1746505769%26sr%3D8-19-spons%26sp_csd%3Dd2lkZ2V0TmFtZT1zcF9tdGY%26psc%3D1,417,4.3,120,,,
31,B086QQXL5C,【2025年改良版】Kanavi 爪やすり 爪磨き ガラス製 ピカピカ 最新ナノ技術が生んだ全く新しい ネイルケア ネイルシャイナ― つめみがき つめ や すり 人気 ランキング ツメ磨き 介護 子供 つめ お手入れ (ラウンド型-爪やすり),https://www.amazon.co.jp/sspa/click?ie=UTF8&spc=MTo2NDE5OTA2MzA3OTc3Mjg2OjE3NDY1MDU3Njk6c3BfbXRmOjEwMzA4Nzc1NzQwNDo6MDo6&url=%2F%25E3%2580%25902022%25E5%25B9%25B4%25E6%2594%25B9%25E8%2589%25AF%25E7%2589%2588%25E3%2580%2591Kanavi-%25E6%259C%2580%25E6%2596%25B0%25E3%2583%258A%25E3%2583%258E%25E6%258A%2580%25E8%25A1%2593%25E3%2581%258C%25E7%2594%259F%25E3%2582%2593%25E3%2581%25A0%25E5%2585%25A8%25E3%2581%258F%25E6%2596%25B0%25E3%2581%2597%25E3%2581%2584-%25E3%2583%258D%25E3%2582%25A4%25E3%2583%25AB%25E3%2582%25B1%25E3%2582%25A2-%25E3%2583%258D%25E3%2582%25A4%25E3%2583%25AB%25E3%2582%25B7%25E3%2583%25A3%25E3%2582%25A4%25E3%2583%258A%25E2%2580%2595-%25E3%2581%25A4%25E3%2582%2581%25E3%2581%25BF%25E3%2581%258C%25E3%2581%258D%2Fdp%2FB086QQXL5C%2Fref%3Dsr_1_20_sspa%3Fdib%3DeyJ2IjoiMSJ9.P3MjLEnYawSIXH6AeHnqU5b6pHqwg54qu9FKGr2lXmK0kg0Ps3aC4TVT6EnZtx16yf30GB85YOCmQnh47Hq7vQT14ZRgseNmSZxSEAe6mn8gwyi2Mm8-ITdJATPG3zPkPJI6I6dMvC4B5AgQE_VHv-bX6tR0Xxd09q8yC5v3vBtHvY3vHn5l-0VAo8j0QCyY5Sd0TIoKSCukDxTyxZSLLddNHFNNg6ZjudnZ2Y5fnGZyopgZx1ZiwLZ0fk-Iier3oujyFHk92epNDTvNotnHWYyn7qEO8bsbsLIrd4orEiA.huhEXmwMDKm0rjHcWGZlHsdjeLz-p1EWPy2_nxuwaoY%26dib_tag%3Dse%26keywords%3D%25E3%2582%25AD%25E3%2583%25A5%25E3%2583%25BC%25E3%2583%2586%25E3%2582%25A3%25E3%2582%25AF%25E3%2583%25AB%25E3%2583%25AA%25E3%2583%25A0%25E3%2583%25BC%25E3%2583%2590%25E3%2583%25BC%26qid%3D1746505769%26sr%3D8-20-spons%26sp_csd%3Dd2lkZ2V0TmFtZT1zcF9tdGY%26psc%3D1,7915,4.2,886,,,
32,B08ZKF6HMB,PROTAIR キューティクルニッパー 甘皮処理 ネイルケア プッシャー付き,https://www.amazon.co.jp/sspa/click?ie=UTF8&spc=MTo2NDE5OTA2MzA3OTc3Mjg2OjE3NDY1MDU3Njk6c3BfbXRmOjEwNzg1MTg1MjMwMjo6MDo6&url=%2FPROTAIR-%25E3%2582%25AD%25E3%2583%25A5%25E3%2583%25BC%25E3%2583%2586%25E3%2582%25A3%25E3%2582%25AF%25E3%2583%25AB%25E3%2583%258B%25E3%2583%2583%25E3%2583%2591%25E3%2583%25BC-%25E7%2594%2598%25E7%259A%25AE%25E5%2587%25A6%25E7%2590%2586-%25E3%2583%258D%25E3%2582%25A4%25E3%2583%25AB%25E3%2582%25B1%25E3%2582%25A2-%25E3%2583%2597%25E3%2583%2583%25E3%2582%25B7%25E3%2583%25A3%25E3%2583%25BC%25E4%25BB%2598%25E3%2581%258D%2Fdp%2FB08ZKF6HMB%2Fref%3Dsr_1_21_sspa%3Fdib%3DeyJ2IjoiMSJ9.P3MjLEnYawSIXH6AeHnqU5b6pHqwg54qu9FKGr2lXmK0kg0Ps3aC4TVT6EnZtx16yf30GB85YOCmQnh47Hq7vQT14ZRgseNmSZxSEAe6mn8gwyi2Mm8-ITdJATPG3zPkPJI6I6dMvC4B5AgQE_VHv-bX6tR0Xxd09q8yC5v3vBtHvY3vHn5l-0VAo8j0QCyY5Sd0TIoKSCukDxTyxZSLLddNHFNNg6ZjudnZ2Y5fnGZyopgZx1ZiwLZ0fk-Iier3oujyFHk92epNDTvNotnHWYyn7qEO8bsbsLIrd4orEiA.huhEXmwMDKm0rjHcWGZlHsdjeLz-p1EWPy2_nxuwaoY%26dib_tag%3Dse%26keywords%3D%25E3%2582%25AD%25E3%2583%25A5%25E3%2583%25BC%25E3%2583%2586%25E3%2582%25A3%25E3%2582%25AF%25E3%2583%25AB%25E3%2583%25AA%25E3%2583%25A0%25E3%2583%25BC%25E3%2583%2590%25E3%2583%25BC%26qid%3D1746505769%26sr%3D8-21-spons%26sp_csd%3Dd2lkZ2V0TmFtZT1zcF9tdGY%26psc%3D1,3707,4.5,N/A,,,
33,B0D7CC2G5Q,プロ用ネイルセット ペディキュアキットとグルーミングキット-ステンレス鋼ネイルケアツール男性のためのポータブルトラベルケース付き (12個セットのダークブルー),https://www.amazon.co.jp/sspa/click?ie=UTF8&spc=MTo2NDE5OTA2MzA3OTc3Mjg2OjE3NDY1MDU3Njk6c3BfbXRmOjMwMDA1NjIyNDU2MzQ2Mjo6MDo6&url=%2Fpobowlgarls-12%25E5%2580%258B%25E3%2582%25BB%25E3%2583%2583%25E3%2583%2588%25E3%2581%25AE%25E3%2583%2580%25E3%2583%25BC%25E3%2582%25AF%25E3%2583%2596%25E3%2583%25AB%25E3%2583%25BC-%25E3%2583%2597%25E3%2583%25AD%25E7%2594%25A8%25E3%2583%258D%25E3%2582%25A4%25E3%2583%25AB%25E3%2582%25BB%25E3%2583%2583%25E3%2583%2588-%25E3%2583%259A%25E3%2583%2587%25E3%2582%25A3%25E3%2582%25AD%25E3%2583%25A5%25E3%2582%25A2%25E3%2582%25AD%25E3%2583%2583%25E3%2583%2588%25E3%2581%25A8%25E3%2582%25B0%25E3%2583%25AB%25E3%2583%25BC%25E3%2583%259F%25E3%2583%25B3%25E3%2582%25B0%25E3%2582%25AD%25E3%2583%2583%25E3%2583%2588-%25E3%2582%25B9%25E3%2583%2586%25E3%2583%25B3%25E3%2583%25AC%25E3%2582%25B9%25E9%258B%25BC%25E3%2583%258D%25E3%2582%25A4%25E3%2583%25AB%25E3%2582%25B1%25E3%2582%25A2%25E3%2583%2584%25E3%2583%25BC%25E3%2583%25AB%25E7%2594%25B7%25E6%2580%25A7%25E3%2581%25AE%25E3%2581%259F%25E3%2582%2581%25E3%2581%25AE%25E3%2583%259D%25E3%2583%25BC%25E3%2582%25BF%25E3%2583%2596%25E3%2583%25AB%25E3%2583%2588%25E3%2583%25A9%25E3%2583%2599%25E3%2583%25AB%25E3%2582%25B1%25E3%2583%25BC%25E3%2582%25B9%25E4%25BB%2598%25E3%2581%258D%2Fdp%2FB0D7CC2G5Q%2Fref%3Dsr_1_22_sspa%3Fdib%3DeyJ2IjoiMSJ9.P3MjLEnYawSIXH6AeHnqU5b6pHqwg54qu9FKGr2lXmK0kg0Ps3aC4TVT6EnZtx16yf30GB85YOCmQnh47Hq7vQT14ZRgseNmSZxSEAe6mn8gwyi2Mm8-ITdJATPG3zPkPJI6I6dMvC4B5AgQE_VHv-bX6tR0Xxd09q8yC5v3vBtHvY3vHn5l-0VAo8j0QCyY5Sd0TIoKSCukDxTyxZSLLddNHFNNg6ZjudnZ2Y5fnGZyopgZx1ZiwLZ0fk-Iier3oujyFHk92epNDTvNotnHWYyn7qEO8bsbsLIrd4orEiA.huhEXmwMDKm0rjHcWGZlHsdjeLz-p1EWPy2_nxuwaoY%26dib_tag%3Dse%26keywords%3D%25E3%2582%25AD%25E3%2583%25A5%25E3%2583%25BC%25E3%2583%2586%25E3%2582%25A3%25E3%2582%25AF%25E3%2583%25AB%25E3%2583%25AA%25E3%2583%25A0%25E3%2583%25BC%25E3%2583%2590%25E3%2583%25BC%26qid%3D1746505769%26sr%3D8-22-spons%26sp_csd%3Dd2lkZ2V0TmFtZT1zcF9tdGY%26psc%3D1,4,3.4,N/A,,,
34,B019SXX4DE,プリジェル ジェルネイル プリジェル ジェルネイル CCキューティクルリムーバー 30ml,https://www.amazon.co.jp/%E3%83%97%E3%83%AA%E3%82%B8%E3%82%A7%E3%83%AB-%E3%82%B8%E3%82%A7%E3%83%AB%E3%83%8D%E3%82%A4%E3%83%AB-CC%E3%82%AD%E3%83%A5%E3%83%BC%E3%83%86%E3%82%A3%E3%82%AF%E3%83%AB%E3%83%AA%E3%83%A0%E3%83%BC%E3%83%90%E3%83%BC-30ml/dp/B019SXX4DE/ref=sr_1_23?dib=eyJ2IjoiMSJ9.P3MjLEnYawSIXH6AeHnqU5b6pHqwg54qu9FKGr2lXmK0kg0Ps3aC4TVT6EnZtx16yf30GB85YOCmQnh47Hq7vQT14ZRgseNmSZxSEAe6mn8gwyi2Mm8-ITdJATPG3zPkPJI6I6dMvC4B5AgQE_VHv-bX6tR0Xxd09q8yC5v3vBtHvY3vHn5l-0VAo8j0QCyY5Sd0TIoKSCukDxTyxZSLLddNHFNNg6ZjudnZ2Y5fnGZyopgZx1ZiwLZ0fk-Iier3oujyFHk92epNDTvNotnHWYyn7qEO8bsbsLIrd4orEiA.huhEXmwMDKm0rjHcWGZlHsdjeLz-p1EWPy2_nxuwaoY&dib_tag=se&keywords=%E3%82%AD%E3%83%A5%E3%83%BC%E3%83%86%E3%82%A3%E3%82%AF%E3%83%AB%E3%83%AA%E3%83%A0%E3%83%BC%E3%83%90%E3%83%BC&qid=1746505769&sr=8-23,12,3.7,48,,,
35,B0DPMP36PQ,【甘皮ごっそり】LULUGEL キューティクルリムーバー 100ml 甘皮処理 ネイルケア 甘皮ケア 爪 ケア 甘皮リムーバー ゲル状速攻タイプなので 処理 時短 (100ml),https://www.amazon.co.jp/%E3%80%90%E7%94%98%E7%9A%AE%E3%81%94%E3%81%A3%E3%81%9D%E3%82%8A%E3%80%91LULUGEL-%E3%82%AD%E3%83%A5%E3%83%BC%E3%83%86%E3%82%A3%E3%82%AF%E3%83%AB%E3%83%AA%E3%83%A0%E3%83%BC%E3%83%90%E3%83%BC-100ml-%E7%94%98%E7%9A%AE%E3%83%AA%E3%83%A0%E3%83%BC%E3%83%90%E3%83%BC-%E3%82%B2%E3%83%AB%E7%8A%B6%E9%80%9F%E6%94%BB%E3%82%BF%E3%82%A4%E3%83%97%E3%81%AA%E3%81%AE%E3%81%A7/dp/B0DPMP36PQ/ref=sr_1_24?dib=eyJ2IjoiMSJ9.P3MjLEnYawSIXH6AeHnqU5b6pHqwg54qu9FKGr2lXmK0kg0Ps3aC4TVT6EnZtx16yf30GB85YOCmQnh47Hq7vQT14ZRgseNmSZxSEAe6mn8gwyi2Mm8-ITdJATPG3zPkPJI6I6dMvC4B5AgQE_VHv-bX6tR0Xxd09q8yC5v3vBtHvY3vHn5l-0VAo8j0QCyY5Sd0TIoKSCukDxTyxZSLLddNHFNNg6ZjudnZ2Y5fnGZyopgZx1ZiwLZ0fk-Iier3oujyFHk92epNDTvNotnHWYyn7qEO8bsbsLIrd4orEiA.huhEXmwMDKm0rjHcWGZlHsdjeLz-p1EWPy2_nxuwaoY&dib_tag=se&keywords=%E3%82%AD%E3%83%A5%E3%83%BC%E3%83%86%E3%82%A3%E3%82%AF%E3%83%AB%E3%83%AA%E3%83%A0%E3%83%BC%E3%83%90%E3%83%BC&qid=1746505769&sr=8-24,27,4.0,"1,988",,,
36,B006Y12E6W,オイルイン　キューティクルプッシャーペンＡＯＰ４８０,https://www.amazon.co.jp/%E3%83%A9%E3%83%83%E3%82%AD%E3%83%BC%E3%83%88%E3%83%AC%E3%83%B3%E3%83%87%E3%82%A3-%EF%BC%A1%EF%BC%AF%EF%BC%B0%EF%BC%94%EF%BC%98%EF%BC%90-%E3%82%AA%E3%82%A4%E3%83%AB%E3%82%A4%E3%83%B3-%E3%82%AD%E3%83%A5%E3%83%BC%E3%83%86%E3%82%A3%E3%82%AF%E3%83%AB%E3%83%97%E3%83%83%E3%82%B7%E3%83%A3%E3%83%BC%E3%83%9A%E3%83%B3%EF%BC%A1%EF%BC%AF%EF%BC%B0%EF%BC%94%EF%BC%98%EF%BC%90/dp/B006Y12E6W/ref=sr_1_25?dib=eyJ2IjoiMSJ9.P3MjLEnYawSIXH6AeHnqU5b6pHqwg54qu9FKGr2lXmK0kg0Ps3aC4TVT6EnZtx16yf30GB85YOCmQnh47Hq7vQT14ZRgseNmSZxSEAe6mn8gwyi2Mm8-ITdJATPG3zPkPJI6I6dMvC4B5AgQE_VHv-bX6tR0Xxd09q8yC5v3vBtHvY3vHn5l-0VAo8j0QCyY5Sd0TIoKSCukDxTyxZSLLddNHFNNg6ZjudnZ2Y5fnGZyopgZx1ZiwLZ0fk-Iier3oujyFHk92epNDTvNotnHWYyn7qEO8bsbsLIrd4orEiA.huhEXmwMDKm0rjHcWGZlHsdjeLz-p1EWPy2_nxuwaoY&dib_tag=se&keywords=%E3%82%AD%E3%83%A5%E3%83%BC%E3%83%86%E3%82%A3%E3%82%AF%E3%83%AB%E3%83%AA%E3%83%A0%E3%83%BC%E3%83%90%E3%83%BC&qid=1746505769&sr=8-25,1184,4.2,241,,,
37,B01D17IZ0A,Beauty World ネイルケア 甘皮リムーバー,https://www.amazon.co.jp/%E3%83%93%E3%83%A5%E3%83%BC%E3%83%86%E3%82%A3%E3%83%BC%E3%83%AF%E3%83%BC%E3%83%AB%E3%83%89-Beauty-World-%E3%83%8D%E3%82%A4%E3%83%AB%E3%82%B1%E3%82%A2-%E7%94%98%E7%9A%AE%E3%83%AA%E3%83%A0%E3%83%BC%E3%83%90%E3%83%BC/dp/B01D17IZ0A/ref=sr_1_26?dib=eyJ2IjoiMSJ9.P3MjLEnYawSIXH6AeHnqU5b6pHqwg54qu9FKGr2lXmK0kg0Ps3aC4TVT6EnZtx16yf30GB85YOCmQnh47Hq7vQT14ZRgseNmSZxSEAe6mn8gwyi2Mm8-ITdJATPG3zPkPJI6I6dMvC4B5AgQE_VHv-bX6tR0Xxd09q8yC5v3vBtHvY3vHn5l-0VAo8j0QCyY5Sd0TIoKSCukDxTyxZSLLddNHFNNg6ZjudnZ2Y5fnGZyopgZx1ZiwLZ0fk-Iier3oujyFHk92epNDTvNotnHWYyn7qEO8bsbsLIrd4orEiA.huhEXmwMDKm0rjHcWGZlHsdjeLz-p1EWPy2_nxuwaoY&dib_tag=se&keywords=%E3%82%AD%E3%83%A5%E3%83%BC%E3%83%86%E3%82%A3%E3%82%AF%E3%83%AB%E3%83%AA%E3%83%A0%E3%83%BC%E3%83%90%E3%83%BC&qid=1746505769&sr=8-26,86,3.8,658,,,
38,B000AA9HQ8,Super Nail スーパーネイル(SuperNail) キューティクルソフトリムーバー 237ml,https://www.amazon.co.jp/%E3%82%B9%E3%83%BC%E3%83%91%E3%83%BC%E3%83%8D%E3%82%A4%E3%83%AB-SuperNail-73930060512-%E3%82%AD%E3%83%A5%E3%83%BC%E3%83%86%E3%82%A3%E3%82%AF%E3%83%AB%E3%82%BD%E3%83%95%E3%83%88%E3%83%AA%E3%83%A0%E3%83%BC%E3%83%90%E3%83%BC-237ml/dp/B000AA9HQ8/ref=sr_1_27?dib=eyJ2IjoiMSJ9.P3MjLEnYawSIXH6AeHnqU5b6pHqwg54qu9FKGr2lXmK0kg0Ps3aC4TVT6EnZtx16yf30GB85YOCmQnh47Hq7vQT14ZRgseNmSZxSEAe6mn8gwyi2Mm8-ITdJATPG3zPkPJI6I6dMvC4B5AgQE_VHv-bX6tR0Xxd09q8yC5v3vBtHvY3vHn5l-0VAo8j0QCyY5Sd0TIoKSCukDxTyxZSLLddNHFNNg6ZjudnZ2Y5fnGZyopgZx1ZiwLZ0fk-Iier3oujyFHk92epNDTvNotnHWYyn7qEO8bsbsLIrd4orEiA.huhEXmwMDKm0rjHcWGZlHsdjeLz-p1EWPy2_nxuwaoY&dib_tag=se&keywords=%E3%82%AD%E3%83%A5%E3%83%BC%E3%83%86%E3%82%A3%E3%82%AF%E3%83%AB%E3%83%AA%E3%83%A0%E3%83%BC%E3%83%90%E3%83%BC&qid=1746505769&sr=8-27,1005,4.4,236,,,
39,B0D9QC6X2S,ネイルネイル キューティクルケアペン 1.7g キューティクルリムーバー 甘皮ケア 甘皮除去 甘皮処理 ネイルケア,https://www.amazon.co.jp/%E3%83%8D%E3%82%A4%E3%83%AB%E3%83%8D%E3%82%A4%E3%83%AB-%E3%82%AD%E3%83%A5%E3%83%BC%E3%83%86%E3%82%A3%E3%82%AF%E3%83%AB%E3%82%B1%E3%82%A2%E3%83%9A%E3%83%B3-1-7g-%E3%82%AD%E3%83%A5%E3%83%BC%E3%83%86%E3%82%A3%E3%82%AF%E3%83%AB%E3%83%AA%E3%83%A0%E3%83%BC%E3%83%90%E3%83%BC-%E3%83%8D%E3%82%A4%E3%83%AB%E3%82%B1%E3%82%A2/dp/B0D9QC6X2S/ref=sr_1_28?dib=eyJ2IjoiMSJ9.P3MjLEnYawSIXH6AeHnqU5b6pHqwg54qu9FKGr2lXmK0kg0Ps3aC4TVT6EnZtx16yf30GB85YOCmQnh47Hq7vQT14ZRgseNmSZxSEAe6mn8gwyi2Mm8-ITdJATPG3zPkPJI6I6dMvC4B5AgQE_VHv-bX6tR0Xxd09q8yC5v3vBtHvY3vHn5l-0VAo8j0QCyY5Sd0TIoKSCukDxTyxZSLLddNHFNNg6ZjudnZ2Y5fnGZyopgZx1ZiwLZ0fk-Iier3oujyFHk92epNDTvNotnHWYyn7qEO8bsbsLIrd4orEiA.huhEXmwMDKm0rjHcWGZlHsdjeLz-p1EWPy2_nxuwaoY&dib_tag=se&keywords=%E3%82%AD%E3%83%A5%E3%83%BC%E3%83%86%E3%82%A3%E3%82%AF%E3%83%AB%E3%83%AA%E3%83%A0%E3%83%BC%E3%83%90%E3%83%BC&qid=1746505769&sr=8-28,N/A,N/A,16,,,
40,B08ZKF6HMB,PROTAIR キューティクルニッパー 甘皮処理 ネイルケア プッシャー付き,https://www.amazon.co.jp/PROTAIR-%E3%82%AD%E3%83%A5%E3%83%BC%E3%83%86%E3%82%A3%E3%82%AF%E3%83%AB%E3%83%8B%E3%83%83%E3%83%91%E3%83%BC-%E7%94%98%E7%9A%AE%E5%87%A6%E7%90%86-%E3%83%8D%E3%82%A4%E3%83%AB%E3%82%B1%E3%82%A2-%E3%83%97%E3%83%83%E3%82%B7%E3%83%A3%E3%83%BC%E4%BB%98%E3%81%8D/dp/B08ZKF6HMB/ref=sr_1_29?dib=eyJ2IjoiMSJ9.P3MjLEnYawSIXH6AeHnqU5b6pHqwg54qu9FKGr2lXmK0kg0Ps3aC4TVT6EnZtx16yf30GB85YOCmQnh47Hq7vQT14ZRgseNmSZxSEAe6mn8gwyi2Mm8-ITdJATPG3zPkPJI6I6dMvC4B5AgQE_VHv-bX6tR0Xxd09q8yC5v3vBtHvY3vHn5l-0VAo8j0QCyY5Sd0TIoKSCukDxTyxZSLLddNHFNNg6ZjudnZ2Y5fnGZyopgZx1ZiwLZ0fk-Iier3oujyFHk92epNDTvNotnHWYyn7qEO8bsbsLIrd4orEiA.huhEXmwMDKm0rjHcWGZlHsdjeLz-p1EWPy2_nxuwaoY&dib_tag=se&keywords=%E3%82%AD%E3%83%A5%E3%83%BC%E3%83%86%E3%82%A3%E3%82%AF%E3%83%AB%E3%83%AA%E3%83%A0%E3%83%BC%E3%83%90%E3%83%BC&qid=1746505769&sr=8-29,3707,4.5,245,,,
41,B0DPMQP1Z8,【甘皮ごっそり】LULUGEL キューティクルリムーバー 100ml【スポイトタイプ20ml付き】 甘皮処理 ネイルケア 甘皮ケア 爪 ケア 甘皮リムーバー ゲル状速攻タイプなので 処理 時短 (2点セット(20ml.100ml)),https://www.amazon.co.jp/%E3%80%90%E7%94%98%E7%9A%AE%E3%81%94%E3%81%A3%E3%81%9D%E3%82%8A%E3%80%91LULUGEL-%E3%82%AD%E3%83%A5%E3%83%BC%E3%83%86%E3%82%A3%E3%82%AF%E3%83%AB%E3%83%AA%E3%83%A0%E3%83%BC%E3%83%90%E3%83%BC-100ml%E3%80%90%E3%82%B9%E3%83%9D%E3%82%A4%E3%83%88%E3%82%BF%E3%82%A4%E3%83%9720ml%E4%BB%98%E3%81%8D%E3%80%91-%E3%82%B2%E3%83%AB%E7%8A%B6%E9%80%9F%E6%94%BB%E3%82%BF%E3%82%A4%E3%83%97%E3%81%AA%E3%81%AE%E3%81%A7-20ml-100ml/dp/B0DPMQP1Z8/ref=sr_1_30?dib=eyJ2IjoiMSJ9.P3MjLEnYawSIXH6AeHnqU5b6pHqwg54qu9FKGr2lXmK0kg0Ps3aC4TVT6EnZtx16yf30GB85YOCmQnh47Hq7vQT14ZRgseNmSZxSEAe6mn8gwyi2Mm8-ITdJATPG3zPkPJI6I6dMvC4B5AgQE_VHv-bX6tR0Xxd09q8yC5v3vBtHvY3vHn5l-0VAo8j0QCyY5Sd0TIoKSCukDxTyxZSLLddNHFNNg6ZjudnZ2Y5fnGZyopgZx1ZiwLZ0fk-Iier3oujyFHk92epNDTvNotnHWYyn7qEO8bsbsLIrd4orEiA.huhEXmwMDKm0rjHcWGZlHsdjeLz-p1EWPy2_nxuwaoY&dib_tag=se&keywords=%E3%82%AD%E3%83%A5%E3%83%BC%E3%83%86%E3%82%A3%E3%82%AF%E3%83%AB%E3%83%AA%E3%83%A0%E3%83%BC%E3%83%90%E3%83%BC&qid=1746505769&sr=8-30,24,4.3,871,,,
42,B019TTYQKW,匠[たくみ] キューティクルメタルプッシャー より薄く鋭く 甘皮の除去に ジェルネイル,https://www.amazon.co.jp/%E3%83%8D%E3%82%A4%E3%83%AB%E3%82%BF%E3%82%A6%E3%83%B3-%E5%8C%A0-%E3%81%9F%E3%81%8F%E3%81%BF-%E3%82%AD%E3%83%A5%E3%83%BC%E3%83%86%E3%82%A3%E3%82%AF%E3%83%AB%E3%83%A1%E3%82%BF%E3%83%AB%E3%83%97%E3%83%83%E3%82%B7%E3%83%A3%E3%83%BC-%E3%82%88%E3%82%8A%E8%96%84%E3%81%8F%E9%8B%AD%E3%81%8F-%E7%94%98%E7%9A%AE%E3%81%AE%E9%99%A4%E5%8E%BB%E3%81%AB-%E3%82%B8%E3%82%A7%E3%83%AB%E3%83%8D%E3%82%A4%E3%83%AB/dp/B019TTYQKW/ref=sr_1_31?dib=eyJ2IjoiMSJ9.P3MjLEnYawSIXH6AeHnqU5b6pHqwg54qu9FKGr2lXmK0kg0Ps3aC4TVT6EnZtx16yf30GB85YOCmQnh47Hq7vQT14ZRgseNmSZxSEAe6mn8gwyi2Mm8-ITdJATPG3zPkPJI6I6dMvC4B5AgQE_VHv-bX6tR0Xxd09q8yC5v3vBtHvY3vHn5l-0VAo8j0QCyY5Sd0TIoKSCukDxTyxZSLLddNHFNNg6ZjudnZ2Y5fnGZyopgZx1ZiwLZ0fk-Iier3oujyFHk92epNDTvNotnHWYyn7qEO8bsbsLIrd4orEiA.huhEXmwMDKm0rjHcWGZlHsdjeLz-p1EWPy2_nxuwaoY&dib_tag=se&keywords=%E3%82%AD%E3%83%A5%E3%83%BC%E3%83%86%E3%82%A3%E3%82%AF%E3%83%AB%E3%83%AA%E3%83%A0%E3%83%BC%E3%83%90%E3%83%BC&qid=1746505769&sr=8-31,131,4.3,< 5,,,
43,B0DPQHN59X,【 LULUGEL 甘皮処理 セット DX】 キューティクルリムーバー キューティクルニッパー 甘皮 ニッパー プッシャー キューティクルプッシャー 爪磨き ガラス ファイル ４点 ジェルネイル ネイルケア セット 説明書付き,https://www.amazon.co.jp/LULUGEL-%E3%82%AD%E3%83%A5%E3%83%BC%E3%83%86%E3%82%A3%E3%82%AF%E3%83%AB%E3%83%AA%E3%83%A0%E3%83%BC%E3%83%90%E3%83%BC-%E3%82%AD%E3%83%A5%E3%83%BC%E3%83%86%E3%82%A3%E3%82%AF%E3%83%AB%E3%83%8B%E3%83%83%E3%83%91%E3%83%BC-%E3%82%AD%E3%83%A5%E3%83%BC%E3%83%86%E3%82%A3%E3%82%AF%E3%83%AB%E3%83%97%E3%83%83%E3%82%B7%E3%83%A3%E3%83%BC-%E3%82%B8%E3%82%A7%E3%83%AB%E3%83%8D%E3%82%A4%E3%83%AB/dp/B0DPQHN59X/ref=sr_1_32?dib=eyJ2IjoiMSJ9.P3MjLEnYawSIXH6AeHnqU5b6pHqwg54qu9FKGr2lXmK0kg0Ps3aC4TVT6EnZtx16yf30GB85YOCmQnh47Hq7vQT14ZRgseNmSZxSEAe6mn8gwyi2Mm8-ITdJATPG3zPkPJI6I6dMvC4B5AgQE_VHv-bX6tR0Xxd09q8yC5v3vBtHvY3vHn5l-0VAo8j0QCyY5Sd0TIoKSCukDxTyxZSLLddNHFNNg6ZjudnZ2Y5fnGZyopgZx1ZiwLZ0fk-Iier3oujyFHk92epNDTvNotnHWYyn7qEO8bsbsLIrd4orEiA.huhEXmwMDKm0rjHcWGZlHsdjeLz-p1EWPy2_nxuwaoY&dib_tag=se&keywords=%E3%82%AD%E3%83%A5%E3%83%BC%E3%83%86%E3%82%A3%E3%82%AF%E3%83%AB%E3%83%AA%E3%83%A0%E3%83%BC%E3%83%90%E3%83%BC&qid=1746505769&sr=8-32,90,4.5,21,,,
44,B0046MK34G,インスタントキューティクルリムーバー 30ml (並行輸入品),https://www.amazon.co.jp/Sally-Hansen-30003424000-%E3%82%A4%E3%83%B3%E3%82%B9%E3%82%BF%E3%83%B3%E3%83%88%E3%82%AD%E3%83%A5%E3%83%BC%E3%83%86%E3%82%A3%E3%82%AF%E3%83%AB%E3%83%AA%E3%83%A0%E3%83%BC%E3%83%90%E3%83%BC-%E4%B8%A6%E8%A1%8C%E8%BC%B8%E5%85%A5%E5%93%81/dp/B0046MK34G/ref=sr_1_33?dib=eyJ2IjoiMSJ9.P3MjLEnYawSIXH6AeHnqU5b6pHqwg54qu9FKGr2lXmK0kg0Ps3aC4TVT6EnZtx16yf30GB85YOCmQnh47Hq7vQT14ZRgseNmSZxSEAe6mn8gwyi2Mm8-ITdJATPG3zPkPJI6I6dMvC4B5AgQE_VHv-bX6tR0Xxd09q8yC5v3vBtHvY3vHn5l-0VAo8j0QCyY5Sd0TIoKSCukDxTyxZSLLddNHFNNg6ZjudnZ2Y5fnGZyopgZx1ZiwLZ0fk-Iier3oujyFHk92epNDTvNotnHWYyn7qEO8bsbsLIrd4orEiA.huhEXmwMDKm0rjHcWGZlHsdjeLz-p1EWPy2_nxuwaoY&dib_tag=se&keywords=%E3%82%AD%E3%83%A5%E3%83%BC%E3%83%86%E3%82%A3%E3%82%AF%E3%83%AB%E3%83%AA%E3%83%A0%E3%83%BC%E3%83%90%E3%83%BC&qid=1746505769&sr=8-33,45802,4.6,381,,,
45,B06W5BF2C8,Kai 貝印 KQシリーズ キューティクルお手入れセット ネイルケア,https://www.amazon.co.jp/KQ%E3%82%B7%E3%83%AA%E3%83%BC%E3%82%BA-%E8%B2%9D%E5%8D%B0-%E3%82%AD%E3%83%A5%E3%83%BC%E3%83%86%E3%82%A3%E3%82%AF%E3%83%AB%E3%81%8A%E6%89%8B%E5%85%A5%E3%82%8C%E3%82%BB%E3%83%83%E3%83%88-%E3%83%8D%E3%82%A4%E3%83%AB%E7%94%A8/dp/B06W5BF2C8/ref=sr_1_34?dib=eyJ2IjoiMSJ9.P3MjLEnYawSIXH6AeHnqU5b6pHqwg54qu9FKGr2lXmK0kg0Ps3aC4TVT6EnZtx16yf30GB85YOCmQnh47Hq7vQT14ZRgseNmSZxSEAe6mn8gwyi2Mm8-ITdJATPG3zPkPJI6I6dMvC4B5AgQE_VHv-bX6tR0Xxd09q8yC5v3vBtHvY3vHn5l-0VAo8j0QCyY5Sd0TIoKSCukDxTyxZSLLddNHFNNg6ZjudnZ2Y5fnGZyopgZx1ZiwLZ0fk-Iier3oujyFHk92epNDTvNotnHWYyn7qEO8bsbsLIrd4orEiA.huhEXmwMDKm0rjHcWGZlHsdjeLz-p1EWPy2_nxuwaoY&dib_tag=se&keywords=%E3%82%AD%E3%83%A5%E3%83%BC%E3%83%86%E3%82%A3%E3%82%AF%E3%83%AB%E3%83%AA%E3%83%A0%E3%83%BC%E3%83%90%E3%83%BC&qid=1746505769&sr=8-34,320,3.8,19,,,
46,B0094PAOSA,デュカート キューティクルトリマー 1個 (x 1),https://www.amazon.co.jp/%E3%83%87%E3%83%A5%E3%82%AB%E3%83%BC%E3%83%88-%E3%82%AD%E3%83%A5%E3%83%BC%E3%83%86%E3%82%A3%E3%82%AF%E3%83%AB%E3%83%88%E3%83%AA%E3%83%9E%E3%83%BC/dp/B0094PAOSA/ref=sr_1_35?dib=eyJ2IjoiMSJ9.P3MjLEnYawSIXH6AeHnqU5b6pHqwg54qu9FKGr2lXmK0kg0Ps3aC4TVT6EnZtx16yf30GB85YOCmQnh47Hq7vQT14ZRgseNmSZxSEAe6mn8gwyi2Mm8-ITdJATPG3zPkPJI6I6dMvC4B5AgQE_VHv-bX6tR0Xxd09q8yC5v3vBtHvY3vHn5l-0VAo8j0QCyY5Sd0TIoKSCukDxTyxZSLLddNHFNNg6ZjudnZ2Y5fnGZyopgZx1ZiwLZ0fk-Iier3oujyFHk92epNDTvNotnHWYyn7qEO8bsbsLIrd4orEiA.huhEXmwMDKm0rjHcWGZlHsdjeLz-p1EWPy2_nxuwaoY&dib_tag=se&keywords=%E3%82%AD%E3%83%A5%E3%83%BC%E3%83%86%E3%82%A3%E3%82%AF%E3%83%AB%E3%83%AA%E3%83%A0%E3%83%BC%E3%83%90%E3%83%BC&qid=1746505769&sr=8-35,545,4.1,11,,,
47,B0D4QPS3V3,aoyiro PROP NAIL ネイルキューティクル クレンザー ゼロ＆グリーン リムーバー 新次元 うるおう 甘皮ケア ツボクサ CICA シカ ゴツコラ 無刺激 甘皮 軟化 鎮静 タンパク質 アミノ酸 ケラチン モリンガ種 EWGグリーンレベル マシンOK ネイル (お試し用 5ml/393),https://www.amazon.co.jp/%E3%82%BC%E3%83%AD%EF%BC%86%E3%82%B0%E3%83%AA%E3%83%BC%E3%83%B3-%E3%83%AA%E3%83%A0%E3%83%BC%E3%83%90%E3%83%BC-%E3%83%8D%E3%82%A4%E3%83%AB%E3%82%AD%E3%83%A5%E3%83%BC%E3%83%86%E3%82%A3%E3%82%AF%E3%83%AB-%E3%82%AF%E3%83%AC%E3%83%B3%E3%82%B6%E3%83%BC-EWG%E3%82%B0%E3%83%AA%E3%83%BC%E3%83%B3%E3%83%AC%E3%83%99%E3%83%AB/dp/B0D4QPS3V3/ref=sr_1_36?dib=eyJ2IjoiMSJ9.P3MjLEnYawSIXH6AeHnqU5b6pHqwg54qu9FKGr2lXmK0kg0Ps3aC4TVT6EnZtx16yf30GB85YOCmQnh47Hq7vQT14ZRgseNmSZxSEAe6mn8gwyi2Mm8-ITdJATPG3zPkPJI6I6dMvC4B5AgQE_VHv-bX6tR0Xxd09q8yC5v3vBtHvY3vHn5l-0VAo8j0QCyY5Sd0TIoKSCukDxTyxZSLLddNHFNNg6ZjudnZ2Y5fnGZyopgZx1ZiwLZ0fk-Iier3oujyFHk92epNDTvNotnHWYyn7qEO8bsbsLIrd4orEiA.huhEXmwMDKm0rjHcWGZlHsdjeLz-p1EWPy2_nxuwaoY&dib_tag=se&keywords=%E3%82%AD%E3%83%A5%E3%83%BC%E3%83%86%E3%82%A3%E3%82%AF%E3%83%AB%E3%83%AA%E3%83%A0%E3%83%BC%E3%83%90%E3%83%BC&qid=1746505769&sr=8-36,N/A,N/A,296,,,
48,B0DLNQ3V1F,[新パッケージ] ブルークロス キューティクルリムーバー 6oz 177ml Blue Cross 甘皮処理に ジェルネイル検定用品,https://www.amazon.co.jp/%E6%96%B0%E3%83%91%E3%83%83%E3%82%B1%E3%83%BC%E3%82%B8-%E3%83%96%E3%83%AB%E3%83%BC%E3%82%AF%E3%83%AD%E3%82%B9-%E3%82%AD%E3%83%A5%E3%83%BC%E3%83%86%E3%82%A3%E3%82%AF%E3%83%AB%E3%83%AA%E3%83%A0%E3%83%BC%E3%83%90%E3%83%BC-177ml-%E3%82%B8%E3%82%A7%E3%83%AB%E3%83%8D%E3%82%A4%E3%83%AB%E6%A4%9C%E5%AE%9A%E7%94%A8%E5%93%81/dp/B0DLNQ3V1F/ref=sr_1_37?dib=eyJ2IjoiMSJ9.P3MjLEnYawSIXH6AeHnqU5b6pHqwg54qu9FKGr2lXmK0kg0Ps3aC4TVT6EnZtx16yf30GB85YOCmQnh47Hq7vQT14ZRgseNmSZxSEAe6mn8gwyi2Mm8-ITdJATPG3zPkPJI6I6dMvC4B5AgQE_VHv-bX6tR0Xxd09q8yC5v3vBtHvY3vHn5l-0VAo8j0QCyY5Sd0TIoKSCukDxTyxZSLLddNHFNNg6ZjudnZ2Y5fnGZyopgZx1ZiwLZ0fk-Iier3oujyFHk92epNDTvNotnHWYyn7qEO8bsbsLIrd4orEiA.huhEXmwMDKm0rjHcWGZlHsdjeLz-p1EWPy2_nxuwaoY&dib_tag=se&keywords=%E3%82%AD%E3%83%A5%E3%83%BC%E3%83%86%E3%82%A3%E3%82%AF%E3%83%AB%E3%83%AA%E3%83%A0%E3%83%BC%E3%83%90%E3%83%BC&qid=1746505769&sr=8-37,N/A,N/A,563,,,
49,B07CMP39R1,NAIL HOLIC(ネイルホリック) キューティクルオイル 5mL,https://www.amazon.co.jp/NAIL-HOLIC-%E3%83%8D%E3%82%A4%E3%83%AB%E3%83%9B%E3%83%AA%E3%83%83%E3%82%AF-%E3%82%AD%E3%83%A5%E3%83%BC%E3%83%86%E3%82%A3%E3%82%AF%E3%83%AB%E3%82%AA%E3%82%A4%E3%83%AB-5mL/dp/B07CMP39R1/ref=sr_1_38?dib=eyJ2IjoiMSJ9.P3MjLEnYawSIXH6AeHnqU5b6pHqwg54qu9FKGr2lXmK0kg0Ps3aC4TVT6EnZtx16yf30GB85YOCmQnh47Hq7vQT14ZRgseNmSZxSEAe6mn8gwyi2Mm8-ITdJATPG3zPkPJI6I6dMvC4B5AgQE_VHv-bX6tR0Xxd09q8yC5v3vBtHvY3vHn5l-0VAo8j0QCyY5Sd0TIoKSCukDxTyxZSLLddNHFNNg6ZjudnZ2Y5fnGZyopgZx1ZiwLZ0fk-Iier3oujyFHk92epNDTvNotnHWYyn7qEO8bsbsLIrd4orEiA.huhEXmwMDKm0rjHcWGZlHsdjeLz-p1EWPy2_nxuwaoY&dib_tag=se&keywords=%E3%82%AD%E3%83%A5%E3%83%BC%E3%83%86%E3%82%A3%E3%82%AF%E3%83%AB%E3%83%AA%E3%83%A0%E3%83%BC%E3%83%90%E3%83%BC&qid=1746505769&sr=8-38,788,4.2,73,,,
50,B098D2MJZ5,ビトムス キューティクルニッパー 甘皮処理 ネイルニッパー 爪ケア プッシャー 爪磨き付,https://www.amazon.co.jp/VITOMS-%E3%82%AD%E3%83%A5%E3%83%BC%E3%83%86%E3%82%A3%E3%82%AF%E3%83%AB%E3%83%8B%E3%83%83%E3%83%91%E3%83%BC-%E3%83%8D%E3%82%A4%E3%83%AB%E3%82%B1%E3%82%A2-%E3%83%97%E3%83%83%E3%82%B7%E3%83%A3%E3%83%BC-%E7%88%AA%E7%A3%A8%E3%81%8D%E4%BB%98%E3%81%8D/dp/B098D2MJZ5/ref=sr_1_39?dib=eyJ2IjoiMSJ9.P3MjLEnYawSIXH6AeHnqU5b6pHqwg54qu9FKGr2lXmK0kg0Ps3aC4TVT6EnZtx16yf30GB85YOCmQnh47Hq7vQT14ZRgseNmSZxSEAe6mn8gwyi2Mm8-ITdJATPG3zPkPJI6I6dMvC4B5AgQE_VHv-bX6tR0Xxd09q8yC5v3vBtHvY3vHn5l-0VAo8j0QCyY5Sd0TIoKSCukDxTyxZSLLddNHFNNg6ZjudnZ2Y5fnGZyopgZx1ZiwLZ0fk-Iier3oujyFHk92epNDTvNotnHWYyn7qEO8bsbsLIrd4orEiA.huhEXmwMDKm0rjHcWGZlHsdjeLz-p1EWPy2_nxuwaoY&dib_tag=se&keywords=%E3%82%AD%E3%83%A5%E3%83%BC%E3%83%86%E3%82%A3%E3%82%AF%E3%83%AB%E3%83%AA%E3%83%A0%E3%83%BC%E3%83%90%E3%83%BC&qid=1746505769&sr=8-39,903,4.4,425,,,
51,B0DWMJG5QY,NAILS CUTICLE REMOVER 120ml - キューティクルリムーバー - Quitacutículas (x 1pc),https://www.amazon.co.jp/NAILS-CUTICLE-REMOVER-120ml-Quitacut%C3%ADculas/dp/B0DWMJG5QY/ref=sr_1_40?dib=eyJ2IjoiMSJ9.P3MjLEnYawSIXH6AeHnqU5b6pHqwg54qu9FKGr2lXmK0kg0Ps3aC4TVT6EnZtx16yf30GB85YOCmQnh47Hq7vQT14ZRgseNmSZxSEAe6mn8gwyi2Mm8-ITdJATPG3zPkPJI6I6dMvC4B5AgQE_VHv-bX6tR0Xxd09q8yC5v3vBtHvY3vHn5l-0VAo8j0QCyY5Sd0TIoKSCukDxTyxZSLLddNHFNNg6ZjudnZ2Y5fnGZyopgZx1ZiwLZ0fk-Iier3oujyFHk92epNDTvNotnHWYyn7qEO8bsbsLIrd4orEiA.huhEXmwMDKm0rjHcWGZlHsdjeLz-p1EWPy2_nxuwaoY&dib_tag=se&keywords=%E3%82%AD%E3%83%A5%E3%83%BC%E3%83%86%E3%82%A3%E3%82%AF%E3%83%AB%E3%83%AA%E3%83%A0%E3%83%BC%E3%83%90%E3%83%BC&qid=1746505769&sr=8-40,N/A,N/A,< 5,,,
52,B08L31KFYT,オイルイン キューティクルプッシャーペンＡＯＰ４８０ 2個セット,https://www.amazon.co.jp/%E3%83%A9%E3%83%83%E3%82%AD%E3%83%BC%E3%83%88%E3%83%AC%E3%83%B3%E3%83%87%E3%82%A3-%E3%82%AA%E3%82%A4%E3%83%AB%E3%82%A4%E3%83%B3-%E3%82%AD%E3%83%A5%E3%83%BC%E3%83%86%E3%82%A3%E3%82%AF%E3%83%AB%E3%83%97%E3%83%83%E3%82%B7%E3%83%A3%E3%83%BC%E3%83%9A%E3%83%B3%EF%BC%A1%EF%BC%AF%EF%BC%B0%EF%BC%94%EF%BC%98%EF%BC%90-2%E5%80%8B%E3%82%BB%E3%83%83%E3%83%88/dp/B08L31KFYT/ref=sr_1_41?dib=eyJ2IjoiMSJ9.P3MjLEnYawSIXH6AeHnqU5b6pHqwg54qu9FKGr2lXmK0kg0Ps3aC4TVT6EnZtx16yf30GB85YOCmQnh47Hq7vQT14ZRgseNmSZxSEAe6mn8gwyi2Mm8-ITdJATPG3zPkPJI6I6dMvC4B5AgQE_VHv-bX6tR0Xxd09q8yC5v3vBtHvY3vHn5l-0VAo8j0QCyY5Sd0TIoKSCukDxTyxZSLLddNHFNNg6ZjudnZ2Y5fnGZyopgZx1ZiwLZ0fk-Iier3oujyFHk92epNDTvNotnHWYyn7qEO8bsbsLIrd4orEiA.huhEXmwMDKm0rjHcWGZlHsdjeLz-p1EWPy2_nxuwaoY&dib_tag=se&keywords=%E3%82%AD%E3%83%A5%E3%83%BC%E3%83%86%E3%82%A3%E3%82%AF%E3%83%AB%E3%83%AA%E3%83%A0%E3%83%BC%E3%83%90%E3%83%BC&qid=1746505769&sr=8-41,83,4.1,160,,,
53,B0CZ6TXY4M,GOODCHI ネイルリムーバー 使い捨て コットン付き アルミホイル ジェルオフリムーバー ジェルネイル ネイル用品 キューティクルプッシャー付き (100),https://www.amazon.co.jp/GOODCHI-%E3%83%8D%E3%82%A4%E3%83%AB%E3%83%AA%E3%83%A0%E3%83%BC%E3%83%90%E3%83%BC-%E3%82%B3%E3%83%83%E3%83%88%E3%83%B3%E4%BB%98%E3%81%8D-%E3%82%B8%E3%82%A7%E3%83%AB%E3%82%AA%E3%83%95%E3%83%AA%E3%83%A0%E3%83%BC%E3%83%90%E3%83%BC-%E3%82%AD%E3%83%A5%E3%83%BC%E3%83%86%E3%82%A3%E3%82%AF%E3%83%AB%E3%83%97%E3%83%83%E3%82%B7%E3%83%A3%E3%83%BC%E4%BB%98%E3%81%8D/dp/B0CZ6TXY4M/ref=sr_1_42?dib=eyJ2IjoiMSJ9.P3MjLEnYawSIXH6AeHnqU5b6pHqwg54qu9FKGr2lXmK0kg0Ps3aC4TVT6EnZtx16yf30GB85YOCmQnh47Hq7vQT14ZRgseNmSZxSEAe6mn8gwyi2Mm8-ITdJATPG3zPkPJI6I6dMvC4B5AgQE_VHv-bX6tR0Xxd09q8yC5v3vBtHvY3vHn5l-0VAo8j0QCyY5Sd0TIoKSCukDxTyxZSLLddNHFNNg6ZjudnZ2Y5fnGZyopgZx1ZiwLZ0fk-Iier3oujyFHk92epNDTvNotnHWYyn7qEO8bsbsLIrd4orEiA.huhEXmwMDKm0rjHcWGZlHsdjeLz-p1EWPy2_nxuwaoY&dib_tag=se&keywords=%E3%82%AD%E3%83%A5%E3%83%BC%E3%83%86%E3%82%A3%E3%82%AF%E3%83%AB%E3%83%AA%E3%83%A0%E3%83%BC%E3%83%90%E3%83%BC&qid=1746505769&sr=8-42,38,3.8,175,,,
54,B009SHS1RU,キューティクルソフナー&リムーバー,https://www.amazon.co.jp/%E3%83%8A%E3%83%81%E3%83%A5%E3%83%A9%E3%83%AB%E3%83%95%E3%82%A3%E3%83%BC%E3%83%AB%E3%83%89%E3%82%B5%E3%83%97%E3%83%A9%E3%82%A4-%E3%82%AD%E3%83%A5%E3%83%BC%E3%83%86%E3%82%A3%E3%82%AF%E3%83%AB%E3%82%BD%E3%83%95%E3%83%8A%E3%83%BC-%E3%83%AA%E3%83%A0%E3%83%BC%E3%83%90%E3%83%BC/dp/B009SHS1RU/ref=sr_1_43?dib=eyJ2IjoiMSJ9.P3MjLEnYawSIXH6AeHnqU5b6pHqwg54qu9FKGr2lXmK0kg0Ps3aC4TVT6EnZtx16yf30GB85YOCmQnh47Hq7vQT14ZRgseNmSZxSEAe6mn8gwyi2Mm8-ITdJATPG3zPkPJI6I6dMvC4B5AgQE_VHv-bX6tR0Xxd09q8yC5v3vBtHvY3vHn5l-0VAo8j0QCyY5Sd0TIoKSCukDxTyxZSLLddNHFNNg6ZjudnZ2Y5fnGZyopgZx1ZiwLZ0fk-Iier3oujyFHk92epNDTvNotnHWYyn7qEO8bsbsLIrd4orEiA.huhEXmwMDKm0rjHcWGZlHsdjeLz-p1EWPy2_nxuwaoY&dib_tag=se&keywords=%E3%82%AD%E3%83%A5%E3%83%BC%E3%83%86%E3%82%A3%E3%82%AF%E3%83%AB%E3%83%AA%E3%83%A0%E3%83%BC%E3%83%90%E3%83%BC&qid=1746505769&sr=8-43,47,3.5,N/A,,,
55,B00C573X5K,ラッキートレンディ オイル オイルインキューティクルプッシャーペン インキ ューティクルプッシャーペン 1本 (x 1),https://www.amazon.co.jp/%E3%83%A9%E3%83%83%E3%82%AD%E3%83%BC%E3%83%88%E3%83%AC%E3%83%B3%E3%83%87%E3%82%A3-AOP480-%E3%82%AA%E3%82%A4%E3%83%AB%E3%82%A4%E3%83%B3%E3%82%AD%E3%83%A5%E3%83%BC%E3%83%86%E3%82%A3%E3%82%AF%E3%83%AB%E3%83%97%E3%83%83%E3%82%B7%E3%83%A3%E3%83%BC%E3%83%9A%E3%83%B3/dp/B00C573X5K/ref=sr_1_44?dib=eyJ2IjoiMSJ9.P3MjLEnYawSIXH6AeHnqU5b6pHqwg54qu9FKGr2lXmK0kg0Ps3aC4TVT6EnZtx16yf30GB85YOCmQnh47Hq7vQT14ZRgseNmSZxSEAe6mn8gwyi2Mm8-ITdJATPG3zPkPJI6I6dMvC4B5AgQE_VHv-bX6tR0Xxd09q8yC5v3vBtHvY3vHn5l-0VAo8j0QCyY5Sd0TIoKSCukDxTyxZSLLddNHFNNg6ZjudnZ2Y5fnGZyopgZx1ZiwLZ0fk-Iier3oujyFHk92epNDTvNotnHWYyn7qEO8bsbsLIrd4orEiA.huhEXmwMDKm0rjHcWGZlHsdjeLz-p1EWPy2_nxuwaoY&dib_tag=se&keywords=%E3%82%AD%E3%83%A5%E3%83%BC%E3%83%86%E3%82%A3%E3%82%AF%E3%83%AB%E3%83%AA%E3%83%A0%E3%83%BC%E3%83%90%E3%83%BC&qid=1746505769&sr=8-44,989,4.0,N/A,,,
56,B0725XWF6R,OPI(オーピーアイ) ネイルオイル 爪 甘皮 保湿 8.6mL (プロスパ ネイル & キューティクルオイル AS200) ギフト プレゼント 【国内正規品】,https://www.amazon.co.jp/OPI-%E3%82%AA%E3%83%BC%E3%83%94%E3%83%BC%E3%82%A2%E3%82%A4-%E3%83%97%E3%83%AD%E3%82%B9%E3%83%91-%E3%82%AD%E3%83%A5%E3%83%BC%E3%83%86%E3%82%A3%E3%82%AF%E3%83%AB%E3%82%AA%E3%82%A4%E3%83%AB-8-6mL/dp/B0725XWF6R/ref=sr_1_45?dib=eyJ2IjoiMSJ9.P3MjLEnYawSIXH6AeHnqU5b6pHqwg54qu9FKGr2lXmK0kg0Ps3aC4TVT6EnZtx16yf30GB85YOCmQnh47Hq7vQT14ZRgseNmSZxSEAe6mn8gwyi2Mm8-ITdJATPG3zPkPJI6I6dMvC4B5AgQE_VHv-bX6tR0Xxd09q8yC5v3vBtHvY3vHn5l-0VAo8j0QCyY5Sd0TIoKSCukDxTyxZSLLddNHFNNg6ZjudnZ2Y5fnGZyopgZx1ZiwLZ0fk-Iier3oujyFHk92epNDTvNotnHWYyn7qEO8bsbsLIrd4orEiA.huhEXmwMDKm0rjHcWGZlHsdjeLz-p1EWPy2_nxuwaoY&dib_tag=se&keywords=%E3%82%AD%E3%83%A5%E3%83%BC%E3%83%86%E3%82%A3%E3%82%AF%E3%83%AB%E3%83%AA%E3%83%A0%E3%83%BC%E3%83%90%E3%83%BC&qid=1746505769&sr=8-45,23493,4.2,N/A,,,
57,B07YW8LK92,甘皮 処理 セット 本物志向向け キューティクル ニッパー プッシャー 爪やすり 手指 ケア セルフ ジェル ネイル 甘皮切り マニキュア ささくれ,https://www.amazon.co.jp/SACHI-%E6%9C%AC%E7%89%A9%E5%BF%97%E5%90%91%E5%90%91%E3%81%91-%E3%82%AD%E3%83%A5%E3%83%BC%E3%83%86%E3%82%A3%E3%82%AF%E3%83%AB-%E3%83%97%E3%83%83%E3%82%B7%E3%83%A3%E3%83%BC-%E3%83%9E%E3%83%8B%E3%82%AD%E3%83%A5%E3%82%A2/dp/B07YW8LK92/ref=sr_1_46?dib=eyJ2IjoiMSJ9.P3MjLEnYawSIXH6AeHnqU5b6pHqwg54qu9FKGr2lXmK0kg0Ps3aC4TVT6EnZtx16yf30GB85YOCmQnh47Hq7vQT14ZRgseNmSZxSEAe6mn8gwyi2Mm8-ITdJATPG3zPkPJI6I6dMvC4B5AgQE_VHv-bX6tR0Xxd09q8yC5v3vBtHvY3vHn5l-0VAo8j0QCyY5Sd0TIoKSCukDxTyxZSLLddNHFNNg6ZjudnZ2Y5fnGZyopgZx1ZiwLZ0fk-Iier3oujyFHk92epNDTvNotnHWYyn7qEO8bsbsLIrd4orEiA.huhEXmwMDKm0rjHcWGZlHsdjeLz-p1EWPy2_nxuwaoY&dib_tag=se&keywords=%E3%82%AD%E3%83%A5%E3%83%BC%E3%83%86%E3%82%A3%E3%82%AF%E3%83%AB%E3%83%AA%E3%83%A0%E3%83%BC%E3%83%90%E3%83%BC&qid=1746505769&sr=8-46,1271,4.3,N/A,,,
58,B0063LZGPE,デュカート キューティクルスクレイパースリム,https://www.amazon.co.jp/%E3%83%87%E3%83%A5%E3%82%AB%E3%83%BC%E3%83%88-%E3%82%AD%E3%83%A5%E3%83%BC%E3%83%86%E3%82%A3%E3%82%AF%E3%83%AB%E3%82%B9%E3%82%AF%E3%83%AC%E3%82%A4%E3%83%91%E3%83%BC%E3%82%B9%E3%83%AA%E3%83%A0/dp/B0063LZGPE/ref=sr_1_47?dib=eyJ2IjoiMSJ9.P3MjLEnYawSIXH6AeHnqU5b6pHqwg54qu9FKGr2lXmK0kg0Ps3aC4TVT6EnZtx16yf30GB85YOCmQnh47Hq7vQT14ZRgseNmSZxSEAe6mn8gwyi2Mm8-ITdJATPG3zPkPJI6I6dMvC4B5AgQE_VHv-bX6tR0Xxd09q8yC5v3vBtHvY3vHn5l-0VAo8j0QCyY5Sd0TIoKSCukDxTyxZSLLddNHFNNg6ZjudnZ2Y5fnGZyopgZx1ZiwLZ0fk-Iier3oujyFHk92epNDTvNotnHWYyn7qEO8bsbsLIrd4orEiA.huhEXmwMDKm0rjHcWGZlHsdjeLz-p1EWPy2_nxuwaoY&dib_tag=se&keywords=%E3%82%AD%E3%83%A5%E3%83%BC%E3%83%86%E3%82%A3%E3%82%AF%E3%83%AB%E3%83%AA%E3%83%A0%E3%83%BC%E3%83%90%E3%83%BC&qid=1746505769&sr=8-47,68,4.1,N/A,,,
59,B0DHX1F4RJ,【トップネイリスト監修】 Cheria キューティクルニッパー 甘皮処理 ネイルケア プッシャー 爪美人,https://www.amazon.co.jp/%E3%80%90%E3%83%88%E3%83%83%E3%83%97%E3%83%8D%E3%82%A4%E3%83%AA%E3%82%B9%E3%83%88%E7%9B%A3%E4%BF%AE%E3%80%91-Cheria-%E3%82%AD%E3%83%A5%E3%83%BC%E3%83%86%E3%82%A3%E3%82%AF%E3%83%AB%E3%83%8B%E3%83%83%E3%83%91%E3%83%BC-%E3%83%8D%E3%82%A4%E3%83%AB%E3%82%B1%E3%82%A2-%E3%83%97%E3%83%83%E3%82%B7%E3%83%A3%E3%83%BC/dp/B0DHX1F4RJ/ref=sr_1_48?dib=eyJ2IjoiMSJ9.P3MjLEnYawSIXH6AeHnqU5b6pHqwg54qu9FKGr2lXmK0kg0Ps3aC4TVT6EnZtx16yf30GB85YOCmQnh47Hq7vQT14ZRgseNmSZxSEAe6mn8gwyi2Mm8-ITdJATPG3zPkPJI6I6dMvC4B5AgQE_VHv-bX6tR0Xxd09q8yC5v3vBtHvY3vHn5l-0VAo8j0QCyY5Sd0TIoKSCukDxTyxZSLLddNHFNNg6ZjudnZ2Y5fnGZyopgZx1ZiwLZ0fk-Iier3oujyFHk92epNDTvNotnHWYyn7qEO8bsbsLIrd4orEiA.huhEXmwMDKm0rjHcWGZlHsdjeLz-p1EWPy2_nxuwaoY&dib_tag=se&keywords=%E3%82%AD%E3%83%A5%E3%83%BC%E3%83%86%E3%82%A3%E3%82%AF%E3%83%AB%E3%83%AA%E3%83%A0%E3%83%BC%E3%83%90%E3%83%BC&qid=1746505769&sr=8-48,79,4.0,N/A,,,
60,B095H9RST7,キューティクルニッパー 甘皮 ネイル 甘皮処理 ネイルケア ニッパー プッシャー,https://www.amazon.co.jp/Rozally-%E3%82%AD%E3%83%A5%E3%83%BC%E3%83%86%E3%82%A3%E3%82%AF%E3%83%AB%E3%83%8B%E3%83%83%E3%83%91%E3%83%BC-%E7%94%98%E7%9A%AE%E5%87%A6%E7%90%86-%E3%83%8D%E3%82%A4%E3%83%AB%E3%82%B1%E3%82%A2-%E3%83%97%E3%83%83%E3%82%B7%E3%83%A3%E3%83%BC/dp/B095H9RST7/ref=sr_1_49?dib=eyJ2IjoiMSJ9.P3MjLEnYawSIXH6AeHnqU5b6pHqwg54qu9FKGr2lXmK0kg0Ps3aC4TVT6EnZtx16yf30GB85YOCmQnh47Hq7vQT14ZRgseNmSZxSEAe6mn8gwyi2Mm8-ITdJATPG3zPkPJI6I6dMvC4B5AgQE_VHv-bX6tR0Xxd09q8yC5v3vBtHvY3vHn5l-0VAo8j0QCyY5Sd0TIoKSCukDxTyxZSLLddNHFNNg6ZjudnZ2Y5fnGZyopgZx1ZiwLZ0fk-Iier3oujyFHk92epNDTvNotnHWYyn7qEO8bsbsLIrd4orEiA.huhEXmwMDKm0rjHcWGZlHsdjeLz-p1EWPy2_nxuwaoY&dib_tag=se&keywords=%E3%82%AD%E3%83%A5%E3%83%BC%E3%83%86%E3%82%A3%E3%82%AF%E3%83%AB%E3%83%AA%E3%83%A0%E3%83%BC%E3%83%90%E3%83%BC&qid=1746505769&sr=8-49,976,4.4,N/A,,,
61,B01N0E7MQC,SpaLuce 弱酸性キューティクルリムーバー30ml 角質ケア,https://www.amazon.co.jp/%E3%82%B9%E3%83%91%E3%83%AB%E3%83%BC%E3%83%81%E3%82%A7-SpaLuce-%E5%BC%B1%E9%85%B8%E6%80%A7%E3%82%AD%E3%83%A5%E3%83%BC%E3%83%86%E3%82%A3%E3%82%AF%E3%83%AB%E3%83%AA%E3%83%A0%E3%83%BC%E3%83%90%E3%83%BC30ml-%E8%A7%92%E8%B3%AA%E3%82%B1%E3%82%A2/dp/B01N0E7MQC/ref=sr_1_50?dib=eyJ2IjoiMSJ9.P3MjLEnYawSIXH6AeHnqU5b6pHqwg54qu9FKGr2lXmK0kg0Ps3aC4TVT6EnZtx16yf30GB85YOCmQnh47Hq7vQT14ZRgseNmSZxSEAe6mn8gwyi2Mm8-ITdJATPG3zPkPJI6I6dMvC4B5AgQE_VHv-bX6tR0Xxd09q8yC5v3vBtHvY3vHn5l-0VAo8j0QCyY5Sd0TIoKSCukDxTyxZSLLddNHFNNg6ZjudnZ2Y5fnGZyopgZx1ZiwLZ0fk-Iier3oujyFHk92epNDTvNotnHWYyn7qEO8bsbsLIrd4orEiA.huhEXmwMDKm0rjHcWGZlHsdjeLz-p1EWPy2_nxuwaoY&dib_tag=se&keywords=%E3%82%AD%E3%83%A5%E3%83%BC%E3%83%86%E3%82%A3%E3%82%AF%E3%83%AB%E3%83%AA%E3%83%A0%E3%83%BC%E3%83%90%E3%83%BC&qid=1746505769&sr=8-50,5,3.8,N/A,,,
62,B09Q59MWZH,コージー本舗 ネイリスト キューティクルケアスティック 甘皮処理スティック,https://www.amazon.co.jp/%E3%82%B3%E3%83%BC%E3%82%B8%E3%83%BC%E6%9C%AC%E8%88%97-%E3%83%8D%E3%82%A4%E3%83%AA%E3%82%B9%E3%83%88-%E3%82%AD%E3%83%A5%E3%83%BC%E3%83%86%E3%82%A3%E3%82%AF%E3%83%AB%E3%82%B1%E3%82%A2%E3%82%B9%E3%83%86%E3%82%A3%E3%83%83%E3%82%AF-%E7%94%98%E7%9A%AE%E5%87%A6%E7%90%86%E3%82%B9%E3%83%86%E3%82%A3%E3%83%83%E3%82%AF/dp/B09Q59MWZH/ref=sr_1_51?dib=eyJ2IjoiMSJ9.P3MjLEnYawSIXH6AeHnqU5b6pHqwg54qu9FKGr2lXmK0kg0Ps3aC4TVT6EnZtx16yf30GB85YOCmQnh47Hq7vQT14ZRgseNmSZxSEAe6mn8gwyi2Mm8-ITdJATPG3zPkPJI6I6dMvC4B5AgQE_VHv-bX6tR0Xxd09q8yC5v3vBtHvY3vHn5l-0VAo8j0QCyY5Sd0TIoKSCukDxTyxZSLLddNHFNNg6ZjudnZ2Y5fnGZyopgZx1ZiwLZ0fk-Iier3oujyFHk92epNDTvNotnHWYyn7qEO8bsbsLIrd4orEiA.huhEXmwMDKm0rjHcWGZlHsdjeLz-p1EWPy2_nxuwaoY&dib_tag=se&keywords=%E3%82%AD%E3%83%A5%E3%83%BC%E3%83%86%E3%82%A3%E3%82%AF%E3%83%AB%E3%83%AA%E3%83%A0%E3%83%BC%E3%83%90%E3%83%BC&qid=1746505769&sr=8-51,55,4.2,N/A,,,
63,B09SFRPQ3Q,MIKAGAMI ネイルオイル 5つの保湿成分配合 4ml (ペンタイプ),https://www.amazon.co.jp/MIKAGAMI-%E3%83%8D%E3%82%A4%E3%83%AB%E3%82%AA%E3%82%A4%E3%83%AB-5%E3%81%A4%E3%81%AE%E4%BF%9D%E6%B9%BF%E6%88%90%E5%88%86%E9%85%8D%E5%90%88-4ml-%E3%83%9A%E3%83%B3%E3%82%BF%E3%82%A4%E3%83%97/dp/B09SFRPQ3Q/ref=sr_1_52?dib=eyJ2IjoiMSJ9.P3MjLEnYawSIXH6AeHnqU5b6pHqwg54qu9FKGr2lXmK0kg0Ps3aC4TVT6EnZtx16yf30GB85YOCmQnh47Hq7vQT14ZRgseNmSZxSEAe6mn8gwyi2Mm8-ITdJATPG3zPkPJI6I6dMvC4B5AgQE_VHv-bX6tR0Xxd09q8yC5v3vBtHvY3vHn5l-0VAo8j0QCyY5Sd0TIoKSCukDxTyxZSLLddNHFNNg6ZjudnZ2Y5fnGZyopgZx1ZiwLZ0fk-Iier3oujyFHk92epNDTvNotnHWYyn7qEO8bsbsLIrd4orEiA.huhEXmwMDKm0rjHcWGZlHsdjeLz-p1EWPy2_nxuwaoY&dib_tag=se&keywords=%E3%82%AD%E3%83%A5%E3%83%BC%E3%83%86%E3%82%A3%E3%82%AF%E3%83%AB%E3%83%AA%E3%83%A0%E3%83%BC%E3%83%90%E3%83%BC&qid=1746505769&sr=8-52,2779,4.4,N/A,,,
64,B00N8NZU56,貝印 BeSELECTION 甘皮リッパー HK0656,https://www.amazon.co.jp/Be%E3%82%BB%E3%83%AC%E3%82%AF%E3%82%B7%E3%83%A7%E3%83%B3-%E8%B2%9D%E5%8D%B0-%E7%94%98%E7%9A%AE%E3%83%AA%E3%83%83%E3%83%91%E3%83%BC-HK0656/dp/B00N8NZU56/ref=sr_1_53?dib=eyJ2IjoiMSJ9.P3MjLEnYawSIXH6AeHnqU5b6pHqwg54qu9FKGr2lXmK0kg0Ps3aC4TVT6EnZtx16yf30GB85YOCmQnh47Hq7vQT14ZRgseNmSZxSEAe6mn8gwyi2Mm8-ITdJATPG3zPkPJI6I6dMvC4B5AgQE_VHv-bX6tR0Xxd09q8yC5v3vBtHvY3vHn5l-0VAo8j0QCyY5Sd0TIoKSCukDxTyxZSLLddNHFNNg6ZjudnZ2Y5fnGZyopgZx1ZiwLZ0fk-Iier3oujyFHk92epNDTvNotnHWYyn7qEO8bsbsLIrd4orEiA.huhEXmwMDKm0rjHcWGZlHsdjeLz-p1EWPy2_nxuwaoY&dib_tag=se&keywords=%E3%82%AD%E3%83%A5%E3%83%BC%E3%83%86%E3%82%A3%E3%82%AF%E3%83%AB%E3%83%AA%E3%83%A0%E3%83%BC%E3%83%90%E3%83%BC&qid=1746505769&sr=8-53,297,3.5,N/A,,,
65,B07CYNX513,キューティクルリムーバー 15ｍｌ,https://www.amazon.co.jp/SHAREYDVA-%E3%82%AD%E3%83%A5%E3%83%BC%E3%83%86%E3%82%A3%E3%82%AF%E3%83%AB%E3%83%AA%E3%83%A0%E3%83%BC%E3%83%90%E3%83%BC-15%EF%BD%8D%EF%BD%8C/dp/B07CYNX513/ref=sr_1_54?dib=eyJ2IjoiMSJ9.P3MjLEnYawSIXH6AeHnqU5b6pHqwg54qu9FKGr2lXmK0kg0Ps3aC4TVT6EnZtx16yf30GB85YOCmQnh47Hq7vQT14ZRgseNmSZxSEAe6mn8gwyi2Mm8-ITdJATPG3zPkPJI6I6dMvC4B5AgQE_VHv-bX6tR0Xxd09q8yC5v3vBtHvY3vHn5l-0VAo8j0QCyY5Sd0TIoKSCukDxTyxZSLLddNHFNNg6ZjudnZ2Y5fnGZyopgZx1ZiwLZ0fk-Iier3oujyFHk92epNDTvNotnHWYyn7qEO8bsbsLIrd4orEiA.huhEXmwMDKm0rjHcWGZlHsdjeLz-p1EWPy2_nxuwaoY&dib_tag=se&keywords=%E3%82%AD%E3%83%A5%E3%83%BC%E3%83%86%E3%82%A3%E3%82%AF%E3%83%AB%E3%83%AA%E3%83%A0%E3%83%BC%E3%83%90%E3%83%BC&qid=1746505769&sr=8-54,N/A,N/A,N/A,,,
66,B01M18CDP1,ORLY(オーリー) メタルプッシャー,https://www.amazon.co.jp/ORLY-%E3%82%AA%E3%83%BC%E3%83%AA%E3%83%BC-%E3%83%A1%E3%82%BF%E3%83%AB%E3%83%97%E3%83%83%E3%82%B7%E3%83%A3%E3%83%BC/dp/B01M18CDP1/ref=sr_1_55?dib=eyJ2IjoiMSJ9.P3MjLEnYawSIXH6AeHnqU5b6pHqwg54qu9FKGr2lXmK0kg0Ps3aC4TVT6EnZtx16yf30GB85YOCmQnh47Hq7vQT14ZRgseNmSZxSEAe6mn8gwyi2Mm8-ITdJATPG3zPkPJI6I6dMvC4B5AgQE_VHv-bX6tR0Xxd09q8yC5v3vBtHvY3vHn5l-0VAo8j0QCyY5Sd0TIoKSCukDxTyxZSLLddNHFNNg6ZjudnZ2Y5fnGZyopgZx1ZiwLZ0fk-Iier3oujyFHk92epNDTvNotnHWYyn7qEO8bsbsLIrd4orEiA.huhEXmwMDKm0rjHcWGZlHsdjeLz-p1EWPy2_nxuwaoY&dib_tag=se&keywords=%E3%82%AD%E3%83%A5%E3%83%BC%E3%83%86%E3%82%A3%E3%82%AF%E3%83%AB%E3%83%AA%E3%83%A0%E3%83%BC%E3%83%90%E3%83%BC&qid=1746505769&sr=8-55,16,4.3,N/A,,,
67,B0CT2JFTRF,5本入りの爪キューティクルナイフキューティクルトリマーリムーバープッシャーステンレス鋼死んだ皮膚カルス除去フォークプラスチックハンドル付きネイルアートツール爪と足の爪用ネイルクリーナーツール,https://www.amazon.co.jp/Roczential/dp/B0CT2JFTRF/ref=sr_1_56?dib=eyJ2IjoiMSJ9.P3MjLEnYawSIXH6AeHnqU5b6pHqwg54qu9FKGr2lXmK0kg0Ps3aC4TVT6EnZtx16yf30GB85YOCmQnh47Hq7vQT14ZRgseNmSZxSEAe6mn8gwyi2Mm8-ITdJATPG3zPkPJI6I6dMvC4B5AgQE_VHv-bX6tR0Xxd09q8yC5v3vBtHvY3vHn5l-0VAo8j0QCyY5Sd0TIoKSCukDxTyxZSLLddNHFNNg6ZjudnZ2Y5fnGZyopgZx1ZiwLZ0fk-Iier3oujyFHk92epNDTvNotnHWYyn7qEO8bsbsLIrd4orEiA.huhEXmwMDKm0rjHcWGZlHsdjeLz-p1EWPy2_nxuwaoY&dib_tag=se&keywords=%E3%82%AD%E3%83%A5%E3%83%BC%E3%83%86%E3%82%A3%E3%82%AF%E3%83%AB%E3%83%AA%E3%83%A0%E3%83%BC%E3%83%90%E3%83%BC&qid=1746505769&sr=8-56,6,3.6,N/A,,,
68,B0DNJCQHS5,THRAU キューティクルニッパー ミニプロ甘皮 ニッパー 甘皮処理 ささくれ用爪切り・ニッパー 甘皮ケア ニッパー ネイル より専門的で精密な携帯用ささくれ修剪器,https://www.amazon.co.jp/THRAU-%E3%82%AD%E3%83%A5%E3%83%BC%E3%83%86%E3%82%A3%E3%82%AF%E3%83%AB%E3%83%8B%E3%83%83%E3%83%91%E3%83%BC-%E3%83%9F%E3%83%8B%E3%83%97%E3%83%AD%E7%94%98%E7%9A%AE-%E3%81%95%E3%81%95%E3%81%8F%E3%82%8C%E7%94%A8%E7%88%AA%E5%88%87%E3%82%8A%E3%83%BB%E3%83%8B%E3%83%83%E3%83%91%E3%83%BC-%E3%82%88%E3%82%8A%E5%B0%82%E9%96%80%E7%9A%84%E3%81%A7%E7%B2%BE%E5%AF%86%E3%81%AA%E6%90%BA%E5%B8%AF%E7%94%A8%E3%81%95%E3%81%95%E3%81%8F%E3%82%8C%E4%BF%AE%E5%89%AA%E5%99%A8/dp/B0DNJCQHS5/ref=sr_1_57?dib=eyJ2IjoiMSJ9.P3MjLEnYawSIXH6AeHnqU5b6pHqwg54qu9FKGr2lXmK0kg0Ps3aC4TVT6EnZtx16yf30GB85YOCmQnh47Hq7vQT14ZRgseNmSZxSEAe6mn8gwyi2Mm8-ITdJATPG3zPkPJI6I6dMvC4B5AgQE_VHv-bX6tR0Xxd09q8yC5v3vBtHvY3vHn5l-0VAo8j0QCyY5Sd0TIoKSCukDxTyxZSLLddNHFNNg6ZjudnZ2Y5fnGZyopgZx1ZiwLZ0fk-Iier3oujyFHk92epNDTvNotnHWYyn7qEO8bsbsLIrd4orEiA.huhEXmwMDKm0rjHcWGZlHsdjeLz-p1EWPy2_nxuwaoY&dib_tag=se&keywords=%E3%82%AD%E3%83%A5%E3%83%BC%E3%83%86%E3%82%A3%E3%82%AF%E3%83%AB%E3%83%AA%E3%83%A0%E3%83%BC%E3%83%90%E3%83%BC&qid=1746505769&sr=8-57,18,4.0,N/A,,,
69,B0C27C7MVM,【トップネイリスト監修】Ceevs. シーブス ネイルオイル ペンタイプ キューティクルオイル 甘皮 保湿 美容液 爪 保湿 ハイポニキウム,https://www.amazon.co.jp/Ceevs-%E3%83%8D%E3%82%A4%E3%83%AB%E3%82%AA%E3%82%A4%E3%83%AB-%E3%83%9A%E3%83%B3%E3%82%BF%E3%82%A4%E3%83%97-%E3%82%AD%E3%83%A5%E3%83%BC%E3%83%86%E3%82%A3%E3%82%AF%E3%83%AB%E3%82%AA%E3%82%A4%E3%83%AB-%E3%83%8F%E3%82%A4%E3%83%9D%E3%83%8B%E3%82%AD%E3%82%A6%E3%83%A0/dp/B0C27C7MVM/ref=sr_1_58?dib=eyJ2IjoiMSJ9.P3MjLEnYawSIXH6AeHnqU5b6pHqwg54qu9FKGr2lXmK0kg0Ps3aC4TVT6EnZtx16yf30GB85YOCmQnh47Hq7vQT14ZRgseNmSZxSEAe6mn8gwyi2Mm8-ITdJATPG3zPkPJI6I6dMvC4B5AgQE_VHv-bX6tR0Xxd09q8yC5v3vBtHvY3vHn5l-0VAo8j0QCyY5Sd0TIoKSCukDxTyxZSLLddNHFNNg6ZjudnZ2Y5fnGZyopgZx1ZiwLZ0fk-Iier3oujyFHk92epNDTvNotnHWYyn7qEO8bsbsLIrd4orEiA.huhEXmwMDKm0rjHcWGZlHsdjeLz-p1EWPy2_nxuwaoY&dib_tag=se&keywords=%E3%82%AD%E3%83%A5%E3%83%BC%E3%83%86%E3%82%A3%E3%82%AF%E3%83%AB%E3%83%AA%E3%83%A0%E3%83%BC%E3%83%90%E3%83%BC&qid=1746505769&sr=8-58,765,4.5,N/A,,,
70,B00BLEK1BM,Grown Care キューティクルケアオイル １０ｍｌ,https://www.amazon.co.jp/Grown-Care-%E2%98%85Grown-Care-%E3%82%AD%E3%83%A5%E3%83%BC%E3%83%86%E3%82%A3%E3%82%AF%E3%83%AB%E3%82%B1%E3%82%A2%E3%82%AA%E3%82%A4%E3%83%AB-%EF%BC%91%EF%BC%90%EF%BD%8D%EF%BD%8C/dp/B00BLEK1BM/ref=sr_1_59?dib=eyJ2IjoiMSJ9.P3MjLEnYawSIXH6AeHnqU5b6pHqwg54qu9FKGr2lXmK0kg0Ps3aC4TVT6EnZtx16yf30GB85YOCmQnh47Hq7vQT14ZRgseNmSZxSEAe6mn8gwyi2Mm8-ITdJATPG3zPkPJI6I6dMvC4B5AgQE_VHv-bX6tR0Xxd09q8yC5v3vBtHvY3vHn5l-0VAo8j0QCyY5Sd0TIoKSCukDxTyxZSLLddNHFNNg6ZjudnZ2Y5fnGZyopgZx1ZiwLZ0fk-Iier3oujyFHk92epNDTvNotnHWYyn7qEO8bsbsLIrd4orEiA.huhEXmwMDKm0rjHcWGZlHsdjeLz-p1EWPy2_nxuwaoY&dib_tag=se&keywords=%E3%82%AD%E3%83%A5%E3%83%BC%E3%83%86%E3%82%A3%E3%82%AF%E3%83%AB%E3%83%AA%E3%83%A0%E3%83%BC%E3%83%90%E3%83%BC&qid=1746505769&sr=8-59,554,4.4,N/A,,,
71,B08XYNSMG8,ohora 公式 Pro Easy Peel Remover : PC-NR-001 / オホーラ ジェルネイル リムーバー ジェルネイルリムーバー ネイルリムーバー ピールオフジェル ジェルネイルシール オフ [並行輸入品],https://www.amazon.co.jp/ohora%E5%85%AC%E5%BC%8F-Pro-Easy-Peel-Remover/dp/B08XYNSMG8/ref=sr_1_60?dib=eyJ2IjoiMSJ9.P3MjLEnYawSIXH6AeHnqU5b6pHqwg54qu9FKGr2lXmK0kg0Ps3aC4TVT6EnZtx16yf30GB85YOCmQnh47Hq7vQT14ZRgseNmSZxSEAe6mn8gwyi2Mm8-ITdJATPG3zPkPJI6I6dMvC4B5AgQE_VHv-bX6tR0Xxd09q8yC5v3vBtHvY3vHn5l-0VAo8j0QCyY5Sd0TIoKSCukDxTyxZSLLddNHFNNg6ZjudnZ2Y5fnGZyopgZx1ZiwLZ0fk-Iier3oujyFHk92epNDTvNotnHWYyn7qEO8bsbsLIrd4orEiA.huhEXmwMDKm0rjHcWGZlHsdjeLz-p1EWPy2_nxuwaoY&dib_tag=se&keywords=%E3%82%AD%E3%83%A5%E3%83%BC%E3%83%86%E3%82%A3%E3%82%AF%E3%83%AB%E3%83%AA%E3%83%A0%E3%83%BC%E3%83%90%E3%83%BC&qid=1746505769&sr=8-60,605,4.2,N/A,,,
72,,RENAGE ネイリストYoutuberが監修 ネイルマシン ジェルネイル オフ 電動ネイルマシン リムーバー ビット ネイルケア 爪磨き 甘皮処理 セルフ 正逆回転 USB給電 セルフオフ サロン プロ仕様 グレー,https://www.amazon.co.jp#,756,4.4,N/A,,,
73,B0CJY5522W,RENAGE ネイリストYoutuberが監修 ネイルマシン ジェルネイル オフ 電動ネイルマシン リムーバー ビット ネイルケア 爪磨き 甘皮処理 セルフ 正逆回転 USB給電 セルフオフ サロン プロ仕様 グレー,https://www.amazon.co.jp/sspa/click?ie=UTF8&spc=MTo2NjYzNTc1NjI3NzAwOTcxOjE3NDY1MDU3Njk6c3Bfc2VhcmNoX3RoZW1hdGljX2J0ZjozMDAwMTE3ODk2MDU2NjI6OjA6Og&url=%2F%25EF%25BC%25BC%25E3%2583%258D%25E3%2582%25A4%25E3%2583%25AA%25E3%2582%25B9%25E3%2583%2588Youtuber%25E3%2581%258C%25E7%259B%25A3%25E4%25BF%25AE%25EF%25BC%258F-%25E3%2583%258D%25E3%2582%25A4%25E3%2583%25AB%25E3%2583%259E%25E3%2582%25B7%25E3%2583%25B3-%25E3%2582%25B8%25E3%2582%25A7%25E3%2583%25AB%25E3%2583%258D%25E3%2582%25A4%25E3%2583%25AB-%25E9%259B%25BB%25E5%258B%2595%25E3%2583%258D%25E3%2582%25A4%25E3%2583%25AB%25E3%2583%259E%25E3%2582%25B7%25E3%2583%25B3-%25E3%2583%2597%25E3%2583%25AD%25E4%25BB%2595%25E6%25A7%2598%25EF%25BC%2588%25E3%2582%25B0%25E3%2583%25AC%25E3%2583%25BC%25EF%25BC%2589%2Fdp%2FB0CJY5522W%2Fref%3Dsxbs_pa_sp_search_thematic_btf_sspa%3Fcontent-id%3Damzn1.sym.dfae273c-5114-4e59-b9f2-099001483b48%253Aamzn1.sym.dfae273c-5114-4e59-b9f2-099001483b48%26cv_ct_cx%3D%25E3%2582%25AD%25E3%2583%25A5%25E3%2583%25BC%25E3%2583%2586%25E3%2582%25A3%25E3%2582%25AF%25E3%2583%25AB%25E3%2583%25AA%25E3%2583%25A0%25E3%2583%25BC%25E3%2583%2590%25E3%2583%25BC%26keywords%3D%25E3%2582%25AD%25E3%2583%25A5%25E3%2583%25BC%25E3%2583%2586%25E3%2582%25A3%25E3%2582%25AF%25E3%2583%25AB%25E3%2583%25AA%25E3%2583%25A0%25E3%2583%25BC%25E3%2583%2590%25E3%2583%25BC%26pd_rd_i%3DB0CJY5522W%26pd_rd_r%3Dbe8ac9d5-b29d-4bc2-849d-68e78962cb98%26pd_rd_w%3DOrcpg%26pd_rd_wg%3DVautY%26pf_rd_p%3Ddfae273c-5114-4e59-b9f2-099001483b48%26pf_rd_r%3D4AD67RJPE5SW1SNMMC3K%26qid%3D1746505769%26sbo%3DRZvfv%252F%252FHxDF%252BO5021pAnSA%253D%253D%26sr%3D1-1-4a365ee0-6957-4576-ac05-70f3b5657850-spons%26sp_csd%3Dd2lkZ2V0TmFtZT1zcF9zZWFyY2hfdGhlbWF0aWNfYnRm%26psc%3D1,756,4.4,N/A,,,
74,B098D2MJZ5,ビトムス キューティクルニッパー 甘皮処理 ネイルニッパー 爪ケア プッシャー 爪磨き付,https://www.amazon.co.jp/sspa/click?ie=UTF8&spc=MTo2NjYzNTc1NjI3NzAwOTcxOjE3NDY1MDU3Njk6c3Bfc2VhcmNoX3RoZW1hdGljX2J0ZjozMDAwOTI2NzQ3ODgzNjI6OjE6Og&url=%2FVITOMS-%25E3%2582%25AD%25E3%2583%25A5%25E3%2583%25BC%25E3%2583%2586%25E3%2582%25A3%25E3%2582%25AF%25E3%2583%25AB%25E3%2583%258B%25E3%2583%2583%25E3%2583%2591%25E3%2583%25BC-%25E3%2583%258D%25E3%2582%25A4%25E3%2583%25AB%25E3%2582%25B1%25E3%2582%25A2-%25E3%2583%2597%25E3%2583%2583%25E3%2582%25B7%25E3%2583%25A3%25E3%2583%25BC-%25E7%2588%25AA%25E7%25A3%25A8%25E3%2581%258D%25E4%25BB%2598%25E3%2581%258D%2Fdp%2FB098D2MJZ5%2Fref%3Dsxbs_pa_sp_search_thematic_btf_sspa%3Fcontent-id%3Damzn1.sym.dfae273c-5114-4e59-b9f2-099001483b48%253Aamzn1.sym.dfae273c-5114-4e59-b9f2-099001483b48%26cv_ct_cx%3D%25E3%2582%25AD%25E3%2583%25A5%25E3%2583%25BC%25E3%2583%2586%25E3%2582%25A3%25E3%2582%25AF%25E3%2583%25AB%25E3%2583%25AA%25E3%2583%25A0%25E3%2583%25BC%25E3%2583%2590%25E3%2583%25BC%26keywords%3D%25E3%2582%25AD%25E3%2583%25A5%25E3%2583%25BC%25E3%2583%2586%25E3%2582%25A3%25E3%2582%25AF%25E3%2583%25AB%25E3%2583%25AA%25E3%2583%25A0%25E3%2583%25BC%25E3%2583%2590%25E3%2583%25BC%26pd_rd_i%3DB098D2MJZ5%26pd_rd_r%3Dbe8ac9d5-b29d-4bc2-849d-68e78962cb98%26pd_rd_w%3DOrcpg%26pd_rd_wg%3DVautY%26pf_rd_p%3Ddfae273c-5114-4e59-b9f2-099001483b48%26pf_rd_r%3D4AD67RJPE5SW1SNMMC3K%26qid%3D1746505769%26sbo%3DRZvfv%252F%252FHxDF%252BO5021pAnSA%253D%253D%26sr%3D1-2-4a365ee0-6957-4576-ac05-70f3b5657850-spons%26sp_csd%3Dd2lkZ2V0TmFtZT1zcF9zZWFyY2hfdGhlbWF0aWNfYnRm%26psc%3D1,903,4.4,N/A,,,
75,B0D12YPNPP,【巻き爪のプロ監修】爪垢取り＆爪やすり ネイルケアセット(ステンレス製)《専用ケース＆説明書付き》爪あか取り 爪ヤスリ 巻き爪 巻爪 まきずめ まきづめ マキズメ ゾンデ | 足の快適工房,https://www.amazon.co.jp/sspa/click?ie=UTF8&spc=MTo2NjYzNTc1NjI3NzAwOTcxOjE3NDY1MDU3Njk6c3Bfc2VhcmNoX3RoZW1hdGljX2J0ZjozMDAwODM0Mjc5MTYwNjI6OjI6Og&url=%2F%25E3%2580%2590%25E5%25B7%25BB%25E3%2581%258D%25E7%2588%25AA%25E3%2581%25AE%25E3%2583%2597%25E3%2583%25AD%25E7%259B%25A3%25E4%25BF%25AE%25E3%2580%2591%25E7%2588%25AA%25E5%259E%25A2%25E5%258F%2596%25E3%2582%258A%25EF%25BC%2586%25E7%2588%25AA%25E3%2582%2584%25E3%2581%2599%25E3%2582%258A-%25E3%2583%258D%25E3%2582%25A4%25E3%2583%25AB%25E3%2582%25B1%25E3%2582%25A2%25E3%2582%25BB%25E3%2583%2583%25E3%2583%2588-%25E3%2582%25B9%25E3%2583%2586%25E3%2583%25B3%25E3%2583%25AC%25E3%2582%25B9%25E8%25A3%25BD-%25E3%2580%2590%25E5%25B0%2582%25E7%2594%25A8%25E3%2582%25B1%25E3%2583%25BC%25E3%2582%25B9%25EF%25BC%2586%25E3%2582%25AA%25E3%2583%25AA%25E3%2582%25B8%25E3%2583%258A%25E3%2583%25AB%25E8%25AA%25AC%25E6%2598%258E%25E6%259B%25B8%25E4%25BB%2598%25E3%2581%258D%25E3%2580%2591%25E7%2588%25AA%25E3%2581%2582%25E3%2581%258B%25E5%258F%2596%25E3%2582%258A-yumegocochiLABO%2Fdp%2FB0D12YPNPP%2Fref%3Dsxbs_pa_sp_search_thematic_btf_sspa%3Fcontent-id%3Damzn1.sym.dfae273c-5114-4e59-b9f2-099001483b48%253Aamzn1.sym.dfae273c-5114-4e59-b9f2-099001483b48%26cv_ct_cx%3D%25E3%2582%25AD%25E3%2583%25A5%25E3%2583%25BC%25E3%2583%2586%25E3%2582%25A3%25E3%2582%25AF%25E3%2583%25AB%25E3%2583%25AA%25E3%2583%25A0%25E3%2583%25BC%25E3%2583%2590%25E3%2583%25BC%26keywords%3D%25E3%2582%25AD%25E3%2583%25A5%25E3%2583%25BC%25E3%2583%2586%25E3%2582%25A3%25E3%2582%25AF%25E3%2583%25AB%25E3%2583%25AA%25E3%2583%25A0%25E3%2583%25BC%25E3%2583%2590%25E3%2583%25BC%26pd_rd_i%3DB0D12YPNPP%26pd_rd_r%3Dbe8ac9d5-b29d-4bc2-849d-68e78962cb98%26pd_rd_w%3DOrcpg%26pd_rd_wg%3DVautY%26pf_rd_p%3Ddfae273c-5114-4e59-b9f2-099001483b48%26pf_rd_r%3D4AD67RJPE5SW1SNMMC3K%26qid%3D1746505769%26sbo%3DRZvfv%252F%252FHxDF%252BO5021pAnSA%253D%253D%26sr%3D1-3-4a365ee0-6957-4576-ac05-70f3b5657850-spons%26sp_csd%3Dd2lkZ2V0TmFtZT1zcF9zZWFyY2hfdGhlbWF0aWNfYnRm%26psc%3D1,417,4.3,N/A,,,
76,B0D9R1R6ZL,爪やすり 爪磨き ガラス製 4本（2セット）ネイルケア ツヤ出し ピカピカ 4000グリッド数 爪の削り・ツヤ出し,https://www.amazon.co.jp/sspa/click?ie=UTF8&spc=MTo2NjYzNTc1NjI3NzAwOTcxOjE3NDY1MDU3Njk6c3Bfc2VhcmNoX3RoZW1hdGljX2J0ZjozMDAwNjQzNzMyMjQ3NjI6OjM6Og&url=%2Fkanfei-%25E7%2588%25AA%25E3%2582%2584%25E3%2581%2599%25E3%2582%258A-4%25E6%259C%25AC%25EF%25BC%25882%25E3%2582%25BB%25E3%2583%2583%25E3%2583%2588%25EF%25BC%2589%25E3%2583%258D%25E3%2582%25A4%25E3%2583%25AB%25E3%2582%25B1%25E3%2582%25A2-4000%25E3%2582%25B0%25E3%2583%25AA%25E3%2583%2583%25E3%2583%2589%25E6%2595%25B0-%25E7%2588%25AA%25E3%2581%25AE%25E5%2589%258A%25E3%2582%258A%25E3%2583%25BB%25E3%2583%2584%25E3%2583%25A4%25E5%2587%25BA%25E3%2581%2597%2Fdp%2FB0D9R1R6ZL%2Fref%3Dsxbs_pa_sp_search_thematic_btf_sspa%3Fcontent-id%3Damzn1.sym.dfae273c-5114-4e59-b9f2-099001483b48%253Aamzn1.sym.dfae273c-5114-4e59-b9f2-099001483b48%26cv_ct_cx%3D%25E3%2582%25AD%25E3%2583%25A5%25E3%2583%25BC%25E3%2583%2586%25E3%2582%25A3%25E3%2582%25AF%25E3%2583%25AB%25E3%2583%25AA%25E3%2583%25A0%25E3%2583%25BC%25E3%2583%2590%25E3%2583%25BC%26keywords%3D%25E3%2582%25AD%25E3%2583%25A5%25E3%2583%25BC%25E3%2583%2586%25E3%2582%25A3%25E3%2582%25AF%25E3%2583%25AB%25E3%2583%25AA%25E3%2583%25A0%25E3%2583%25BC%25E3%2583%2590%25E3%2583%25BC%26pd_rd_i%3DB0D9R1R6ZL%26pd_rd_r%3Dbe8ac9d5-b29d-4bc2-849d-68e78962cb98%26pd_rd_w%3DOrcpg%26pd_rd_wg%3DVautY%26pf_rd_p%3Ddfae273c-5114-4e59-b9f2-099001483b48%26pf_rd_r%3D4AD67RJPE5SW1SNMMC3K%26qid%3D1746505769%26sbo%3DRZvfv%252F%252FHxDF%252BO5021pAnSA%253D%253D%26sr%3D1-4-4a365ee0-6957-4576-ac05-70f3b5657850-spons%26sp_csd%3Dd2lkZ2V0TmFtZT1zcF9zZWFyY2hfdGhlbWF0aWNfYnRm%26psc%3D1,70,4.5,N/A,,,
77,B098DNN679,爪やすり 爪磨き (磨きムラ解消スポンジファイル付属) つめやすり つめみがき 爪鑢 ガラス つや出し ピカピカ ネイルケア ストレート 母の日ギフト プレゼント,https://www.amazon.co.jp/sspa/click?ie=UTF8&spc=MTo2NjYzNTc1NjI3NzAwOTcxOjE3NDY1MDU3Njk6c3Bfc2VhcmNoX3RoZW1hdGljX2J0ZjozMDAwOTI3ODI5MDUwNjI6OjQ6Og&url=%2F%25E3%2581%25A4%25E3%2582%2581%25E3%2582%2584%25E3%2581%2599%25E3%2582%258A-%25E3%2583%2597%25E3%2583%25AD%25E3%2583%258D%25E3%2582%25A4%25E3%2583%25AA%25E3%2582%25B9%25E3%2583%2588%25E6%258E%25A8%25E8%2596%25A6%25E7%2588%25AA%25E7%25A3%25A8%25E3%2581%258D-%25E3%2581%25A4%25E3%2582%2584%25E5%2587%25BA%25E3%2581%2597%25E3%2582%25AC%25E3%2583%25A9%25E3%2582%25B9-%25E8%25A7%25A3%25E8%25AA%25AC%25E5%258B%2595%25E7%2594%25BB%25E4%25BB%2598-VITOMS%2Fdp%2FB098DNN679%2Fref%3Dsxbs_pa_sp_search_thematic_btf_sspa%3Fcontent-id%3Damzn1.sym.dfae273c-5114-4e59-b9f2-099001483b48%253Aamzn1.sym.dfae273c-5114-4e59-b9f2-099001483b48%26cv_ct_cx%3D%25E3%2582%25AD%25E3%2583%25A5%25E3%2583%25BC%25E3%2583%2586%25E3%2582%25A3%25E3%2582%25AF%25E3%2583%25AB%25E3%2583%25AA%25E3%2583%25A0%25E3%2583%25BC%25E3%2583%2590%25E3%2583%25BC%26keywords%3D%25E3%2582%25AD%25E3%2583%25A5%25E3%2583%25BC%25E3%2583%2586%25E3%2582%25A3%25E3%2582%25AF%25E3%2583%25AB%25E3%2583%25AA%25E3%2583%25A0%25E3%2583%25BC%25E3%2583%2590%25E3%2583%25BC%26pd_rd_i%3DB098DNN679%26pd_rd_r%3Dbe8ac9d5-b29d-4bc2-849d-68e78962cb98%26pd_rd_w%3DOrcpg%26pd_rd_wg%3DVautY%26pf_rd_p%3Ddfae273c-5114-4e59-b9f2-099001483b48%26pf_rd_r%3D4AD67RJPE5SW1SNMMC3K%26qid%3D1746505769%26sbo%3DRZvfv%252F%252FHxDF%252BO5021pAnSA%253D%253D%26sr%3D1-5-4a365ee0-6957-4576-ac05-70f3b5657850-spons%26sp_csd%3Dd2lkZ2V0TmFtZT1zcF9zZWFyY2hfdGhlbWF0aWNfYnRm%26psc%3D1,1479,4.2,N/A,,,
78,,N/A,https://www.amazon.co.jp/s?k=%E3%82%AD%E3%83%A5%E3%83%BC%E3%83%86%E3%82%A3%E3%82%AF%E3%83%AB%E3%83%8B%E3%83%83%E3%83%91%E3%83%BC&ref=rsl_sug_0_0&pd_rd_w=flgOI&content-id=amzn1.sym.62e47e11-d464-411c-b9e4-4daead37910c:amzn1.sym.62e47e11-d464-411c-b9e4-4daead37910c&pf_rd_p=62e47e11-d464-411c-b9e4-4daead37910c&pf_rd_r=4AD67RJPE5SW1SNMMC3K&pd_rd_wg=VautY&pd_rd_r=be8ac9d5-b29d-4bc2-849d-68e78962cb98&qid=1746505769,N/A,N/A,N/A,,,
79,,N/A,https://www.amazon.co.jp/s?k=%E3%82%AD%E3%83%A5%E3%83%BC%E3%83%86%E3%82%A3%E3%82%AF%E3%83%AB%E3%83%AA%E3%83%A0%E3%83%BC%E3%83%90%E3%83%BC&page=2&xpid=zI_YVKK3ggwNq&qid=1746505769&ref=sr_pg_2,N/A,N/A,N/A,,,
80,,N/A,https://www.amazon.co.jphttps://aax-fe.amazon.co.jp/x/c/JAVoNkONM05-97OJ3-_QSqYAAAGWo9sksgcAAAH2AQBvbm9fdHhuX2JpZDEgICBvbm9fdHhuX2ltcDEgICDzt6ji/https://www.amazon.co.jp/stores/page/EF516E53-1622-49E7-916E-5413AFC50966/?_encoding=UTF8&store_ref=SB_ATLFFX88JF1G2-AHAXM1TACVPNZ&pd_rd_plhdr=t&aaxitk=451ffcff8b56ab36eadec1239f3120ce&hsa_cr_id=0&lp_asins=B0CP4VWXHR%2CB0CNNFC2VT%2CB0BVKDX4XM&lp_query=%E3%82%AD%E3%83%A5%E3%83%BC%E3%83%86%E3%82%A3%E3%82%AF%E3%83%AB%E3%83%AA%E3%83%A0%E3%83%BC%E3%83%90%E3%83%BC&lp_slot=desktop-hsa-3psl&ref_=sbx_be_s_3psl_mbd_mb0_bkgd&pd_rd_w=RxqfL&content-id=amzn1.sym.bdae621c-a752-4cd0-8103-bfd852216314%3Aamzn1.sym.bdae621c-a752-4cd0-8103-bfd852216314&pf_rd_p=bdae621c-a752-4cd0-8103-bfd852216314&pf_rd_r=4AD67RJPE5SW1SNMMC3K&pd_rd_wg=m4HAe&pd_rd_r=05d7c5fc-b83e-470d-ab87-bb06dfd2c507,N/A,N/A,N/A,,,
81,,N/A,https://www.amazon.co.jp/gp/help/customer/display.html?nodeId=642942,ヘルプセクションを参照する,N/A,N/A,,,
82,,N/A,N/A,N/A,N/A,N/A,,,
83,,N/A,N/A,N/A,N/A,N/A,,,
