"商品名","販売数","商品URL","画像URL"
"韓国語版漫画キルティング鉛筆バッグ学生ダウンジャケット生地鉛筆バッグ真珠光沢のある色文具収納袋","3.0k+ sold","https://jp.shein.com/Korean-Version-Cartoon-Quilted-Pencil-Bag-Student-Down-Jacket-Fabric-Pencil-Bag-Pearlescent-Color-Stationery-Storage-Bag-p-27625129.html?mallCode=1&pageListType=4","//img.ltwebstatic.com/images3_spmp/2025/03/03/93/1740987832dde48cb6e04b35dd3b64072a89f885fd_thumbnail_600x.webp"
"1個 テクスチャー 鉛筆バッグ","500+ sold","https://jp.shein.com/1pc-Textured-Pencil-Bag-Back-To-School-p-13347076.html?mallCode=1&pageListType=4","//img.ltwebstatic.com/images3_pi/2023/02/23/16771163688adb462d89c5f8df9f62859a76500f31_thumbnail_600x.webp"
"韓国スタイルのクリアメッシュペンシルケース1個、試験専用の文具バッグ、大容量で収納に便利","2.3k+ sold","https://jp.shein.com/1pc-Korean-Style-Clear-Mesh-Pencil-Case-Exam-Specific-Stationery-Bag-With-Large-Capacity-For-Convenient-Storage-Back-To-School-p-25211349.html?mallCode=1&pageListType=4","//img.ltwebstatic.com/images3_spmp/2023/10/22/22/1697968522fc6fac4dec4d1059fdb07b7ec3711c45_thumbnail_600x.webp"
"1個 カラフルチェック柄 大型収納バッグ、ペンケース、文房具収納バッグ、女子向け、ジッパー付き、ティーンエイジャー向け文房具収納、オフィス用品収納、学校/オフィス/小中高大学向け文具収納、男女兼用、トラベルホルダー、文具オーガナイザー","2.3k+ sold","https://jp.shein.com/1pc-Colored-Plaid-Large-Storage-Bag-Pencil-Case-Pencil-Pouch-School-Stationery-Storage-Bag-For-Girls-Pencil-Case-Bag-With-Zipper-Teen-Aesthetic-Stationery-Storage-Bag-Office-Supplies-Storage-Bag-School-Office-Lower-School-Upper-School-College-Essentials-School-Essentials-For-Boys-And-Girls-Travel-Holder-Box-Stationery-Organizer-Pencil-Organizer-Back-To-School-p-41495157.html?mallCode=1&pageListType=4","//img.ltwebstatic.com/images3_spmp/2024/08/24/74/172446750584c1cfb031073673ba6590e36b175344_thumbnail_600x.webp"
"1個 日本と韓国のクリエイティブロープバックルの大容量鉛筆ケース、学習、オフィス、デスクトップ文房具収納バッグ、小中学生用、シンプルで持ち運びやすい、高美的な文房具バッグ","1.1k+ sold","https://jp.shein.com/1-Japanese-And-Korean-Creative-Rope-Buckle-Large-Capacity-Pencil-Case-For-Learning-Office-Desktop-Stationery-Storage-Bag-For-Primary-And-Secondary-School-Students-Simple-And-Portable-High-Aesthetic-Storage-Stationery-Bag-Back-To-School-p-46926930.html?mallCode=1&pageListType=4","//img.ltwebstatic.com/images3_spmp/2024/11/02/73/1730537506cd071ddd2b0b350c59a15b2660f995bf_thumbnail_600x.webp"
"リボン柄ペンケース 刺繍入り ペンポーチ、女性/学生向けステーショナリーオーガナイザー、イヤホン収納アクセサリー","10k+ sold","https://jp.shein.com/Bow-Knot-Pen-Bag-Embroidered-Pen-Pouch-Women-Student-Stationery-Organizer-Earphone-Storage-Accessory-Back-To-School-p-38644751.html?mallCode=1&pageListType=4","//img.ltwebstatic.com/images3_spmp/2024/10/02/52/17278622836d4389ca28e9d4cf19960ea63154580c_thumbnail_600x.webp"
"1個 リボン柄 ペンケース、可愛らしい鉛筆箱、ペンホルダー、コインケース、消しゴム鉛筆削り収納バッグ、ミニマルコスメ収納、オフィス文房具ハイライターボックス、学校用品 新学期","500+ sold","https://jp.shein.com/1pc-Bowknot-Pencil-Case-Cute-Pencil-Box-Pen-Holder-Coin-Purse-Eraser-Pencil-Sharpener-Storage-Bag-Minimalist-Cosmetic-Organizer-Office-Stationery-Highlighter-Box-School-Supplies-Back-To-School-p-49899910.html?mallCode=1&pageListType=4","//img.ltwebstatic.com/images3_spmp/2024/12/05/5f/1733383571828f5c65df20e1a16f95aefbe39dcd63_thumbnail_600x.webp"
"1個 ビンテージコーデュロイ ステーショナリーポーチ、シンプルで優雅な高校生向けペンケース","2.9k+ sold","https://jp.shein.com/1pc-New-Vintage-Corduroy-Solid-Color-Stationery-Pouch-Simple-Elegant-Pencil-Case-For-High-School-Students-Back-To-School-p-40248290.html?mallCode=1&pageListType=4","//img.ltwebstatic.com/images3_spmp/2024/08/03/1d/17226533826fb65cb811109fc74cd5b62df913b68d_thumbnail_600x.webp"
"かわいいキャラクター ペンケース 文房具収納バッグ INS韓国風、 小学生 中学生の学校準備に、大容量で高品質","2.1k+ sold","https://jp.shein.com/Plush-Pen-Bag-Ins-Korean-Style-Cute-Cartoon-Stationery-Storage-Bag-For-Primary-School-Middle-School-Students-High-Capacity-And-Highly-Attractive-Back-To-School-p-31385913.html?mallCode=1&pageListType=4","//img.ltwebstatic.com/images3_spmp/2024/03/06/eb/1709701865f9d3b4bb10c7e1a01e990adff6f0ebaf_thumbnail_600x.webp"
"1個 メイクブラシ収納メッシュ トランスペアレントペンケース 文具バッグ シンプル 大容量ペンケース メイクバッグ コスメバッグ トイレタリーバッグ パッキングキューブ、トラベルエッセンシャル クルーズエッセンシャル ドームエッセンシャル、ウェディング花嫁介添人ギフト、母の日ギフト、誕生日ギフト、友人と先生への贈り物、ホームデコレーション、バスルーム リビングルーム ベッドルームのデコレーション、バスルームオーガナイザー、ジュエリーオーガナイザー、リップオイルオーガナイザー、ネイルポリッシュオーガナイザー メイクトラベルトイレタリーオーガナイザー クリアエッセンシャルズ ギフト ストレージ ジッパーアクセサリー ネイル","1.6k+ sold","https://jp.shein.com/1Pc-Makeup-Brush-Storage-Mesh-Transparent-Pencil-Case-Stationery-Bag-Stationery-Bag-Simple-Large-Capacity-Pencil-Casemakeup-Bag-Makeup-Pouch-Skincare-Bag-Toiletry-Bag-Packing-Cubes-Travel-Essentials-Cruise-Essentials-Dorm-Essentials-Wedding-Bridesmaid-Gifts-Mom-Gifts-Birthday-Gifts-Gifts-For-Friends-And-Teachers-Home-Decor-Bathroom-Livingroom-Bedroom-Decor-Bathroom-Organizer-Jewelry-Organizer-Lip-Oil-Organizer-Nail-Polish-Organizer-Makeup-Travel-Toiletry-Organizer-Clear-Essentials-Gifts-Storage-Zipper-Accessories-Nail-p-31317884.html?mallCode=1&pageListType=4","//img.ltwebstatic.com/images3_spmp/2024/03/08/9a/170988042971807812018f111b3a4c3eb564b95a2a_thumbnail_600x.webp"
"メッシュ素材 トライアングルシェイプ 透明 ペンケース ペンポーチ ペンバッグ 3層 ガーゼ素材 ステーショナリー 文房具 学校オフィス用","1.3k+ sold","https://jp.shein.com/Transparent-3-Layer-Mesh-Pencil-Bag-Pen-Case-Triangle-Shape-Gauze-Storage-Pouch-For-Stationery-Office-School-Back-To-School-p-19146525.html?mallCode=1&pageListType=4","//img.ltwebstatic.com/v4/j/spmp/2025/04/17/3d/17448766133a7daea2f6aaede9c94bb9be2cfb60e1_thumbnail_600x.webp"
"SHEIN X Jess 1個 ハートパターン プルッシュ ペンケース","1.7k+ sold","https://jp.shein.com/SHEIN-X-Jess-1pc-Heart-Pattern-Plush-Pencil-Case-p-11483142.html?mallCode=1&pageListType=4","//img.ltwebstatic.com/images3_spmp/2024/08/09/0c/1723218001ae57e6c6004b2e0ab920ee462e7f9e99_thumbnail_600x.webp"
"透明な 5層メッシュ ペンケース、筆記用具・文具の収納に最適、学校用ポーチ 透明ポケット付き","2.0k+ sold","https://jp.shein.com/Transparent-5-Layer-Mesh-Bag-Pen-Pencil-Case-Visable-Pocket-Storage-Pouch-For-Stationery-School-Back-To-School-p-37656102.html?mallCode=1&pageListType=4","//img.ltwebstatic.com/images3_spmp/2024/06/25/59/1719320380f7fffa984f242fa579e3b20b68c24db1_thumbnail_600x.webp"
"キュートな肌触りのオーシャンサメ柄ペンケース ポータブルコスメバッグ 大容量 ペンポーチ 文房具収納ボックス スクール オフィス用品","2.0k+ sold","https://jp.shein.com/Cute-Plush-Ocean-Shark-Pencil-Case-Portable-Cosmetic-Bag-Large-Capacity-Pen-Pouch-Stationery-Storage-Box-School-Office-Supplies-p-49693639.html?mallCode=1&pageListType=4","//img.ltwebstatic.com/images3_spmp/2025/03/09/ab/1741492155ed187d2f673d3e3bf572ea60a5ad1a14_thumbnail_600x.webp"
"1個 キャンディーカラーのやわらかい学生文房具収納ペンバッグ","800+ sold","https://jp.shein.com/1pc-Candy-Color-Soft-Student-Stationery-Storage-Pen-Bag-Back-To-School-p-44999768.html?mallCode=1&pageListType=4","//img.ltwebstatic.com/images3_spmp/2024/10/13/ae/1728807902b0e8aa3dc72870432d87fdfdd16b6a98_thumbnail_600x.webp"
"コーデュロイ アート ペンケース ヴィンテージ メイクアップバッグ 大容量 収納入れ","500+ sold","https://jp.shein.com/1pc-Corduroy-Artistic-Pencil-Case-Vintage-Student-Makeup-Bag-High-Capacity-Unique-Stationery-Storage-Bag-Back-To-School-p-26377116.html?mallCode=1&pageListType=4","//img.ltwebstatic.com/images3_spmp/2023/11/08/ab/16994122380d700f163dab7064ca8722fbf98609db_thumbnail_600x.webp"
"1個 ワッフル柄フェイクファー ペンケース、和風ニッチな学生文具収納バッグ、ガーリーコスメティックバッグ、5m蓄光テープセット付き収納ポーチ","1.6k+ sold","https://jp.shein.com/1pc-Waffle-Texture-Faux-Fur-Pencil-Case-Japanese-Style-Niche-Student-Stationery-Storage-Bag-Girly-Cosmetic-Bag-Storage-Pouch-With-5M-Glow-In-The-Dark-Colorful-Tape-Set-p-45429512.html?mallCode=1&pageListType=4","//img.ltwebstatic.com/images3_spmp/2024/10/17/bd/17291702682c90252b24b98da8387f945ec56d70f3_thumbnail_600x.webp"
"大容量 無地 ペンケース、マルチレイヤー ペンケース、無地 ペンケース","1.9k+ sold","https://jp.shein.com/Solid-Color-Large-Capacity-Pencil-Case-Multi-Layered-Pencil-Case-Solid-Color-Pencil-Case-p-36676300.html?mallCode=1&pageListType=4","//img.ltwebstatic.com/images3_spmp/2024/06/07/0a/17177672419b5938bd7c8106e84f57d6dd2b2b2b2b_thumbnail_600x.webp"
"かわいいピンクの鳥のぬいぐるみ ペンケース、学生の文房具整理、ヒーリングアニマルデザイン","700+ sold","https://jp.shein.com/Cute-Soft-Pink-Bird-Plush-Pencil-Case-Student-Stationery-Organizer-Healing-Animal-Design-Back-To-School-p-40027884.html?mallCode=1&pageListType=4","//img.ltwebstatic.com/images3_spmp/2024/07/31/2d/1722418070ee7d54a491ceea52da37b60321950ac1_thumbnail_600x.webp"
"1個/2個/5個 シンプル ブラックメッシュ ペンケース 文房具","900+ sold","https://jp.shein.com/1-2-5pcs-Simple-Black-Mesh-Pencil-Case-Stationery-p-10982694.html?mallCode=1&pageListType=4","//img.ltwebstatic.com/images3_spmp/2023/07/27/16904493818df5c3bdfca5ccfcd7f2fb9023f2509a_thumbnail_600x.webp"
