商品名,販売数,URL,画像URL,画像pHash,cos類似度,最も類似した画像URL,類似画像判定
1個 ビンテージコーデュロイ ステーショナリーポーチ、シンプルで優雅な高校生向けペンケース,2.6k+ sold,https://jp.shein.com/1pc-New-Vintage-Corduroy-Solid-Color-Stationery-Pouch-Simple-Elegant-Pencil-Case-For-High-School-Students-Back-To-School-p-40248290.html?mallCode=1&pageListType=4,https://img.ltwebstatic.com/images3_spmp/2024/08/03/1d/17226533826fb65cb811109fc74cd5b62df913b68d_thumbnail_600x.webp,aa39e4ddd2c29552,0.99999994,https://img.ltwebstatic.com/images3_spmp/2024/08/03/1d/17226533826fb65cb811109fc74cd5b62df913b68d_thumbnail_600x.webp,類似画像の可能性あり
SHEIN X Jess 1個 クリームバブル布鉛筆ケース、シンプルな鉛筆バッグ、学生、文具、化粧品収納袋に最適,1.3k+ sold,https://jp.shein.com/SHEIN-X-Jess-1pc-Cream-Bubble-Cloth-Pencil-Case-Simple-Pencil-Bag-Suitable-For-Students-Stationery-Cosmetics-Storage-Bag-p-23335466.html?mallCode=1&pageListType=4,https://img.ltwebstatic.com/images3_spmp/2023/09/14/00/16946800510e599ac9f158a48c67c3984c0d7f473e_thumbnail_600x.webp,ae3e94ce76c16027,0.5337118,https://m.media-amazon.com/images/I/81LGHxJyFlS._AC_UL960_FMwebp_QL65_.jpg,
メッシュ素材 トライアングルシェイプ 透明 ペンケース ペンポーチ ペンバッグ 3層 ガーゼ素材 ステーショナリー 文房具 学校オフィス用,1.4k+ sold,https://jp.shein.com/Transparent-3-Layer-Mesh-Pencil-Bag-Pen-Case-Triangle-Shape-Gauze-Storage-Pouch-For-Stationery-Office-School-Back-To-School-p-19146525.html?mallCode=1&pageListType=4,https://img.ltwebstatic.com/images3_spmp/2023/07/07/16887341903a97078af72fd90ba4bc82c050522188_thumbnail_600x.webp,aac2c4965b39ed62,0.5542977,https://m.media-amazon.com/images/I/81lcnQjDJPL._AC_UL960_FMwebp_QL65_.jpg,
韓国語版漫画キルティング鉛筆バッグ学生ダウンジャケット生地鉛筆バッグ真珠光沢のある色文具収納袋,2.0k+ sold,https://jp.shein.com/Korean-Version-Cartoon-Quilted-Pencil-Bag-Student-Down-Jacket-Fabric-Pencil-Bag-Pearlescent-Color-Stationery-Storage-Bag-p-27625129.html?mallCode=1&pageListType=4,https://img.ltwebstatic.com/images3_spmp/2025/03/03/93/1740987832dde48cb6e04b35dd3b64072a89f885fd_thumbnail_600x.webp,b43701cbcfc5d035,0.6035762,https://img.ltwebstatic.com/images3_spmp/2024/08/03/1d/17226533826fb65cb811109fc74cd5b62df913b68d_thumbnail_600x.webp,
リボン柄ペンケース 刺繍入り ペンポーチ、女性/学生向けステーショナリーオーガナイザー、イヤホン収納アクセサリー,9.7k+ sold,https://jp.shein.com/Bow-Knot-Pen-Bag-Embroidered-Pen-Pouch-Women-Student-Stationery-Organizer-Earphone-Storage-Accessory-Back-To-School-p-38644751.html?mallCode=1&pageListType=4,https://img.ltwebstatic.com/images3_spmp/2024/10/02/52/17278622836d4389ca28e9d4cf19960ea63154580c_thumbnail_600x.webp,e51229f598f0343f,0.45753157,https://m.media-amazon.com/images/I/51GGOhHrNAL._AC_UL960_FMwebp_QL65_.jpg,
韓国スタイルのクリアメッシュペンシルケース1個、試験専用の文具バッグ、大容量で収納に便利,1.9k+ sold,https://jp.shein.com/1pc-Korean-Style-Clear-Mesh-Pencil-Case-Exam-Specific-Stationery-Bag-With-Large-Capacity-For-Convenient-Storage-Back-To-School-p-25211349.html?mallCode=1&pageListType=4,https://img.ltwebstatic.com/images3_spmp/2023/10/22/22/1697968522fc6fac4dec4d1059fdb07b7ec3711c45_thumbnail_600x.webp,b340b92f411a8ff9,0.6642379,https://m.media-amazon.com/images/I/61lgNZYaijL._AC_UL960_FMwebp_QL65_.jpg,
1個 リボン柄 ペンケース、可愛らしい鉛筆箱、ペンホルダー、コインケース、消しゴム鉛筆削り収納バッグ、ミニマルコスメ収納、オフィス文房具ハイライターボックス、学校用品 新学期,400+ sold,https://jp.shein.com/1pc-Bowknot-Pencil-Case-Cute-Pencil-Box-Pen-Holder-Coin-Purse-Eraser-Pencil-Sharpener-Storage-Bag-Minimalist-Cosmetic-Organizer-Office-Stationery-Highlighter-Box-School-Supplies-Back-To-School-p-49899910.html?mallCode=1&pageListType=4,https://img.ltwebstatic.com/images3_spmp/2024/12/05/5f/1733383571828f5c65df20e1a16f95aefbe39dcd63_thumbnail_600x.webp,f860879730786bd6,0.47975436,https://img.ltwebstatic.com/images3_spmp/2024/08/03/1d/17226533826fb65cb811109fc74cd5b62df913b68d_thumbnail_600x.webp,
1個 黒蝶刺繍ペンケース、大容量ジッパー式ペンポーチ、蝶モチーフなし[オフィス・学校用品],1.0k+ sold,https://jp.shein.com/1pc-Black-Butterfly-Embroidered-Pencil-Case-Large-Capacity-Zipper-Pencil-Pouch-Pendant-Without-Butterfly-Office-And-School-Supplies-Back-To-School-p-41141227.html?mallCode=1&pageListType=4,https://img.ltwebstatic.com/images3_spmp/2024/08/24/2a/1724483849f91ce3773812feaa65041c789bf8c42f_thumbnail_600x.webp,a993837dd4876169,0.57177186,https://m.media-amazon.com/images/I/51GGOhHrNAL._AC_UL960_FMwebp_QL65_.jpg,
ユニークでクリエイティブなカエルぬいぐるみペンケース、漫画3Dカエルの口デザインの文房具バッグ、文房具、化粧品、日用品、学校、仕事、旅行、家庭の整理に最適な大容量マルチポーチ、学生、友人、パーティー、誕生日などの素晴らしいギフト,1.1k+ sold,https://jp.shein.com/Unique-Creative-Frog-Plush-Pencil-Case-Cartoon-3D-Frog-Mouth-Design-Stationery-Bag-Large-Space-Multi-Purpose-Storage-Pouch-For-Stationery-Cosmetics-Daily-Necessities-School-Work-Travel-Home-Organization-Great-Gift-For-Students-Friends-Parties-Birthdays-Back-To-School-p-46039792.html?mallCode=1&pageListType=4,https://img.ltwebstatic.com/images3_spmp/2025/01/10/ea/1736503041f15372d0b2282aea4f0a31746a56be27_thumbnail_600x.webp,d6a591e3458e7c0e,0.51797056,https://m.media-amazon.com/images/I/71PAJwm38ZL._AC_SL1500_.jpg ,
1個 日本と韓国のクリエイティブロープバックルの大容量鉛筆ケース、学習、オフィス、デスクトップ文房具収納バッグ、小中学生用、シンプルで持ち運びやすい、高美的な文房具バッグ,900+ sold,https://jp.shein.com/1-Japanese-And-Korean-Creative-Rope-Buckle-Large-Capacity-Pencil-Case-For-Learning-Office-Desktop-Stationery-Storage-Bag-For-Primary-And-Secondary-School-Students-Simple-And-Portable-High-Aesthetic-Storage-Stationery-Bag-Back-To-School-p-46926930.html?mallCode=1&pageListType=4,https://img.ltwebstatic.com/images3_spmp/2024/11/02/73/1730537506cd071ddd2b0b350c59a15b2660f995bf_thumbnail_600x.webp,e199b6c8c96788cd,0.58964896,https://m.media-amazon.com/images/I/81lcnQjDJPL._AC_UL960_FMwebp_QL65_.jpg,
大きなサイズ ぬいぐるみ製 ペンケース 目付き、かわいい ファジー ペンポーチ、文具バッグ、女性ペンバッグ、学生用学校文具、オフィスデスクオーガナイザー、低学年から高学年、勤労者まで使えます 1個入り,1.4k+ sold,https://jp.shein.com/1-Pc-Big-Size-Plush-Pencil-Case-With-Eyes-Kawaii-Fuzzy-Pencil-Pouch-Stationery-Bag-Women-Pencil-Bag-Student-School-Supplies-Office-Desk-Organizer-Suitable-For-Lower-Higher-Grades-Working-Adults-Back-To-School-p-48759612.html?mallCode=1&pageListType=4,https://img.ltwebstatic.com/images3_spmp/2024/11/27/20/1732694447cc83b29f64fd27e3bb16b20ba0125afa_thumbnail_405x552.jpg,ba485637cc85e734,0.8198242,https://m.media-amazon.com/images/I/71PAJwm38ZL._AC_SL1500_.jpg ,類似画像の可能性あり
1個 キャンディーカラーのやわらかい学生文房具収納ペンバッグ,800+ sold,https://jp.shein.com/1pc-Candy-Color-Soft-Student-Stationery-Storage-Pen-Bag-Back-To-School-p-44999768.html?mallCode=1&pageListType=4,https://img.ltwebstatic.com/images3_spmp/2024/10/13/ae/1728807902b0e8aa3dc72870432d87fdfdd16b6a98_thumbnail_405x552.jpg,af92c46d3b94c46a,0.50303745,https://m.media-amazon.com/images/I/81LGHxJyFlS._AC_UL960_FMwebp_QL65_.jpg,
三角形透明ペンケース大容量ペンバッグミニマリストデザインペンポーチ学生 Ins 文房具学校オフィス用品,600+ sold,https://jp.shein.com/Triangle-Transparent-Pencil-Case-Large-Capacity-Pen-Bag-Minimalist-Design-Pencil-Pouch-For-Students-Ins-Stationary-School-Office-Supplies-Back-To-School-p-46715544.html?mallCode=1&pageListType=4,https://img.ltwebstatic.com/images3_spmp/2024/11/02/67/1730518749e0cc2de4c432f60a032e6df6b14e11c7_square_thumbnail_405x552.jpg,ee299956c44656e9,0.5720639,https://m.media-amazon.com/images/I/616myZj+r3L._AC_UL960_FMwebp_QL65_.jpg,
1個 シンプルな黒リボン白鉛筆バッグ、手帳クリップオフィス請求書学生試験用紙フォルダーロングテールクリップ、おしゃれで可愛い女子学生メイクポーチ大容量文具収納バッグ,,https://jp.shein.com/1pc-Simple-Black-Bow-White-Pencil-Bag-Hand-Account-Clip-Office-Bill-Student-Test-Paper-Folder-Long-Tail-Clip-High-Looking-Cute-Girl-Student-Makeup-Bag-Large-Capacity-Stationery-Storage-Bag-p-60494661.html?mallCode=1&pageListType=4,https://img.ltwebstatic.com/images3_spmp/2025/03/11/26/17416892902f4491542e222d8248a676f215fd6851_square_thumbnail_405x552.jpg,9971f984a61ee2c5,0.4947304,https://m.media-amazon.com/images/I/81MK8PIUpsL._AC_UL960_FMwebp_QL65_.jpg,
1個 可愛い鉛筆ケース カートゥーン 大容量 角型 日韓スタイル 学生の鉛筆ケース 男女兼用 多機能 シンプル 文具入れ ペンケース メイクポーチ 洗面用具入れ 化粧道具入れ,1.0k+ sold,https://jp.shein.com/1pc-Cute-Pencil-Case-Cartoon-Large-Capacity-Pencil-Case-Japanese-And-Korean-Student-Pencil-Case-Boys-And-Girls-Pencil-Case-Pencil-Case-Multi-Function-Simple-Pencil-Pencil-Case-Makeup-Case-Pencil-Case-Washing-Case-Pencil-Case-Pencil-Case-Pencil-Case-Simple-Pencil-Case-p-32646791.html?mallCode=1&pageListType=4,https://img.ltwebstatic.com/images3_spmp/2024/03/26/14/1711418901b6ed36278763b8c70fb28e020c383aac.jpg,9f919b92939b829a,0.27615643,https://m.media-amazon.com/images/I/91D0rWRSRLL._AC_UL960_FMwebp_QL65_.jpg,
透明な 5層メッシュ ペンケース、筆記用具・文具の収納に最適、学校用ポーチ 透明ポケット付き,1.3k+ sold,https://jp.shein.com/Transparent-5-Layer-Mesh-Bag-Pen-Pencil-Case-Visable-Pocket-Storage-Pouch-For-Stationery-School-Back-To-School-p-37656102.html?mallCode=1&pageListType=4,https://img.ltwebstatic.com/images3_spmp/2024/06/25/59/1719320380f7fffa984f242fa579e3b20b68c24db1_thumbnail_600x.webp,fb3f9dd0c0c04267,0.540006,https://m.media-amazon.com/images/I/81zyES+l9PL._AC_UL960_FMwebp_QL65_.jpg,
チェック柄の大容量高価値ペンケース 1 個,400+ sold,https://jp.shein.com/1pc-Plaid-Pattern-Large-Capacity-High-Value-Pencil-Case-Back-To-School-p-23806331.html?mallCode=1&pageListType=4,https://img.ltwebstatic.com/images3_spmp/2023/09/21/ef/16952911206ba8b900cb2e44b7e1cd262e7ae249a7_thumbnail_600x.webp,a3458fe5d674222b,0.4878625,https://m.media-amazon.com/images/I/51GGOhHrNAL._AC_UL960_FMwebp_QL65_.jpg,
プレーンペンシルバッグ1個。,1.0k+ sold,https://jp.shein.com/1pc-Plain-Pencil-Bag-Back-To-School-p-14233176.html?mallCode=1&pageListType=4,https://img.ltwebstatic.com/images3_spmp/2024/09/23/54/17270774629a691d4ff7fc32bfd1ff4845adb0c027_thumbnail_600x.webp,8240feb69fc3601f,0.3954425,https://m.media-amazon.com/images/I/61pCM07wfxL._AC_UL960_FMwebp_QL65_.jpg,
1個 ワッフル ラム ぬいぐるみ ペンケース、和風 ニッチ 学生文房具収納バッグ、ガーリー メイクアップバッグ、アイテム収納ポーチ,1.2k+ sold,https://jp.shein.com/1pc-Waffle-Lamb-Plush-Pencil-Case-Japanese-Style-Niche-Student-Stationery-Storage-Bag-Girly-Makeup-Bag-Item-Storage-Pouch-p-45429512.html?mallCode=1&pageListType=4,https://img.ltwebstatic.com/images3_spmp/2024/10/17/bd/17291702682c90252b24b98da8387f945ec56d70f3_thumbnail_600x.webp,fe9dc263884eac54,0.4803318,https://m.media-amazon.com/images/I/512cA1zzjNL._AC_UL960_FMwebp_QL65_.jpg,
"1個 デスクトップペンホルダー、クリップオン式鉛筆オーガナイザー、粘着式オフィスサプライアクセサリー、PP製強力粘着デスクトップオーガナイザーセット丸い縁, マーカー/鉛筆収納ボックス",,https://jp.shein.com/1pc-Desktop-Pen-Holder-Clip-On-Pencil-Organizer-Adhesive-Office-Supplies-Accessories-PP-Plastic-Desktop-Organizer-Set-With-Strong-Adhesive-And-Rounded-Edges-Marker-Pen-Pencil-Storage-Box-p-60183698.html?mallCode=1&pageListType=4,https://img.ltwebstatic.com/v4/p/spmp/2025/03/26/41/17429913142de05c3009c6b1dbad7d72676e243b86_thumbnail_600x.webp,b815930a85faf65c,0.55497456,https://m.media-amazon.com/images/I/71xqkYfN0IL._AC_UL960_FMwebp_QL65_.jpg,
