商品名,評価数,商品URL,画像URL,評価値,ランキング
クツワ 筆箱 ピッタントン 2ドア筆入 筆箱 ペンケース CH203 CH212 CH206 CH208（削り別売）箱型,97,https://grp07.ias.rakuten.co.jp/redirect_rpp/?s=80mzhtMg7vA&l=m3sfg9fLxQ4&v=9BXO9lFCPQg2lE3wd9odY4DPt85igmZ_0iofM_Z7TUE&d=2025-05-17&q=%E7%AD%86%E7%AE%B1&j=A1gm5N5yy1s&r=Fko2pEKhKkNHfmFyxFeFV9U-rmH0qQJfrj-OwNFkYUaiMmWWFLJA4CgkfCoL8yLedg6xFSB9J_U&ii=G7-PWDzYfaC6F_XmIb9E5Q&si=YS3AyGANqZo&ci=7GxvD3ZWyGc&as=dFFQAC3K2XA&cp=RP-Q81_PqeA&lg=sYksZGVVJZHPydHtWN11m7oX9eYhv0Tl&ap=&kid=1_Mwc5GtgII&ft=GQH2h6_eCac&e=IE0wiWDnCZE,https://tshop.r10s.jp/ogawahan/cabinet/kutsuwa/kubung/imgrc0159856633.jpg?fitin=275:275,4.74,無
ソニック リアナティアラ アルロック筆箱 筆箱 女の子 小学生 かわいい 小学生女の子かわいい筆入 両面スリム クラシック FD-1302 FD-1401 FD-1404 箱型,274,https://grp07.ias.rakuten.co.jp/redirect_rpp/?s=80mzhtMg7vA&l=m3sfg9fLxQ4&v=9BXO9lFCPQg2lE3wd9odY4DPt85igmZ_0iofM_Z7TUE&d=2025-05-17&q=%E7%AD%86%E7%AE%B1&j=A1gm5N5yy1s&r=Fko2pEKhKkNHfmFyxFeFV9U-rmH0qQJfrj-OwNFkYUaiMmWWFLJA4CgkfCoL8yLedg6xFSB9J_U&ii=Bwi17cyrNOi6F_XmIb9E5Q&si=YS3AyGANqZo&ci=7GxvD3ZWyGc&as=dFFQAC3K2XA&cp=RP-Q81_PqeA&lg=sYksZGVVJZHPydHtWN11m7oX9eYhv0Tl&ap=&kid=1_Mwc5GtgII&ft=GQH2h6_eCac&e=IE0wiWDnCZE,https://tshop.r10s.jp/ogawahan/cabinet/bung/sonicbouhan/imgrc0163093288.jpg?fitin=275:275,4.77,無
【楽天ランキング入賞】 クツワ 筆箱 小学生 PUMA デジボックス ヘザーボックス ペンケース 日本製 送料無料,122,https://grp07.ias.rakuten.co.jp/redirect_rpp/?s=80mzhtMg7vA&l=m3sfg9fLxQ4&v=9BXO9lFCPQg2lE3wd9odY4DPt85igmZ_0iofM_Z7TUE&d=2025-05-17&q=%E7%AD%86%E7%AE%B1&j=A1gm5N5yy1s&r=Fko2pEKhKkNHfmFyxFeFV9U-rmH0qQJfrj-OwNFkYUaiMmWWFLJA4CgkfCoL8yLedg6xFSB9J_U&ii=VL_gk_0LNaa6F_XmIb9E5Q&si=YS3AyGANqZo&ci=7GxvD3ZWyGc&as=dFFQAC3K2XA&cp=Lt1o4YezTlE&lg=sYksZGVVJZHPydHtWN11m7oX9eYhv0Tl&ap=&kid=1_Mwc5GtgII&ft=GQH2h6_eCac&e=IE0wiWDnCZE,https://tshop.r10s.jp/ogawahan/cabinet/kutsuwa/puma-a-1.jpg?fitin=275:275,4.73,無
《お得な♪20％OFFクーポン 20日23:59迄》【楽天1位】ペンケース 大容量 マチつき 筆箱 多機能 ツールペンケース ポーチ 中小学生 高校生 大学生 男の子 女の子 子供 サラリーマン ビジネス 社会人用 帆布 マチ付き ペンケース,297,https://grp07.ias.rakuten.co.jp/redirect_rpp/?s=80mzhtMg7vA&l=m3sfg9fLxQ4&v=9BXO9lFCPQg2lE3wd9odY4DPt85igmZ_0iofM_Z7TUE&d=2025-05-17&q=%E7%AD%86%E7%AE%B1&j=A1gm5N5yy1s&r=Fko2pEKhKkNHfmFyxFeFV9U-rmH0qQJfrj-OwNFkYUaiMmWWFLJA4CgkfCoL8yLedg6xFSB9J_U&ii=56kDlDKQrDG6F_XmIb9E5Q&si=aafGKxj5c90&ci=fh4fZfOeGGA&as=dFFQAC3K2XA&cp=CXP84QxHph8&lg=sYksZGVVJZHPydHtWN11m7oX9eYhv0Tl&ap=&ft=GQH2h6_eCac&e=IE0wiWDnCZE,https://tshop.r10s.jp/chakasho-dina/cabinet/08911123/imgrc0097358630.jpg?fitin=275:275,4.61,無
【収納力抜群】 ペンケース 大容量 多機能 仕切り 薄型 拡張 持ち運び おしゃれ 筆箱 メンズ レディース シンプル スリム コンパクト ファスナー 学生 高校生 中学生 小学生 大学生 社会人 子ども 大人 男の子 女の子 メンズ レディース ペンホルダー 自立する 化粧ポーチ,10,https://grp07.ias.rakuten.co.jp/redirect_rpp/?s=80mzhtMg7vA&l=m3sfg9fLxQ4&v=9BXO9lFCPQg2lE3wd9odY4DPt85igmZ_0iofM_Z7TUE&d=2025-05-17&q=%E7%AD%86%E7%AE%B1&j=A1gm5N5yy1s&r=Fko2pEKhKkNHfmFyxFeFV9U-rmH0qQJfrj-OwNFkYUaiMmWWFLJA4CgkfCoL8yLedg6xFSB9J_U&ii=758nzsSIonK6F_XmIb9E5Q&si=aHWhTBRU_rc&ci=-4gQJ5DYaNI&as=dFFQAC3K2XA&cp=98Zyy_CSfi8&lg=sYksZGVVJZHPydHtWN11m7oX9eYhv0Tl&ap=&kid=1_Mwc5GtgII&ft=GQH2h6_eCac&e=IE0wiWDnCZE,https://tshop.r10s.jp/forthon/cabinet/product/sku9/r936_1z.jpg?fitin=275:275,4.7,無
【楽天ランキング入賞】 ネコポス送料無料 ソニック【うかサポ】 Wシート補強 両面筆入れ うかサポ ウカサポ スリムタイプ ブレイブ リアナティアラ 筆箱 すみっコぐらし 【FD-8228 ★ FD-8156 ★ FD-1046 ★ FD-1012】小学生,196,https://item.rakuten.co.jp/ogawahan/10009310/,https://tshop.r10s.jp/ogawahan/cabinet/04309646/kutuwa/imgrc0169424916.jpg?fitin=275:275,4.72,無
【2025年/100円OFFクーポンあり】筆箱 筆入れ ヨコピタ コンパクト 子供 小学生 小学校 卒園 入学 新入学 新学期 サンスター かわいい 鉛筆削り付き 女の子 男の子 両開き 無地 ペンケース 文具 文房具 卒園祝い 入学祝い プレゼント ギフト 新一年生 新1年生 2025 送料無料,478,https://item.rakuten.co.jp/erikaland/erem4715/,https://tshop.r10s.jp/erikaland/cabinet/new_4715-1.jpg?fitin=275:275,4.6,無
【楽天ランキング入賞】 クツワ 筆箱 小学生 PUMA デジボックス ヘザーボックス ペンケース 日本製 送料無料,122,https://item.rakuten.co.jp/ogawahan/10009001/,https://tshop.r10s.jp/ogawahan/cabinet/kutsuwa/puma-a-1.jpg?fitin=275:275,4.73,無
即納「一万個突破」ペンケース 筆箱 大容量 ペンケース シンプル 中学生 ぺんけーす おしゃれ 高校生 筆箱 帆布 筆入れ 小物収納 筆箱 おしゃれ ふでばこ ペン袋 ツールペンケース ポーチ 中 小 学生 高校生 大学生 男の子 女の子 子供 社会人用,920,https://item.rakuten.co.jp/toraberu888/b-sta-hs182/,https://tshop.r10s.jp/toraberu888/cabinet/08551477/10733585/b-sta-hs182c-1.jpg?fitin=275:275,4.58,有
＼ポイント5倍／筆箱 韓国 ペンケース おしゃれ 可愛い 韓国 人気 女子 高校生 中学生 pu 多機能 筆入れ 大容量 シンプル ふでばこ 人気 小学生 男の子 女の子 収納袋 文房具 化粧品入れ 社会人用 軽量 オフィス用品 誕生日 新学期 入園 入学祝い プレゼント お祝い,180,https://item.rakuten.co.jp/dolemi-shop/1303pencase/,https://tshop.r10s.jp/dolemi-shop/cabinet/13/13030115.jpg?fitin=275:275,4.39,有
《お得な♪20％OFFクーポン 20日23:59迄》【楽天1位】ペンケース 大容量 マチつき 筆箱 多機能 ツールペンケース ポーチ 中小学生 高校生 大学生 男の子 女の子 子供 サラリーマン ビジネス 社会人用 帆布 マチ付き ペンケース,297,https://item.rakuten.co.jp/chakasho-dina/penkesu/,https://tshop.r10s.jp/chakasho-dina/cabinet/08911123/imgrc0097358630.jpg?fitin=275:275,4.61,無
【先着150円OFFクーポン】筆箱 小学生 正規販売店 うかサポ えんぴつチェック筆入れ シンプル 小学校 ふでばこ 男の子 女の子 箱型 無地 一年生 かわいい おしゃれ ペンケース sonic うかさぽ ソニック ブルー ブラック 新入学 子ども 文房具,419,https://item.rakuten.co.jp/ftkstore/ukasapo/,https://tshop.r10s.jp/ftkstore/cabinet/ice/samune/penke/imgrc0091395432.jpg?fitin=275:275,4.19,無
《お得な♪15％OFFクーポン 20日23:59迄》【楽天1位】筆箱 シンプル ペンケース おしゃれ ふでばこ 大容量 ぺんけーす かわいい 立つ文具 男の子 女の子 小学生 中学生 高校生 人気 新学期 入学入園 入学祝い プレゼント 子供 大人 兼用,424,https://item.rakuten.co.jp/chakasho-dina/penke-su01/,https://tshop.r10s.jp/chakasho-dina/cabinet/08784295/imgrc0095396392.jpg?fitin=275:275,4.37,無
ソニック うかサポ えんぴつチェック両面筆入 筆箱 ドットタグ/ラメプリケ/リアナティアラ/ブレイブ fd 透明 クリア 中見える 窓 シンプル 無地 Wシート補強 壊れにくい 小学生 人気 こども 新入学文具[M便 1/1],82,https://item.rakuten.co.jp/bunbougu-shibuya/fd/,https://tshop.r10s.jp/bunbougu-shibuya/cabinet/72/fd.jpg?fitin=275:275,4.52,無
【P3倍 5/18-20】 筆箱 小学生 小学生男子 箱型 男の子 女の子 入学 一年生 ふでばこ 小学生男の子 小学生女の子 小学生女子 ペンケース ピッタントン ピッタントンクリア 両面 ボックス おしゃれ シンプル 筆入れ 7本 可愛い かわいい ふでばこ,101,https://item.rakuten.co.jp/genba-senka/s-205/,https://tshop.r10s.jp/genba-senka/cabinet/09621109/s-205/ww/1_cp_review.jpg?fitin=275:275,4.84,無
両面 筆箱 コンパクト ヨコピタ スタンダード クルット サンスター文具 新入学文具 小学生 筆箱 両面開き 鉛筆削り 鉛筆ホルダー 女の子 男の子 シンプル 無地 入学 1年生 低学年 高学年 定番 折りたたみ [M便 1/2],191,https://item.rakuten.co.jp/bunbougu-shibuya/s13122-1/,https://tshop.r10s.jp/bunbougu-shibuya/cabinet/85/s13138-1.jpg?fitin=275:275,4.47,無
《お得な♪24％OFFクーポン 20日23:59迄》【楽天1位】筆箱 シンプル ペンケース おしゃれ ふでばこ 大容量 ぺんけーす かわいい 文具 女の子 男の子 小学生 中学生 高校生 人気 新学期 入学入園 入学祝い プレゼント 子供 大人 兼用,139,https://item.rakuten.co.jp/chakasho-dina/10000016/,https://tshop.r10s.jp/chakasho-dina/cabinet/08911123/imgrc0095420395.jpg?fitin=275:275,4.45,無
楽天1位 ペンケース 「FULAPE」 日本製 PVC レザー 抗菌 大容量 おしゃれ 名入れ シンプル 可愛い かわいい スリム 大人 大人女子 高校生 レディース メンズ コンパクト 小さめ 筆箱 薄型 柔らかい ポーチ 女子 社会人 大学生 無地 送料無料 ギフト プレゼント 父の日,"1,113",https://item.rakuten.co.jp/tees-factory/pencilcase-fulape/,https://tshop.r10s.jp/tees-factory/cabinet/n/fulape/main.jpg?fitin=275:275,4.65,無
【プーマ】クツワ 筆箱 小学生 PUMA プーマ ピッタントン 2ドア 筆入 ペンケース CH053 男の子 （削り別売）,94,https://item.rakuten.co.jp/ogawahan/10008833/,https://tshop.r10s.jp/ogawahan/cabinet/kutsuwa/kubung/imgrc0167462136.jpg?fitin=275:275,4.85,無
クツワ 筆箱 ピッタントン 2ドア筆入 筆箱 ペンケース CH203 CH212 CH206 CH208（削り別売）箱型,97,https://item.rakuten.co.jp/ogawahan/10008834/,https://tshop.r10s.jp/ogawahan/cabinet/kutsuwa/kubung/imgrc0159856633.jpg?fitin=275:275,4.74,無
送料無料 クツワ 筆箱 小学生 PUMA プーマ カラーカーボンWペンケース 787PM 入学祝 中学校 男の子 筆入れ ペンケース,34,https://item.rakuten.co.jp/ogawahan/10009004/,https://tshop.r10s.jp/ogawahan/cabinet/kutsuwa/kubung/imgrc0148585425.jpg?fitin=275:275,4.53,無
クラリーノ筆箱 スーパー軽量筆入れ 片面 クツワ 小学生 小学校 筆箱 1ドア 片開き CX123/CX133/CX303 クラリーノ筆入れ 無地 シンプル 使いやすい 男の子 女の子 新入学文具 入学準備 定番 低学年 ノンキャラ 軽い 日本製 [M便 1/2],961,https://item.rakuten.co.jp/bunbougu-shibuya/1344911/,https://tshop.r10s.jp/bunbougu-shibuya/cabinet/87/cx1.jpg?fitin=275:275,4.74,無
ペンケース 筆箱 大人 かわいい 大容量 おしゃれ 可愛い シンプル 黒 レディース メンズ ふでばこ 仕切り 高校生 中学生 小学生 男の子 女の子 かわいい 女子 シンプル 大学生 韓国 仕切り,33,https://item.rakuten.co.jp/skhole/skh10077/?variantId=162,https://tshop.r10s.jp/skhole/cabinet/skh10077sku/skh10077-black.jpg?fitin=275:275,4.45,有
《期間限定12%OFFクーポン》ペンケース 大容量 筆箱 中学生 横開き 2層 ペンポーチ シンプル 多機能 筆入れ おしゃれ ジッパー ペンバッグ 強力な分類と収納力 ガジェットポーチ 収納 旅行 出張 女の子 男の子 大人 小学生 高校生 大学生用 入園入学 お祝,14,https://item.rakuten.co.jp/mitsukestore/penkeisu110/,https://tshop.r10s.jp/mitsukestore/cabinet/penkeisu110/penkeisu110-zt01.jpg?fitin=275:275,4.57,有
送料無料 ソニック うかサポ 両面筆入れ スリムタイプ 筆箱 小学生 ひと目で えんぴつチェック 筆入れ 【●FD-8445●】 シンプル うかさぽ改良 ウカサポ,132,https://item.rakuten.co.jp/ogawahan/10008998/,https://tshop.r10s.jp/ogawahan/cabinet/04309646/kutuwa/imgrc0163055485.jpg?fitin=275:275,4.57,無
【Shop Sale 超お得！】＼高級本革 ／ペンケース 筆箱 革 本革 牛革 全7色 プレミアムレザー メンズ レディース 大容量 レザー ペンポーチ ふでばこ ペン入れ 万年筆 ビジネス メンズ レディース スリム コンパクト シンプル 小学生 中学生 大学生,115,https://item.rakuten.co.jp/goodgoods-center/pencase-kawa/,https://tshop.r10s.jp/goodgoods-center/cabinet/compass1675582115.jpg?fitin=275:275,4.37,無
うかサポ ソニック / 筆箱 ふでばこ ウカサポ えんぴつチェック 両面筆入 Wシート補強 うっかりサポート 鉛筆削り付き 透明 小学生 小学校 ペンケース おしゃれ シンプル かわいい 男の子 女の子 ピタ ピンク ブラック ネイビー 入学 入学祝い ヨコ 耐久性 改良版,19,https://item.rakuten.co.jp/livlan/1004-000193/,https://tshop.r10s.jp/livlan/cabinet/10257291/ukasapo/ukasapogaranasi/14.jpg?fitin=275:275,4.68,無
筆箱 小学生 ショウワノート ポケットモンスター ポケモン ポケピース ホログラム 鉛筆削り付き ふでばこ ホログラム ブラック型押し パステルフレーク ポケモン 男の子 女の子,48,https://item.rakuten.co.jp/ogawahan/10009340/,https://tshop.r10s.jp/ogawahan/cabinet/hituyou2/character/schedule/imgrc0167455983.jpg?fitin=275:275,4.81,無
【学習文具】筆箱・筆入れ トップライナーペンケース（フラワー）大容量 かわいい 小学生 女の子 可愛い 女子 おしゃれ 子供用 2025年モデル,54,https://item.rakuten.co.jp/techou/fsb149/,https://tshop.r10s.jp/techou/cabinet/item/study/pencase/fsb1269.jpg?fitin=275:275,4.44,有
[100円OFFクーポンあり/2025年度]ソニック 筆箱 うかサポ ピンク バイオレット ミント ブルー ブラック 男の子 女の子 かわいい かっこいい クリア 両面 シンプル 無地 箱型 新入学 新学期 進級 入学祝い 卒園祝い 子供 プレゼント 贈り物 お祝い ギフト 人気 送料無料,104,https://item.rakuten.co.jp/erikaland/erem4756/,https://tshop.r10s.jp/erikaland/cabinet/07746014/08564067/09631264/erem4756-1.jpg?fitin=275:275,4.54,無
