"商品名","評価数","商品URL","画像URL","評価値","ランキング"
"★15％OFFクーポン付き★外側クリアポケット付き 自立型クリアペンケース かわいい 高校生女子 オシャレ 大容量 シンプル 文具 韓国 おしゃれ 可愛い スリムポーチ 中学生 スリムポーチ ブラシケース 女性男性 子供 レディース ギフト 平成レトロ 推し色 透明","3","https://grp07.ias.rakuten.co.jp/redirect_rpp/?s=80mzhtMg7vA&l=m3sfg9fLxQ4&v=9BXO9lFCPQgFiJYEx0q3tYDPt85igmZ_0iofM_Z7TUE&d=2025-08-23&q=%E7%AD%86%E7%AE%B1+%E9%9F%93%E5%9B%BD&j=A1gm5N5yy1s&r=iz2dki2p1VKoJUsmkXokoDRfm_o3V3IvFEsIUhF7R7KxSQ9AG04SkjcbGUsSjXEdDP18KxVM7NE&ii=UNhKSw4ac326F_XmIb9E5Q&si=Bi-2XTgrxcI&ci=7u0f0Tf7Hko&as=dFFQAC3K2XA&cp=8daGfkyDDvE&lg=sYksZGVVJZHPydHtWN11m7oX9eYhv0Tl&ap=&ft=ITs1qSiMuGw&e=IE0wiWDnCZE","https://tshop.r10s.jp/jmbooeki/cabinet/10167946/1031-2-01.jpg?fitin=275:275","5","無"
"＜送料込み＞[1107] ゴンチル PP ペンケース 韓国雑貨 韓国文具 イルイルゴンチル moim モイム","N/A","https://grp07.ias.rakuten.co.jp/redirect_rpp/?s=80mzhtMg7vA&l=m3sfg9fLxQ4&v=9BXO9lFCPQgFiJYEx0q3tYDPt85igmZ_0iofM_Z7TUE&d=2025-08-23&q=%E7%AD%86%E7%AE%B1+%E9%9F%93%E5%9B%BD&j=A1gm5N5yy1s&r=iz2dki2p1VKoJUsmkXokoDRfm_o3V3IvFEsIUhF7R7KxSQ9AG04SkjcbGUsSjXEdDP18KxVM7NE&ii=9CVc_rc5OfS6F_XmIb9E5Q&si=hSUv-6PFA1s&ci=dbt96tChnD8&as=dFFQAC3K2XA&cp=Lt1o4YezTlE&lg=sYksZGVVJZHPydHtWN11m7oX9eYhv0Tl&ap=&ft=ITs1qSiMuGw&e=IE0wiWDnCZE","https://tshop.r10s.jp/moim-shop/cabinet/compass1709691938.jpg?fitin=275:275","N/A","無"
"[in autumn] Nerdy Friends ファブリック ペンケース / ポーチ　韓国雑貨 韓国文具 moim モイム","N/A","https://grp07.ias.rakuten.co.jp/redirect_rpp/?s=80mzhtMg7vA&l=m3sfg9fLxQ4&v=9BXO9lFCPQgFiJYEx0q3tYDPt85igmZ_0iofM_Z7TUE&d=2025-08-23&q=%E7%AD%86%E7%AE%B1+%E9%9F%93%E5%9B%BD&j=A1gm5N5yy1s&r=iz2dki2p1VKoJUsmkXokoDRfm_o3V3IvFEsIUhF7R7KxSQ9AG04SkjcbGUsSjXEdDP18KxVM7NE&ii=dfc5exALW5W6F_XmIb9E5Q&si=hSUv-6PFA1s&ci=dbt96tChnD8&as=dFFQAC3K2XA&cp=Lt1o4YezTlE&lg=sYksZGVVJZHPydHtWN11m7oX9eYhv0Tl&ap=&ft=ITs1qSiMuGw&e=IE0wiWDnCZE","https://tshop.r10s.jp/moim-shop/cabinet/compass1713765894.jpg?fitin=275:275","N/A","無"
"ペンケース 筆箱 大容量 もこもこ ボア コーデュロイ 可愛い 仕切り ポーチ 収納 多機能 中学 高校 大学生 女子 小学校 筆入れ シンプル 韓国風 おしゃれ シンプル 収納袋 軽量 筆入れ 大容量 高校生 中学生 女の子","N/A","https://grp07.ias.rakuten.co.jp/redirect_rpp/?s=80mzhtMg7vA&l=m3sfg9fLxQ4&v=9BXO9lFCPQgFiJYEx0q3tYDPt85igmZ_0iofM_Z7TUE&d=2025-08-23&q=%E7%AD%86%E7%AE%B1+%E9%9F%93%E5%9B%BD&j=A1gm5N5yy1s&r=iz2dki2p1VKoJUsmkXokoDRfm_o3V3IvFEsIUhF7R7KxSQ9AG04SkjcbGUsSjXEdDP18KxVM7NE&ii=jT3mIacOWhC6F_XmIb9E5Q&si=phnqbcHGNr8&ci=ZxaLKljGOZk&as=dFFQAC3K2XA&cp=obS5zdT_iTk&lg=sYksZGVVJZHPydHtWN11m7oX9eYhv0Tl&ap=&ft=ITs1qSiMuGw&e=IE0wiWDnCZE","https://tshop.r10s.jp/ray88/cabinet/11388388/11546707/c23zk0004.jpg?fitin=275:275","N/A","無"
"ふわもこ ペンケース ペンポーチ ワッフルニット ポップコーン生地 女子 かわいい 中学生 高校生 大容量 シンプル 韓国 筆箱 ふわふわ レディース メイクポーチ 小物入れ 1000円ポッキリ","2","https://grp07.ias.rakuten.co.jp/redirect_rpp/?s=80mzhtMg7vA&l=m3sfg9fLxQ4&v=9BXO9lFCPQgFiJYEx0q3tYDPt85igmZ_0iofM_Z7TUE&d=2025-08-23&q=%E7%AD%86%E7%AE%B1+%E9%9F%93%E5%9B%BD&j=A1gm5N5yy1s&r=iz2dki2p1VKoJUsmkXokoDRfm_o3V3IvFEsIUhF7R7KxSQ9AG04SkjcbGUsSjXEdDP18KxVM7NE&ii=fVKQqmZ1Yq-6F_XmIb9E5Q&si=76Uwm7XlHNM&ci=0Mwv87Vm3MA&as=dFFQAC3K2XA&cp=w1AackVRueI&lg=sYksZGVVJZHPydHtWN11m7oX9eYhv0Tl&ap=&ft=ITs1qSiMuGw&e=IE0wiWDnCZE","https://tshop.r10s.jp/elci/cabinet/compass1747201050.jpg?fitin=275:275","4.5","無"
"O,LD! fabric pencase ver_3 oh, lolly day! ペンケース 韓国 ブランド 高校生 大容量 筆箱 oh lolly day 中学生 大学生 オー ロリー デイ 日本 販売 ギフト プレゼント 入学祝 送料無料","294","https://item.rakuten.co.jp/astore/old016/","https://tshop.r10s.jp/astore/cabinet/old/old016tps1.jpg?fitin=275:275","4.79","無"
"＼ポイント10倍／筆箱 韓国 ペンケース おしゃれ 可愛い 韓国 人気 女子 高校生 中学生 多機能 筆入れ 大容量 シンプル ふでばこ 人気 小学生 男の子 女の子 収納袋 文房具 化粧品入れ 社会人用 軽量 オフィス用品 誕生日 新学期 入園 入学祝い プレゼント お祝い","11","https://item.rakuten.co.jp/rikushop39/s-1304pencase/","https://tshop.r10s.jp/rikushop39/cabinet/s-13/13040110.jpg?fitin=275:275","4.64","無"
"＼ポイント5倍／筆箱 韓国 ペンケース おしゃれ 可愛い 韓国 人気 女子 高校生 中学生 pu 多機能 筆入れ 大容量 シンプル ふでばこ 人気 小学生 男の子 女の子 収納袋 文房具 化粧品入れ 社会人用 軽量 オフィス用品 誕生日 新学期 入園 入学祝い プレゼント お祝い","210","https://item.rakuten.co.jp/dolemi-shop/1303pencase/","https://tshop.r10s.jp/dolemi-shop/cabinet/13/13030115.jpg?fitin=275:275","4.44","有"
"「感謝祭SALE10%OFF限定&P10倍」ペンケース 大容量 シンプル 筆箱 カバコ 文具 韓国 おしゃれ 大学生 中学生 かわいい 子供 プレゼント 外側ポケット有り 新学期 入学 進学祝い","34","https://item.rakuten.co.jp/mochiron-6/may313/","https://tshop.r10s.jp/mochiron-6/cabinet/item2/may313_01.jpg?fitin=275:275","4.65","有"
"＼ポイント5倍／ 筆箱 韓国 ペンケース おしゃれ 可愛い 人気 女子 高校生 中学生 多機能 筆入れ 大容量 シンプル ふでばこ 人気 男の子 女の子 収納袋 軽量 文房具 化粧品入れ 社会人用 オフィス用品 誕生日 新学期 入園 入学祝い プレゼント お祝い","5","https://item.rakuten.co.jp/nextation-store/xjoy038/","https://tshop.r10s.jp/nextation-store/cabinet/10356647/xjoy038p5.jpg?fitin=275:275","4.8","無"
"ペンケース 韓国 clam 高校生 女子 コーデュロイ 筆箱 シンプル おしゃれ かわいい 大容量 コンパクト 大人 韓国雑貨 無地 可愛い クラム ブランド 韓国雑貨 レディース プレゼント ギフト 誕生日 娘 小学生 中学生 大学生 10代 20代 30代","46","https://item.rakuten.co.jp/somibeya/04-clm-pencase-cd/","https://tshop.r10s.jp/somibeya/cabinet/fabric/imgrc0124172865.jpg?fitin=275:275","4.74","有"
"筆箱 韓国 ペンケース おしゃれ かわいい 韓国 人気 女子 高校生 中学生 多機能 ふでばこ 収納袋 文房具 化粧品入れ 社会人用 軽量 オフィス用品 送料無料","7","https://item.rakuten.co.jp/kkandkandshop/pencil837/","https://tshop.r10s.jp/kkandkandshop/cabinet/jxg837.jpg?fitin=275:275","4.14","無"
"＼ポイント5倍／ 筆箱 韓国 ペンケース おしゃれ 可愛い 韓国 人気 女子 高校生 中学生 多機能 筆入れ 大容量 シンプル ふでばこ 人気 小学生 男の子 女の子 収納袋 文房具 化粧品入れ 社会人用 軽量 オフィス用品 送料無料","5","https://item.rakuten.co.jp/nextation-store/xjoy011/","https://tshop.r10s.jp/nextation-store/cabinet/10356647/xjoy011p5.jpg?fitin=275:275","4.4","無"
"「周年感謝祭SALE10%OFF限定&P10倍」【12色】ふわふわポップコーン生地ペンケース かわいい 高校生女子 オシャレ 大容量 シンプル 文具 韓国 おしゃれ 可愛い 大学生 中学生 ブラシケース ぽこぽこ 子供 レディース 誕生日プレゼント 新学期 入学 進学祝い","46","https://item.rakuten.co.jp/mochiron-6/3mc-105/","https://tshop.r10s.jp/mochiron-6/cabinet/item2/3mc-105_11.jpg?fitin=275:275","4.48","無"
"ペンケース おしゃれ 韓国 大容量 人気の筆箱 おしゃれ シンプル ふでばこ 中学生 高校生 大学生 男の子 女の子","8","https://item.rakuten.co.jp/sanjunnikoniko/s980/","https://tshop.r10s.jp/sanjunnikoniko/cabinet/08976638/imgrc0100888552.jpg?fitin=275:275","4.13","無"
"＼ポイント10倍／筆箱 韓国 ペンケース おしゃれ 可愛い 韓国 人気 女子 高校生 中学生 多機能 pu 筆入れ 大容量 シンプル ふでばこ 人気 小学生 男の子 女の子 収納袋 文房具 化粧品入れ 社会人用 軽量 オフィス用品 誕生日 新学期 入園 入学祝い プレゼント お祝い","5","https://item.rakuten.co.jp/rikushop39/s-3027/","https://tshop.r10s.jp/rikushop39/cabinet/s-30/30270110.jpg?fitin=275:275","5","無"
"一部即納 ペンケース 筆箱 大容量 レディース もこもこ クリスマス プレゼント ギフト 母の日 可愛い 仕切り ポーチ 収納 多機能 中学 高校 大学生 女子 小学校 筆入れ シンプル 韓国風 おしゃれ 送料無料","15","https://item.rakuten.co.jp/asahigoudoushop/c23zk0004/","https://tshop.r10s.jp/asahigoudoushop/cabinet/2301/c23zk0004.jpg?fitin=275:275","4.47","無"
"筆箱 韓国 ペンケース おしゃれ 可愛い 韓国 人気 女子 高校生 中学生 多機能 筆入れ 大容量 シンプル ふでばこ 人気 小学生 男の子 女の子 収納袋 文房具 化粧品入れ 社会人用 軽量 オフィス用品 誕生日 新学期 入園 入学祝い プレゼント お祝い","1","https://item.rakuten.co.jp/gazelle/cjj298/","https://tshop.r10s.jp/gazelle/cabinet/11464997/11875373/cjj298-1.jpg?fitin=275:275","3","無"
"＼ポイント5倍／ 筆箱 韓国 ペンケース 透明窓 大容量 おしゃれ 筆箱 3層 シンプル 多機能 可愛い おしゃれ メイクポーチ ふでばこ 中学生 高校生 大学生 男の子 女の子 小学生 子供用","4","https://item.rakuten.co.jp/nextation-store/xjoy046/","https://tshop.r10s.jp/nextation-store/cabinet/10356647/xjoy046p5.jpg?fitin=275:275","4.75","無"
"コーデュロイ ペンケース 韓国 レトロ 無地 化粧ポーチ 筆箱 シンプル ふで箱 大容量 おしゃれ かわいい 女子 中学生 高校生 レディース プレゼント 文房具 文具 収納 筆入れ 小学生 マルチポーチ","21","https://item.rakuten.co.jp/directshop2/pec001/","https://tshop.r10s.jp/directshop2/cabinet/r001/pec001_028.jpg?fitin=275:275","4.76","無"
