順位,ASIN,商品名,商品URL,評価数,評価値,直近30日販売数（親）,直近30日販売数（子）,画像URL,ライバル候補
1,B0DLKDLNQB,Nannlia ペンケース 透明 大容量 おしゃれ 筆箱 韓国 可愛い おしゃれ ふでばこ シンプル 中学生 高校生 大学生 男の子 女の子 (グレー),https://www.amazon.co.jp/Nannlia-%E3%83%9A%E3%83%B3%E3%82%B1%E3%83%BC%E3%82%B9-%E3%81%8A%E3%81%97%E3%82%83%E3%82%8C-%E3%81%B5%E3%81%A7%E3%81%B0%E3%81%93-%E3%82%B7%E3%83%B3%E3%83%97%E3%83%AB/dp/B0DLKDLNQB/ref=sr_1_7?dib=eyJ2IjoiMSJ9.725T-ceHs4aoUQOwfOmTUWlSyFCs-FXuKfVOcKjZd9hHUGSUlzHn3Zqab-N27teRMeJJqBm1iUtWkN71gEDnac6jNCZCVCRoa3BSB_WZhAjT1NGxfHgDnHG194znX4TTxc4MTCvD42fVbbemJgMcW6G8iCx78h7SOvbOktJyDb9OvwYno12k32OU0jiC23vff1NvFQG8uFGebuwcN4xxjxYRWbc-8MESRdrf1vj6zcrjJmG4Gy9wsONsqWX_hVoTRdMqrqPb23NZtWA_wIpZzlkIkKdbVYgpsTMty1I31nY.NjLQrdsbX7vR3EViv5lKzmhQYB3KoQLsDXFLGjjM9fQ&dib_tag=se&keywords=%E7%AD%86%E7%AE%B1+%E9%9F%93%E5%9B%BD&qid=1750633014&sr=8-7,17,4.0,104,N/A,https://m.media-amazon.com/images/I/61fW5KisQdL._AC_UL320_.jpg,ライバル候補
2,B0C22KB72C,ペンケース 韓国ins人気 ック生地ペンケース 大容量 収納 可愛い シンプルなデザイン 文房具 男の子 女の子 子ども 小学生 中学生 高校生 大学生 社会人用 (18*5*8cm),https://www.amazon.co.jp/%E3%83%9A%E3%83%B3%E3%82%B1%E3%83%BC%E3%82%B9-%E9%9F%93%E5%9B%BDins%E4%BA%BA%E6%B0%97-%E3%83%83%E3%82%AF%E7%94%9F%E5%9C%B0%E3%83%9A%E3%83%B3%E3%82%B1%E3%83%BC%E3%82%B9-%E3%82%B7%E3%83%B3%E3%83%97%E3%83%AB%E3%81%AA%E3%83%87%E3%82%B6%E3%82%A4%E3%83%B3-%E7%A4%BE%E4%BC%9A%E4%BA%BA%E7%94%A8/dp/B0C22KB72C/ref=sr_1_8?dib=eyJ2IjoiMSJ9.725T-ceHs4aoUQOwfOmTUWlSyFCs-FXuKfVOcKjZd9hHUGSUlzHn3Zqab-N27teRMeJJqBm1iUtWkN71gEDnac6jNCZCVCRoa3BSB_WZhAjT1NGxfHgDnHG194znX4TTxc4MTCvD42fVbbemJgMcW6G8iCx78h7SOvbOktJyDb9OvwYno12k32OU0jiC23vff1NvFQG8uFGebuwcN4xxjxYRWbc-8MESRdrf1vj6zcrjJmG4Gy9wsONsqWX_hVoTRdMqrqPb23NZtWA_wIpZzlkIkKdbVYgpsTMty1I31nY.NjLQrdsbX7vR3EViv5lKzmhQYB3KoQLsDXFLGjjM9fQ&dib_tag=se&keywords=%E7%AD%86%E7%AE%B1+%E9%9F%93%E5%9B%BD&qid=1750633014&sr=8-8,N/A,N/A,21,N/A,https://m.media-amazon.com/images/I/61SNsep6rLL._AC_UL320_.jpg,
3,B0C53J355Y,サムコス ペンケース 筆箱 ネコ 可愛い おしゃれ ック生地ペンケース 大容量 シンプル 文房具 韓国ins人気 筆入れ 子供 小学生 中学生 高校生 大学生 男の子 女の子 (ベージュ),https://www.amazon.co.jp/%E3%82%B5%E3%83%A0%E3%82%B3%E3%82%B9-%E3%83%9A%E3%83%B3%E3%82%B1%E3%83%BC%E3%82%B9-%E3%81%8A%E3%81%97%E3%82%83%E3%82%8C-%E3%83%83%E3%82%AF%E7%94%9F%E5%9C%B0%E3%83%9A%E3%83%B3%E3%82%B1%E3%83%BC%E3%82%B9-%E9%9F%93%E5%9B%BDins%E4%BA%BA%E6%B0%97/dp/B0C53J355Y/ref=sr_1_9?dib=eyJ2IjoiMSJ9.725T-ceHs4aoUQOwfOmTUWlSyFCs-FXuKfVOcKjZd9hHUGSUlzHn3Zqab-N27teRMeJJqBm1iUtWkN71gEDnac6jNCZCVCRoa3BSB_WZhAjT1NGxfHgDnHG194znX4TTxc4MTCvD42fVbbemJgMcW6G8iCx78h7SOvbOktJyDb9OvwYno12k32OU0jiC23vff1NvFQG8uFGebuwcN4xxjxYRWbc-8MESRdrf1vj6zcrjJmG4Gy9wsONsqWX_hVoTRdMqrqPb23NZtWA_wIpZzlkIkKdbVYgpsTMty1I31nY.NjLQrdsbX7vR3EViv5lKzmhQYB3KoQLsDXFLGjjM9fQ&dib_tag=se&keywords=%E7%AD%86%E7%AE%B1+%E9%9F%93%E5%9B%BD&qid=1750633014&sr=8-9,25,4.1,102,50+,https://m.media-amazon.com/images/I/51Ngw227xtL._AC_UL320_.jpg,
4,B0DL5DKJG6,Nannlia ペンケース 韓国 おしゃれ 筆箱 大容量 中学生 高校生 (ホワイト),https://www.amazon.co.jp/Nannlia-%E3%83%9A%E3%83%B3%E3%82%B1%E3%83%BC%E3%82%B9-%E3%81%8A%E3%81%97%E3%82%83%E3%82%8C-%E5%A4%A7%E5%AE%B9%E9%87%8F-%E3%83%9B%E3%83%AF%E3%82%A4%E3%83%88/dp/B0DL5DKJG6/ref=sr_1_10?dib=eyJ2IjoiMSJ9.725T-ceHs4aoUQOwfOmTUWlSyFCs-FXuKfVOcKjZd9hHUGSUlzHn3Zqab-N27teRMeJJqBm1iUtWkN71gEDnac6jNCZCVCRoa3BSB_WZhAjT1NGxfHgDnHG194znX4TTxc4MTCvD42fVbbemJgMcW6G8iCx78h7SOvbOktJyDb9OvwYno12k32OU0jiC23vff1NvFQG8uFGebuwcN4xxjxYRWbc-8MESRdrf1vj6zcrjJmG4Gy9wsONsqWX_hVoTRdMqrqPb23NZtWA_wIpZzlkIkKdbVYgpsTMty1I31nY.NjLQrdsbX7vR3EViv5lKzmhQYB3KoQLsDXFLGjjM9fQ&dib_tag=se&keywords=%E7%AD%86%E7%AE%B1+%E9%9F%93%E5%9B%BD&qid=1750633014&sr=8-10,1,5.0,59,N/A,https://m.media-amazon.com/images/I/41--YnmbDNL._AC_UL320_.jpg,
5,B0D2NFS9CW,ZEWZE ペンケース 韓国 筆箱 大容量 おしゃれ かわいい 小物 ポーチ ペンポーチ 中学生 高校生 女の子 文房具 収納バッグ マルチポーチ 化粧ポーチ (グレー-クマ柄),https://www.amazon.co.jp/ZEWZE-%E3%83%9A%E3%83%B3%E3%82%B1%E3%83%BC%E3%82%B9-%E3%83%9A%E3%83%B3%E3%83%9D%E3%83%BC%E3%83%81-%E3%83%9E%E3%83%AB%E3%83%81%E3%83%9D%E3%83%BC%E3%83%81-%E3%82%B0%E3%83%AC%E3%83%BC-%E3%82%AF%E3%83%9E%E6%9F%84/dp/B0D2NFS9CW/ref=sr_1_15?dib=eyJ2IjoiMSJ9.725T-ceHs4aoUQOwfOmTUWlSyFCs-FXuKfVOcKjZd9hHUGSUlzHn3Zqab-N27teRMeJJqBm1iUtWkN71gEDnac6jNCZCVCRoa3BSB_WZhAjT1NGxfHgDnHG194znX4TTxc4MTCvD42fVbbemJgMcW6G8iCx78h7SOvbOktJyDb9OvwYno12k32OU0jiC23vff1NvFQG8uFGebuwcN4xxjxYRWbc-8MESRdrf1vj6zcrjJmG4Gy9wsONsqWX_hVoTRdMqrqPb23NZtWA_wIpZzlkIkKdbVYgpsTMty1I31nY.NjLQrdsbX7vR3EViv5lKzmhQYB3KoQLsDXFLGjjM9fQ&dib_tag=se&keywords=%E7%AD%86%E7%AE%B1+%E9%9F%93%E5%9B%BD&qid=1750633014&sr=8-15,10,4.3,62,N/A,https://m.media-amazon.com/images/I/71nkZFGN1QL._AC_UL320_.jpg,
6,B0DQJGX6SW,筆箱 かわいい 韓国 高校生 女子 筆箱韓国 リボン ペンケース 可愛い おしゃれ ふでばこ 中学生 女の子 化粧ポーチ (ブラック),https://www.amazon.co.jp/%E3%81%8B%E3%82%8F%E3%81%84%E3%81%84-%E7%AD%86%E7%AE%B1%E9%9F%93%E5%9B%BD-%E3%83%9A%E3%83%B3%E3%82%B1%E3%83%BC%E3%82%B9-%E3%81%8A%E3%81%97%E3%82%83%E3%82%8C-%E5%8C%96%E7%B2%A7%E3%83%9D%E3%83%BC%E3%83%81/dp/B0DQJGX6SW/ref=sr_1_16?dib=eyJ2IjoiMSJ9.725T-ceHs4aoUQOwfOmTUWlSyFCs-FXuKfVOcKjZd9hHUGSUlzHn3Zqab-N27teRMeJJqBm1iUtWkN71gEDnac6jNCZCVCRoa3BSB_WZhAjT1NGxfHgDnHG194znX4TTxc4MTCvD42fVbbemJgMcW6G8iCx78h7SOvbOktJyDb9OvwYno12k32OU0jiC23vff1NvFQG8uFGebuwcN4xxjxYRWbc-8MESRdrf1vj6zcrjJmG4Gy9wsONsqWX_hVoTRdMqrqPb23NZtWA_wIpZzlkIkKdbVYgpsTMty1I31nY.NjLQrdsbX7vR3EViv5lKzmhQYB3KoQLsDXFLGjjM9fQ&dib_tag=se&keywords=%E7%AD%86%E7%AE%B1+%E9%9F%93%E5%9B%BD&qid=1750633014&sr=8-16,11,4.4,20,N/A,https://m.media-amazon.com/images/I/71e7TLgxx8L._AC_UL320_.jpg,
7,B0DS88DRWS,ideastore 筆箱 韓国 ペンケース かわいい シンプル おしゃれ 高校生 ワッフル柄 (ピンク),https://www.amazon.co.jp/ideastore-%E3%83%9A%E3%83%B3%E3%82%B1%E3%83%BC%E3%82%B9-%E3%81%8B%E3%82%8F%E3%81%84%E3%81%84-%E3%82%B7%E3%83%B3%E3%83%97%E3%83%AB-%E3%83%AF%E3%83%83%E3%83%95%E3%83%AB%E6%9F%84/dp/B0DS88DRWS/ref=sr_1_17?dib=eyJ2IjoiMSJ9.725T-ceHs4aoUQOwfOmTUWlSyFCs-FXuKfVOcKjZd9hHUGSUlzHn3Zqab-N27teRMeJJqBm1iUtWkN71gEDnac6jNCZCVCRoa3BSB_WZhAjT1NGxfHgDnHG194znX4TTxc4MTCvD42fVbbemJgMcW6G8iCx78h7SOvbOktJyDb9OvwYno12k32OU0jiC23vff1NvFQG8uFGebuwcN4xxjxYRWbc-8MESRdrf1vj6zcrjJmG4Gy9wsONsqWX_hVoTRdMqrqPb23NZtWA_wIpZzlkIkKdbVYgpsTMty1I31nY.NjLQrdsbX7vR3EViv5lKzmhQYB3KoQLsDXFLGjjM9fQ&dib_tag=se&keywords=%E7%AD%86%E7%AE%B1+%E9%9F%93%E5%9B%BD&qid=1750633014&sr=8-17,4,4.3,30,N/A,https://m.media-amazon.com/images/I/51J-SJiWExL._AC_UL320_.jpg,
8,B0DNJVRVDN,PAVIKE 可愛いペンケース 筆箱 19*11cm ペン入れ 大容量 リボン刺繍 学生 大人 オシャレなペンケース 韓国風 文具屋 学校 ピンクブラック シンプルなペンケース,https://www.amazon.co.jp/PAVIKE-%E5%8F%AF%E6%84%9B%E3%81%84%E3%83%9A%E3%83%B3%E3%82%B1%E3%83%BC%E3%82%B9-%E3%82%AA%E3%82%B7%E3%83%A3%E3%83%AC%E3%81%AA%E3%83%9A%E3%83%B3%E3%82%B1%E3%83%BC%E3%82%B9-%E3%83%94%E3%83%B3%E3%82%AF%E3%83%96%E3%83%A9%E3%83%83%E3%82%AF-%E3%82%B7%E3%83%B3%E3%83%97%E3%83%AB%E3%81%AA%E3%83%9A%E3%83%B3%E3%82%B1%E3%83%BC%E3%82%B9/dp/B0DNJVRVDN/ref=sr_1_18?dib=eyJ2IjoiMSJ9.725T-ceHs4aoUQOwfOmTUWlSyFCs-FXuKfVOcKjZd9hHUGSUlzHn3Zqab-N27teRMeJJqBm1iUtWkN71gEDnac6jNCZCVCRoa3BSB_WZhAjT1NGxfHgDnHG194znX4TTxc4MTCvD42fVbbemJgMcW6G8iCx78h7SOvbOktJyDb9OvwYno12k32OU0jiC23vff1NvFQG8uFGebuwcN4xxjxYRWbc-8MESRdrf1vj6zcrjJmG4Gy9wsONsqWX_hVoTRdMqrqPb23NZtWA_wIpZzlkIkKdbVYgpsTMty1I31nY.NjLQrdsbX7vR3EViv5lKzmhQYB3KoQLsDXFLGjjM9fQ&dib_tag=se&keywords=%E7%AD%86%E7%AE%B1+%E9%9F%93%E5%9B%BD&qid=1750633014&sr=8-18,N/A,N/A,18,N/A,https://m.media-amazon.com/images/I/61GvfnrU3uL._AC_UL320_.jpg,
9,B09J23NBZ9,Nannlia ペンケース おしゃれ 韓国 大容量 筆箱 おしゃれ シンプル ふでばこ 中学生 高校生 大学生 男の子 女の子 (グレー),https://www.amazon.co.jp/Nannlia-%E3%83%9A%E3%83%B3%E3%82%B1%E3%83%BC%E3%82%B9-%E3%81%8A%E3%81%97%E3%82%83%E3%82%8C-%E4%BA%BA%E6%B0%97%E3%81%AE%E7%AD%86%E7%AE%B1-%E3%82%B7%E3%83%B3%E3%83%97%E3%83%AB/dp/B09J23NBZ9/ref=sr_1_23?dib=eyJ2IjoiMSJ9.725T-ceHs4aoUQOwfOmTUWlSyFCs-FXuKfVOcKjZd9hHUGSUlzHn3Zqab-N27teRMeJJqBm1iUtWkN71gEDnac6jNCZCVCRoa3BSB_WZhAjT1NGxfHgDnHG194znX4TTxc4MTCvD42fVbbemJgMcW6G8iCx78h7SOvbOktJyDb9OvwYno12k32OU0jiC23vff1NvFQG8uFGebuwcN4xxjxYRWbc-8MESRdrf1vj6zcrjJmG4Gy9wsONsqWX_hVoTRdMqrqPb23NZtWA_wIpZzlkIkKdbVYgpsTMty1I31nY.NjLQrdsbX7vR3EViv5lKzmhQYB3KoQLsDXFLGjjM9fQ&dib_tag=se&keywords=%E7%AD%86%E7%AE%B1+%E9%9F%93%E5%9B%BD&qid=1750633014&sr=8-23,441,4.2,219,N/A,https://m.media-amazon.com/images/I/61hsV1oqzqL._AC_UL320_.jpg,
10,B0DM8858VC,DUXING ペンケース 筆箱 キルティング ペンケース 大容量 リボン刺繍 学生 大人 可愛い オシャレ (ホワイトブルー),https://www.amazon.co.jp/DUXING-%E3%83%9A%E3%83%B3%E3%82%B1%E3%83%BC%E3%82%B9-%E3%82%AD%E3%83%AB%E3%83%86%E3%82%A3%E3%83%B3%E3%82%B0-%E3%83%AA%E3%83%9C%E3%83%B3%E5%88%BA%E7%B9%8D-%E3%83%9B%E3%83%AF%E3%82%A4%E3%83%88%E3%83%96%E3%83%AB%E3%83%BC/dp/B0DM8858VC/ref=sr_1_24?dib=eyJ2IjoiMSJ9.725T-ceHs4aoUQOwfOmTUWlSyFCs-FXuKfVOcKjZd9hHUGSUlzHn3Zqab-N27teRMeJJqBm1iUtWkN71gEDnac6jNCZCVCRoa3BSB_WZhAjT1NGxfHgDnHG194znX4TTxc4MTCvD42fVbbemJgMcW6G8iCx78h7SOvbOktJyDb9OvwYno12k32OU0jiC23vff1NvFQG8uFGebuwcN4xxjxYRWbc-8MESRdrf1vj6zcrjJmG4Gy9wsONsqWX_hVoTRdMqrqPb23NZtWA_wIpZzlkIkKdbVYgpsTMty1I31nY.NjLQrdsbX7vR3EViv5lKzmhQYB3KoQLsDXFLGjjM9fQ&dib_tag=se&keywords=%E7%AD%86%E7%AE%B1+%E9%9F%93%E5%9B%BD&qid=1750633014&sr=8-24,1,4.0,9,N/A,https://m.media-amazon.com/images/I/31RjPKHo1OL._AC_UL320_.jpg,
11,B0F6MQ8G9L,[Holomua Hiro] 面白い筆箱 可愛い 筆箱 ぬいぐるみ ペンケース 筆箱 かわいい 文具ポーチ,https://www.amazon.co.jp/Holomua-Hiro-%E9%9D%A2%E7%99%BD%E3%81%84%E7%AD%86%E7%AE%B1-%E3%81%AC%E3%81%84%E3%81%90%E3%82%8B%E3%81%BF-%E3%83%9A%E3%83%B3%E3%82%B1%E3%83%BC%E3%82%B9/dp/B0F6MQ8G9L/ref=sr_1_25?dib=eyJ2IjoiMSJ9.725T-ceHs4aoUQOwfOmTUWlSyFCs-FXuKfVOcKjZd9hHUGSUlzHn3Zqab-N27teRMeJJqBm1iUtWkN71gEDnac6jNCZCVCRoa3BSB_WZhAjT1NGxfHgDnHG194znX4TTxc4MTCvD42fVbbemJgMcW6G8iCx78h7SOvbOktJyDb9OvwYno12k32OU0jiC23vff1NvFQG8uFGebuwcN4xxjxYRWbc-8MESRdrf1vj6zcrjJmG4Gy9wsONsqWX_hVoTRdMqrqPb23NZtWA_wIpZzlkIkKdbVYgpsTMty1I31nY.NjLQrdsbX7vR3EViv5lKzmhQYB3KoQLsDXFLGjjM9fQ&dib_tag=se&keywords=%E7%AD%86%E7%AE%B1+%E9%9F%93%E5%9B%BD&qid=1750633014&sr=8-25,1,5.0,25,N/A,https://m.media-amazon.com/images/I/41YPVsyLYjL._AC_UL320_.jpg,
12,B0C3RN6TSV,ronsila ペンケース 韓国 筆箱 韓国 かわいい おしゃれ 大容量 高校生 女子 中学生 ボアワッフルペンケース（ピンク）,https://www.amazon.co.jp/ronsila-%E3%83%9A%E3%83%B3%E3%82%B1%E3%83%BC%E3%82%B9-%E3%81%8B%E3%82%8F%E3%81%84%E3%81%84-%E3%81%8A%E3%81%97%E3%82%83%E3%82%8C-%E3%83%9C%E3%82%A2%E3%83%AF%E3%83%83%E3%83%95%E3%83%AB%E3%83%9A%E3%83%B3%E3%82%B1%E3%83%BC%E3%82%B9%EF%BC%88%E3%83%94%E3%83%B3%E3%82%AF%EF%BC%89/dp/B0C3RN6TSV/ref=sr_1_26?dib=eyJ2IjoiMSJ9.725T-ceHs4aoUQOwfOmTUWlSyFCs-FXuKfVOcKjZd9hHUGSUlzHn3Zqab-N27teRMeJJqBm1iUtWkN71gEDnac6jNCZCVCRoa3BSB_WZhAjT1NGxfHgDnHG194znX4TTxc4MTCvD42fVbbemJgMcW6G8iCx78h7SOvbOktJyDb9OvwYno12k32OU0jiC23vff1NvFQG8uFGebuwcN4xxjxYRWbc-8MESRdrf1vj6zcrjJmG4Gy9wsONsqWX_hVoTRdMqrqPb23NZtWA_wIpZzlkIkKdbVYgpsTMty1I31nY.NjLQrdsbX7vR3EViv5lKzmhQYB3KoQLsDXFLGjjM9fQ&dib_tag=se&keywords=%E7%AD%86%E7%AE%B1+%E9%9F%93%E5%9B%BD&qid=1750633014&sr=8-26,6,3.5,32,N/A,https://m.media-amazon.com/images/I/71SeKPnxXNL._AC_UL320_.jpg,
13,B01ABL9576,NICI(ニキ)ラブベア フィギュアポーチ,https://www.amazon.co.jp/%E3%83%8B%E3%82%AD-NICI-3088489-%E3%83%A9%E3%83%96%E3%83%99%E3%82%A2-%E3%83%95%E3%82%A3%E3%82%AE%E3%83%A5%E3%82%A2%E3%83%9D%E3%83%BC%E3%83%81/dp/B01ABL9576/ref=sr_1_29?dib=eyJ2IjoiMSJ9.725T-ceHs4aoUQOwfOmTUWlSyFCs-FXuKfVOcKjZd9hHUGSUlzHn3Zqab-N27teRMeJJqBm1iUtWkN71gEDnac6jNCZCVCRoa3BSB_WZhAjT1NGxfHgDnHG194znX4TTxc4MTCvD42fVbbemJgMcW6G8iCx78h7SOvbOktJyDb9OvwYno12k32OU0jiC23vff1NvFQG8uFGebuwcN4xxjxYRWbc-8MESRdrf1vj6zcrjJmG4Gy9wsONsqWX_hVoTRdMqrqPb23NZtWA_wIpZzlkIkKdbVYgpsTMty1I31nY.NjLQrdsbX7vR3EViv5lKzmhQYB3KoQLsDXFLGjjM9fQ&dib_tag=se&keywords=%E7%AD%86%E7%AE%B1+%E9%9F%93%E5%9B%BD&qid=1750633014&sr=8-29,N/A,4.6,"1,363",100+,https://m.media-amazon.com/images/I/61asiBwmrPS._AC_UL320_.jpg,
14,B0D2H4K1VR,Nannlia ペンケース 透明 大容量 6層ストレージ おしゃれ 筆箱 韓国 おしゃれ シンプル ふでばこ 中学生 高校生 大学生 男の子 女の子 (ブラック),https://www.amazon.co.jp/Nannlia-%E3%83%9A%E3%83%B3%E3%82%B1%E3%83%BC%E3%82%B9-6%E5%B1%A4%E3%82%B9%E3%83%88%E3%83%AC%E3%83%BC%E3%82%B8-%E3%81%8A%E3%81%97%E3%82%83%E3%82%8C-%E3%82%B7%E3%83%B3%E3%83%97%E3%83%AB/dp/B0D2H4K1VR/ref=sr_1_30?dib=eyJ2IjoiMSJ9.725T-ceHs4aoUQOwfOmTUWlSyFCs-FXuKfVOcKjZd9hHUGSUlzHn3Zqab-N27teRMeJJqBm1iUtWkN71gEDnac6jNCZCVCRoa3BSB_WZhAjT1NGxfHgDnHG194znX4TTxc4MTCvD42fVbbemJgMcW6G8iCx78h7SOvbOktJyDb9OvwYno12k32OU0jiC23vff1NvFQG8uFGebuwcN4xxjxYRWbc-8MESRdrf1vj6zcrjJmG4Gy9wsONsqWX_hVoTRdMqrqPb23NZtWA_wIpZzlkIkKdbVYgpsTMty1I31nY.NjLQrdsbX7vR3EViv5lKzmhQYB3KoQLsDXFLGjjM9fQ&dib_tag=se&keywords=%E7%AD%86%E7%AE%B1+%E9%9F%93%E5%9B%BD&qid=1750633014&sr=8-30,20,4.1,101,50+,https://m.media-amazon.com/images/I/51ZKLXgDgLL._AC_UL320_.jpg,ライバル候補
15,B0B4VHFSXF,ペンケース ペンポーチ マルチポーチ 化粧ポーチ ふで箱 ふでばこ 小学生 中学生 高校生 大学生 女の子 女子 男子 男の子 入園 入学 筆箱 文房具 筆記用具 多機能 大容量 シンプル 無地 おしゃれ かわいい -ブラック,https://www.amazon.co.jp/%E3%83%9A%E3%83%B3%E3%82%B1%E3%83%BC%E3%82%B9-%E3%83%9A%E3%83%B3%E3%83%9D%E3%83%BC%E3%83%81-%E3%83%9E%E3%83%AB%E3%83%81%E3%83%9D%E3%83%BC%E3%83%81-%E5%8C%96%E7%B2%A7%E3%83%9D%E3%83%BC%E3%83%81-%E3%83%96%E3%83%A9%E3%83%83%E3%82%AF/dp/B0B4VHFSXF/ref=sr_1_31?dib=eyJ2IjoiMSJ9.725T-ceHs4aoUQOwfOmTUWlSyFCs-FXuKfVOcKjZd9hHUGSUlzHn3Zqab-N27teRMeJJqBm1iUtWkN71gEDnac6jNCZCVCRoa3BSB_WZhAjT1NGxfHgDnHG194znX4TTxc4MTCvD42fVbbemJgMcW6G8iCx78h7SOvbOktJyDb9OvwYno12k32OU0jiC23vff1NvFQG8uFGebuwcN4xxjxYRWbc-8MESRdrf1vj6zcrjJmG4Gy9wsONsqWX_hVoTRdMqrqPb23NZtWA_wIpZzlkIkKdbVYgpsTMty1I31nY.NjLQrdsbX7vR3EViv5lKzmhQYB3KoQLsDXFLGjjM9fQ&dib_tag=se&keywords=%E7%AD%86%E7%AE%B1+%E9%9F%93%E5%9B%BD&qid=1750633014&sr=8-31,17,2.9,59,N/A,https://m.media-amazon.com/images/I/51PIrm8AZHL._AC_UL320_.jpg,
16,B0D1K5BNSW,ペンケース 韓国 筆箱 ペンポーチ シンプル おしゃれ 化粧ポーチ 大容量 多機能 収納袋 軽量 筆入れ 高校生 中学生 女の子 男の子 入園 入学 便利 筆記用具 文房具 (ホワイト) [並行輸入品],https://www.amazon.co.jp/%E3%83%9A%E3%83%B3%E3%82%B1%E3%83%BC%E3%82%B9-%E3%83%9A%E3%83%B3%E3%83%9D%E3%83%BC%E3%83%81-%E3%82%B7%E3%83%B3%E3%83%97%E3%83%AB-%E5%8C%96%E7%B2%A7%E3%83%9D%E3%83%BC%E3%83%81-%E4%B8%A6%E8%A1%8C%E8%BC%B8%E5%85%A5%E5%93%81/dp/B0D1K5BNSW/ref=sr_1_32?dib=eyJ2IjoiMSJ9.725T-ceHs4aoUQOwfOmTUWlSyFCs-FXuKfVOcKjZd9hHUGSUlzHn3Zqab-N27teRMeJJqBm1iUtWkN71gEDnac6jNCZCVCRoa3BSB_WZhAjT1NGxfHgDnHG194znX4TTxc4MTCvD42fVbbemJgMcW6G8iCx78h7SOvbOktJyDb9OvwYno12k32OU0jiC23vff1NvFQG8uFGebuwcN4xxjxYRWbc-8MESRdrf1vj6zcrjJmG4Gy9wsONsqWX_hVoTRdMqrqPb23NZtWA_wIpZzlkIkKdbVYgpsTMty1I31nY.NjLQrdsbX7vR3EViv5lKzmhQYB3KoQLsDXFLGjjM9fQ&dib_tag=se&keywords=%E7%AD%86%E7%AE%B1+%E9%9F%93%E5%9B%BD&qid=1750633014&sr=8-32,8,3.7,74,N/A,https://m.media-amazon.com/images/I/61Jlc5sGb9L._AC_UL320_.jpg,ライバル候補
17,B0BM38JSZ4,nalaina 筆箱 ふでばこ筆箱 ぬいぐるみ ペンケース ジップーペンケース おしゃれ 可愛い 韓国 人気 多機能 収納袋 文房具 化粧品入れ 社会人用 軽量 オフィス用品 白,https://www.amazon.co.jp/nalaina-%E3%81%B5%E3%81%A7%E3%81%B0%E3%81%93%E7%AD%86%E7%AE%B1-%E3%81%AC%E3%81%84%E3%81%90%E3%82%8B%E3%81%BF-%E3%82%B8%E3%83%83%E3%83%97%E3%83%BC%E3%83%9A%E3%83%B3%E3%82%B1%E3%83%BC%E3%82%B9-%E3%82%AA%E3%83%95%E3%82%A3%E3%82%B9%E7%94%A8%E5%93%81/dp/B0BM38JSZ4/ref=sr_1_33?dib=eyJ2IjoiMSJ9.725T-ceHs4aoUQOwfOmTUWlSyFCs-FXuKfVOcKjZd9hHUGSUlzHn3Zqab-N27teRMeJJqBm1iUtWkN71gEDnac6jNCZCVCRoa3BSB_WZhAjT1NGxfHgDnHG194znX4TTxc4MTCvD42fVbbemJgMcW6G8iCx78h7SOvbOktJyDb9OvwYno12k32OU0jiC23vff1NvFQG8uFGebuwcN4xxjxYRWbc-8MESRdrf1vj6zcrjJmG4Gy9wsONsqWX_hVoTRdMqrqPb23NZtWA_wIpZzlkIkKdbVYgpsTMty1I31nY.NjLQrdsbX7vR3EViv5lKzmhQYB3KoQLsDXFLGjjM9fQ&dib_tag=se&keywords=%E7%AD%86%E7%AE%B1+%E9%9F%93%E5%9B%BD&qid=1750633014&sr=8-33,36,4.1,57,N/A,https://m.media-amazon.com/images/I/51PYXtdHZJL._AC_UL320_.jpg,
18,B0CKJ43QP9,[Yurixbox] ペンケース クリア 透明 筆箱 韓国 可愛いクリア 化粧ポーチ 男の子 女の子,https://www.amazon.co.jp/Yurixbox-%E3%83%9A%E3%83%B3%E3%82%B1%E3%83%BC%E3%82%B9-%E3%82%AF%E3%83%AA%E3%82%A2-%E5%8F%AF%E6%84%9B%E3%81%84%E3%82%AF%E3%83%AA%E3%82%A2-%E5%8C%96%E7%B2%A7%E3%83%9D%E3%83%BC%E3%83%81/dp/B0CKJ43QP9/ref=sr_1_34?dib=eyJ2IjoiMSJ9.725T-ceHs4aoUQOwfOmTUWlSyFCs-FXuKfVOcKjZd9hHUGSUlzHn3Zqab-N27teRMeJJqBm1iUtWkN71gEDnac6jNCZCVCRoa3BSB_WZhAjT1NGxfHgDnHG194znX4TTxc4MTCvD42fVbbemJgMcW6G8iCx78h7SOvbOktJyDb9OvwYno12k32OU0jiC23vff1NvFQG8uFGebuwcN4xxjxYRWbc-8MESRdrf1vj6zcrjJmG4Gy9wsONsqWX_hVoTRdMqrqPb23NZtWA_wIpZzlkIkKdbVYgpsTMty1I31nY.NjLQrdsbX7vR3EViv5lKzmhQYB3KoQLsDXFLGjjM9fQ&dib_tag=se&keywords=%E7%AD%86%E7%AE%B1+%E9%9F%93%E5%9B%BD&qid=1750633014&sr=8-34,8,3.4,24,N/A,https://m.media-amazon.com/images/I/619iPbsqLrL._AC_UL320_.jpg,
19,B092ZQRFBP,POTATO ペンケース おしゃれメイクブラシケース筆箱 ポーチ かわいい化粧ポーチ 化粧筆ポーチ 化粧ポーチ 旅行収納 小物入れ メイクブラシホルダー バッグ 母の日 ブルー,https://www.amazon.co.jp/POTATO-%E3%81%8A%E3%81%97%E3%82%83%E3%82%8C%E3%83%A1%E3%82%A4%E3%82%AF%E3%83%96%E3%83%A9%E3%82%B7%E3%82%B1%E3%83%BC%E3%82%B9%E7%AD%86%E7%AE%B1-%E3%81%8B%E3%82%8F%E3%81%84%E3%81%84%E5%8C%96%E7%B2%A7%E3%83%9D%E3%83%BC%E3%83%81-%E5%8C%96%E7%B2%A7%E7%AD%86%E3%83%9D%E3%83%BC%E3%83%81-%E3%83%A1%E3%82%A4%E3%82%AF%E3%83%96%E3%83%A9%E3%82%B7%E3%83%9B%E3%83%AB%E3%83%80%E3%83%BC/dp/B092ZQRFBP/ref=sr_1_35?dib=eyJ2IjoiMSJ9.725T-ceHs4aoUQOwfOmTUWlSyFCs-FXuKfVOcKjZd9hHUGSUlzHn3Zqab-N27teRMeJJqBm1iUtWkN71gEDnac6jNCZCVCRoa3BSB_WZhAjT1NGxfHgDnHG194znX4TTxc4MTCvD42fVbbemJgMcW6G8iCx78h7SOvbOktJyDb9OvwYno12k32OU0jiC23vff1NvFQG8uFGebuwcN4xxjxYRWbc-8MESRdrf1vj6zcrjJmG4Gy9wsONsqWX_hVoTRdMqrqPb23NZtWA_wIpZzlkIkKdbVYgpsTMty1I31nY.NjLQrdsbX7vR3EViv5lKzmhQYB3KoQLsDXFLGjjM9fQ&dib_tag=se&keywords=%E7%AD%86%E7%AE%B1+%E9%9F%93%E5%9B%BD&qid=1750633014&sr=8-35,64,4.1,53,N/A,https://m.media-amazon.com/images/I/61I+T7Ry4FL._AC_UL320_.jpg,
20,B0BC97Q2YT,Yavoluy 韓国の漫画の大きな目メッシュペンケース メッシュペンポーチ ペンシルバッグ 透明 軽量 筆箱 筆入れ ペンホルダー 文房具 小物入れ 雑貨収納バッグ (ピンク),https://www.amazon.co.jp/Yavoluy-%E9%9F%93%E5%9B%BD%E3%81%AE%E6%BC%AB%E7%94%BB%E3%81%AE%E5%A4%A7%E3%81%8D%E3%81%AA%E7%9B%AE%E3%83%A1%E3%83%83%E3%82%B7%E3%83%A5%E3%83%9A%E3%83%B3%E3%82%B1%E3%83%BC%E3%82%B9-%E3%83%A1%E3%83%83%E3%82%B7%E3%83%A5%E3%83%9A%E3%83%B3%E3%83%9D%E3%83%BC%E3%83%81-%E3%83%9A%E3%83%B3%E3%82%B7%E3%83%AB%E3%83%90%E3%83%83%E3%82%B0-%E9%9B%91%E8%B2%A8%E5%8F%8E%E7%B4%8D%E3%83%90%E3%83%83%E3%82%B0/dp/B0BC97Q2YT/ref=sr_1_36?dib=eyJ2IjoiMSJ9.725T-ceHs4aoUQOwfOmTUWlSyFCs-FXuKfVOcKjZd9hHUGSUlzHn3Zqab-N27teRMeJJqBm1iUtWkN71gEDnac6jNCZCVCRoa3BSB_WZhAjT1NGxfHgDnHG194znX4TTxc4MTCvD42fVbbemJgMcW6G8iCx78h7SOvbOktJyDb9OvwYno12k32OU0jiC23vff1NvFQG8uFGebuwcN4xxjxYRWbc-8MESRdrf1vj6zcrjJmG4Gy9wsONsqWX_hVoTRdMqrqPb23NZtWA_wIpZzlkIkKdbVYgpsTMty1I31nY.NjLQrdsbX7vR3EViv5lKzmhQYB3KoQLsDXFLGjjM9fQ&dib_tag=se&keywords=%E7%AD%86%E7%AE%B1+%E9%9F%93%E5%9B%BD&qid=1750633014&sr=8-36,4,3.5,48,N/A,https://m.media-amazon.com/images/I/51TStpMLxrL._AC_UL320_.jpg,
21,B0CM1Z4D1P,FINON ペンケース 韓国 筆箱 おしゃれ かわいい シンプル カジュアル 大容量 学生 文房具 収納バッグ (クマ柄-ブラウン),https://www.amazon.co.jp/%E3%83%9A%E3%83%B3%E3%82%B1%E3%83%BC%E3%82%B9-%E3%81%8A%E3%81%97%E3%82%83%E3%82%8C-%E3%82%AB%E3%82%B8%E3%83%A5%E3%82%A2%E3%83%AB-%E5%8F%8E%E7%B4%8D%E3%83%90%E3%83%83%E3%82%B0-%E3%82%AF%E3%83%9E%E6%9F%84-%E3%83%96%E3%83%A9%E3%82%A6%E3%83%B3/dp/B0CM1Z4D1P/ref=sr_1_37?dib=eyJ2IjoiMSJ9.725T-ceHs4aoUQOwfOmTUWlSyFCs-FXuKfVOcKjZd9hHUGSUlzHn3Zqab-N27teRMeJJqBm1iUtWkN71gEDnac6jNCZCVCRoa3BSB_WZhAjT1NGxfHgDnHG194znX4TTxc4MTCvD42fVbbemJgMcW6G8iCx78h7SOvbOktJyDb9OvwYno12k32OU0jiC23vff1NvFQG8uFGebuwcN4xxjxYRWbc-8MESRdrf1vj6zcrjJmG4Gy9wsONsqWX_hVoTRdMqrqPb23NZtWA_wIpZzlkIkKdbVYgpsTMty1I31nY.NjLQrdsbX7vR3EViv5lKzmhQYB3KoQLsDXFLGjjM9fQ&dib_tag=se&keywords=%E7%AD%86%E7%AE%B1+%E9%9F%93%E5%9B%BD&qid=1750633014&sr=8-37,7,4.5,30,N/A,https://m.media-amazon.com/images/I/61r+uIw4YTL._AC_UL320_.jpg,
22,B0CQZXGM4J,IRRVIN 筆箱 ペンケース おしゃれ 大容量 筆箱 シンプル 人気 少女 かわいい ペンポーチ 筆入れ 収縮でき 無地 多機能 ツールペンケース 中小学生 高校生 大学生 男の子 女の子 子供 大人用 帆布 ペンケース (ブラック 犬),https://www.amazon.co.jp/IRRVIN-%E3%83%9A%E3%83%B3%E3%82%B1%E3%83%BC%E3%82%B9-%E3%81%8A%E3%81%97%E3%82%83%E3%82%8C-%E3%83%9A%E3%83%B3%E3%83%9D%E3%83%BC%E3%83%81-%E3%83%84%E3%83%BC%E3%83%AB%E3%83%9A%E3%83%B3%E3%82%B1%E3%83%BC%E3%82%B9/dp/B0CQZXGM4J/ref=sr_1_38?dib=eyJ2IjoiMSJ9.725T-ceHs4aoUQOwfOmTUWlSyFCs-FXuKfVOcKjZd9hHUGSUlzHn3Zqab-N27teRMeJJqBm1iUtWkN71gEDnac6jNCZCVCRoa3BSB_WZhAjT1NGxfHgDnHG194znX4TTxc4MTCvD42fVbbemJgMcW6G8iCx78h7SOvbOktJyDb9OvwYno12k32OU0jiC23vff1NvFQG8uFGebuwcN4xxjxYRWbc-8MESRdrf1vj6zcrjJmG4Gy9wsONsqWX_hVoTRdMqrqPb23NZtWA_wIpZzlkIkKdbVYgpsTMty1I31nY.NjLQrdsbX7vR3EViv5lKzmhQYB3KoQLsDXFLGjjM9fQ&dib_tag=se&keywords=%E7%AD%86%E7%AE%B1+%E9%9F%93%E5%9B%BD&qid=1750633014&sr=8-38,25,3.9,45,N/A,https://m.media-amazon.com/images/I/61EO0PZPHYL._AC_UL320_.jpg,
23,B0DFTM25D7,aamono ぬいぐるみペンケース ペンポーチ ポーチ 筆箱 韓国 文房具 動物 高校生 女子 おしゃれ 中学生 [並行輸入品],https://www.amazon.co.jp/aamono-%E3%81%AC%E3%81%84%E3%81%90%E3%82%8B%E3%81%BF%E3%83%9A%E3%83%B3%E3%82%B1%E3%83%BC%E3%82%B9-%E3%83%9A%E3%83%B3%E3%83%9D%E3%83%BC%E3%83%81-%E3%81%8A%E3%81%97%E3%82%83%E3%82%8C-%E4%B8%A6%E8%A1%8C%E8%BC%B8%E5%85%A5%E5%93%81/dp/B0DFTM25D7/ref=sr_1_39?dib=eyJ2IjoiMSJ9.725T-ceHs4aoUQOwfOmTUWlSyFCs-FXuKfVOcKjZd9hHUGSUlzHn3Zqab-N27teRMeJJqBm1iUtWkN71gEDnac6jNCZCVCRoa3BSB_WZhAjT1NGxfHgDnHG194znX4TTxc4MTCvD42fVbbemJgMcW6G8iCx78h7SOvbOktJyDb9OvwYno12k32OU0jiC23vff1NvFQG8uFGebuwcN4xxjxYRWbc-8MESRdrf1vj6zcrjJmG4Gy9wsONsqWX_hVoTRdMqrqPb23NZtWA_wIpZzlkIkKdbVYgpsTMty1I31nY.NjLQrdsbX7vR3EViv5lKzmhQYB3KoQLsDXFLGjjM9fQ&dib_tag=se&keywords=%E7%AD%86%E7%AE%B1+%E9%9F%93%E5%9B%BD&qid=1750633014&sr=8-39,31,4.5,N/A,N/A,https://m.media-amazon.com/images/I/710Ggh-VYaL._AC_UL320_.jpg,
24,B0C27BX2K6,LIKENNY ペンケース 大容量 シンプル おしゃれ 便利 筆箱 韓国 ペン入れ 小物入れ かわいい 文房具 小さい 軽い 中学生 高校生 大学生 男の子 女の子 ホワイト,https://www.amazon.co.jp/LIKENNY-%E3%83%9A%E3%83%B3%E3%82%B1%E3%83%BC%E3%82%B9-%E3%82%B7%E3%83%B3%E3%83%97%E3%83%AB-%E3%81%8A%E3%81%97%E3%82%83%E3%82%8C-%E3%83%9A%E3%83%B3%E5%85%A5%E3%82%8C/dp/B0C27BX2K6/ref=sr_1_40?dib=eyJ2IjoiMSJ9.725T-ceHs4aoUQOwfOmTUWlSyFCs-FXuKfVOcKjZd9hHUGSUlzHn3Zqab-N27teRMeJJqBm1iUtWkN71gEDnac6jNCZCVCRoa3BSB_WZhAjT1NGxfHgDnHG194znX4TTxc4MTCvD42fVbbemJgMcW6G8iCx78h7SOvbOktJyDb9OvwYno12k32OU0jiC23vff1NvFQG8uFGebuwcN4xxjxYRWbc-8MESRdrf1vj6zcrjJmG4Gy9wsONsqWX_hVoTRdMqrqPb23NZtWA_wIpZzlkIkKdbVYgpsTMty1I31nY.NjLQrdsbX7vR3EViv5lKzmhQYB3KoQLsDXFLGjjM9fQ&dib_tag=se&keywords=%E7%AD%86%E7%AE%B1+%E9%9F%93%E5%9B%BD&qid=1750633014&sr=8-40,23,3.9,40,N/A,https://m.media-amazon.com/images/I/61IyjjpfrdL._AC_UL320_.jpg,
25,B0DZPTLV73,JP-SAKURA ペンケース 韓国 おしゃれ かわいい 可愛い 筆箱 シンプル ふでばこ 大人女子 (ピンク),https://www.amazon.co.jp/JP-SAKURA-%E3%83%9A%E3%83%B3%E3%82%B1%E3%83%BC%E3%82%B9-%E3%81%8A%E3%81%97%E3%82%83%E3%82%8C-%E3%81%8B%E3%82%8F%E3%81%84%E3%81%84-%E3%82%B7%E3%83%B3%E3%83%97%E3%83%AB/dp/B0DZPTLV73/ref=sr_1_41?dib=eyJ2IjoiMSJ9.725T-ceHs4aoUQOwfOmTUWlSyFCs-FXuKfVOcKjZd9hHUGSUlzHn3Zqab-N27teRMeJJqBm1iUtWkN71gEDnac6jNCZCVCRoa3BSB_WZhAjT1NGxfHgDnHG194znX4TTxc4MTCvD42fVbbemJgMcW6G8iCx78h7SOvbOktJyDb9OvwYno12k32OU0jiC23vff1NvFQG8uFGebuwcN4xxjxYRWbc-8MESRdrf1vj6zcrjJmG4Gy9wsONsqWX_hVoTRdMqrqPb23NZtWA_wIpZzlkIkKdbVYgpsTMty1I31nY.NjLQrdsbX7vR3EViv5lKzmhQYB3KoQLsDXFLGjjM9fQ&dib_tag=se&keywords=%E7%AD%86%E7%AE%B1+%E9%9F%93%E5%9B%BD&qid=1750633014&sr=8-41,N/A,N/A,27,N/A,https://m.media-amazon.com/images/I/71PAJwm38ZL._AC_UL320_.jpg,
26,B0F4KJG14K,YUHENGCT ペンケース 大容量 多機能 筆箱 文具ポーチ おしゃれ ペン入れ 小物収納 持ち運び便利 小学生 中学生 高校生 大学生 社会人用（ベージュ）,https://www.amazon.co.jp/YUHENGCT-%E3%83%9A%E3%83%B3%E3%82%B1%E3%83%BC%E3%82%B9-%E6%96%87%E5%85%B7%E3%83%9D%E3%83%BC%E3%83%81-%E6%8C%81%E3%81%A1%E9%81%8B%E3%81%B3%E4%BE%BF%E5%88%A9-%E7%A4%BE%E4%BC%9A%E4%BA%BA%E7%94%A8%EF%BC%88%E3%83%99%E3%83%BC%E3%82%B8%E3%83%A5%EF%BC%89/dp/B0F4KJG14K/ref=sr_1_42?dib=eyJ2IjoiMSJ9.725T-ceHs4aoUQOwfOmTUWlSyFCs-FXuKfVOcKjZd9hHUGSUlzHn3Zqab-N27teRMeJJqBm1iUtWkN71gEDnac6jNCZCVCRoa3BSB_WZhAjT1NGxfHgDnHG194znX4TTxc4MTCvD42fVbbemJgMcW6G8iCx78h7SOvbOktJyDb9OvwYno12k32OU0jiC23vff1NvFQG8uFGebuwcN4xxjxYRWbc-8MESRdrf1vj6zcrjJmG4Gy9wsONsqWX_hVoTRdMqrqPb23NZtWA_wIpZzlkIkKdbVYgpsTMty1I31nY.NjLQrdsbX7vR3EViv5lKzmhQYB3KoQLsDXFLGjjM9fQ&dib_tag=se&keywords=%E7%AD%86%E7%AE%B1+%E9%9F%93%E5%9B%BD&qid=1750633014&sr=8-42,2,2.0,10,N/A,https://m.media-amazon.com/images/I/41JUSFDeiBL._AC_UL320_.jpg,
27,B0CL99RHM4,Nannlia ペンケース 韓国 おしゃれ 筆箱 大容量 シンプル 人気 かわいい ペンポーチ 筆入れ 無地 多機能 中小学生 高校生 大学生 男の子 女の子 子供用 (グリーン),https://www.amazon.co.jp/Nannlia-%E3%83%9A%E3%83%B3%E3%82%B1%E3%83%BC%E3%82%B9-%E3%81%8A%E3%81%97%E3%82%83%E3%82%8C-%E3%82%B7%E3%83%B3%E3%83%97%E3%83%AB-%E3%83%9A%E3%83%B3%E3%83%9D%E3%83%BC%E3%83%81/dp/B0CL99RHM4/ref=sr_1_43?dib=eyJ2IjoiMSJ9.725T-ceHs4aoUQOwfOmTUWlSyFCs-FXuKfVOcKjZd9hHUGSUlzHn3Zqab-N27teRMeJJqBm1iUtWkN71gEDnac6jNCZCVCRoa3BSB_WZhAjT1NGxfHgDnHG194znX4TTxc4MTCvD42fVbbemJgMcW6G8iCx78h7SOvbOktJyDb9OvwYno12k32OU0jiC23vff1NvFQG8uFGebuwcN4xxjxYRWbc-8MESRdrf1vj6zcrjJmG4Gy9wsONsqWX_hVoTRdMqrqPb23NZtWA_wIpZzlkIkKdbVYgpsTMty1I31nY.NjLQrdsbX7vR3EViv5lKzmhQYB3KoQLsDXFLGjjM9fQ&dib_tag=se&keywords=%E7%AD%86%E7%AE%B1+%E9%9F%93%E5%9B%BD&qid=1750633014&sr=8-43,40,4.0,100,N/A,https://m.media-amazon.com/images/I/51TRTl7fTYL._AC_UL320_.jpg,
28,B0CL97LHNG,Nannlia ペンケース 韓国 筆箱 ペンポーチ おしゃれ 大容量 シンプル 収納袋 軽量 筆入れ 大容量 高校生 中学生 女の子 (ホワイト),https://www.amazon.co.jp/Nannlia-%E3%83%9A%E3%83%B3%E3%82%B1%E3%83%BC%E3%82%B9-%E3%83%9A%E3%83%B3%E3%83%9D%E3%83%BC%E3%83%81-%E3%81%8A%E3%81%97%E3%82%83%E3%82%8C-%E3%82%B7%E3%83%B3%E3%83%97%E3%83%AB/dp/B0CL97LHNG/ref=sr_1_44?dib=eyJ2IjoiMSJ9.725T-ceHs4aoUQOwfOmTUWlSyFCs-FXuKfVOcKjZd9hHUGSUlzHn3Zqab-N27teRMeJJqBm1iUtWkN71gEDnac6jNCZCVCRoa3BSB_WZhAjT1NGxfHgDnHG194znX4TTxc4MTCvD42fVbbemJgMcW6G8iCx78h7SOvbOktJyDb9OvwYno12k32OU0jiC23vff1NvFQG8uFGebuwcN4xxjxYRWbc-8MESRdrf1vj6zcrjJmG4Gy9wsONsqWX_hVoTRdMqrqPb23NZtWA_wIpZzlkIkKdbVYgpsTMty1I31nY.NjLQrdsbX7vR3EViv5lKzmhQYB3KoQLsDXFLGjjM9fQ&dib_tag=se&keywords=%E7%AD%86%E7%AE%B1+%E9%9F%93%E5%9B%BD&qid=1750633014&sr=8-44,31,4.1,142,N/A,https://m.media-amazon.com/images/I/71ccRf7wo1L._AC_UL320_.jpg,
29,B0DMS19J64,Rippem8 ペンケース もこもこ モコモコ 筆箱 ぬいぐるみ リボン柄 ふわふわ 大容量 小物入れ ポーチ 【右側ファスナー】,https://www.amazon.co.jp/Rippem8-%E3%83%9A%E3%83%B3%E3%82%B1%E3%83%BC%E3%82%B9-%E3%82%82%E3%81%93%E3%82%82%E3%81%93-%E3%81%AC%E3%81%84%E3%81%90%E3%82%8B%E3%81%BF-%E3%80%90%E5%8F%B3%E5%81%B4%E3%83%95%E3%82%A1%E3%82%B9%E3%83%8A%E3%83%BC%E3%80%91/dp/B0DMS19J64/ref=sr_1_45?dib=eyJ2IjoiMSJ9.725T-ceHs4aoUQOwfOmTUWlSyFCs-FXuKfVOcKjZd9hHUGSUlzHn3Zqab-N27teRMeJJqBm1iUtWkN71gEDnac6jNCZCVCRoa3BSB_WZhAjT1NGxfHgDnHG194znX4TTxc4MTCvD42fVbbemJgMcW6G8iCx78h7SOvbOktJyDb9OvwYno12k32OU0jiC23vff1NvFQG8uFGebuwcN4xxjxYRWbc-8MESRdrf1vj6zcrjJmG4Gy9wsONsqWX_hVoTRdMqrqPb23NZtWA_wIpZzlkIkKdbVYgpsTMty1I31nY.NjLQrdsbX7vR3EViv5lKzmhQYB3KoQLsDXFLGjjM9fQ&dib_tag=se&keywords=%E7%AD%86%E7%AE%B1+%E9%9F%93%E5%9B%BD&qid=1750633014&sr=8-45,12,4.7,42,N/A,https://m.media-amazon.com/images/I/71B1+nlWZ+L._AC_UL320_.jpg,
30,B0CTGCLS61,MINBOOT 筆箱 ペンケース 韓国 可愛い ペンポーチ シンプル スリム ぬいぐるみ ニキ 大容量 多機能 面白い シンプル おしゃれ ふでばこ 文房具 小学生 中学生 高校生 大人 女の子 男の子 (白い笑顔),https://www.amazon.co.jp/MINBOOT-%E3%83%9A%E3%83%B3%E3%82%B1%E3%83%BC%E3%82%B9-%E3%83%9A%E3%83%B3%E3%83%9D%E3%83%BC%E3%83%81-%E3%82%B7%E3%83%B3%E3%83%97%E3%83%AB-%E3%81%AC%E3%81%84%E3%81%90%E3%82%8B%E3%81%BF/dp/B0CTGCLS61/ref=sr_1_46?dib=eyJ2IjoiMSJ9.725T-ceHs4aoUQOwfOmTUWlSyFCs-FXuKfVOcKjZd9hHUGSUlzHn3Zqab-N27teRMeJJqBm1iUtWkN71gEDnac6jNCZCVCRoa3BSB_WZhAjT1NGxfHgDnHG194znX4TTxc4MTCvD42fVbbemJgMcW6G8iCx78h7SOvbOktJyDb9OvwYno12k32OU0jiC23vff1NvFQG8uFGebuwcN4xxjxYRWbc-8MESRdrf1vj6zcrjJmG4Gy9wsONsqWX_hVoTRdMqrqPb23NZtWA_wIpZzlkIkKdbVYgpsTMty1I31nY.NjLQrdsbX7vR3EViv5lKzmhQYB3KoQLsDXFLGjjM9fQ&dib_tag=se&keywords=%E7%AD%86%E7%AE%B1+%E9%9F%93%E5%9B%BD&qid=1750633014&sr=8-46,5,4.4,33,N/A,https://m.media-amazon.com/images/I/41Ti6yoNbXL._AC_UL320_.jpg,
31,B09WTKHZF2,Checke ペンケース 筆箱(BLACK CHECKERBOARD),https://www.amazon.co.jp/Table-Checkerboard-%E3%83%9A%E3%83%B3%E3%82%B1%E3%83%BC%E3%82%B9-BLACK-CHECKERBOARD/dp/B09WTKHZF2/ref=sr_1_47?dib=eyJ2IjoiMSJ9.725T-ceHs4aoUQOwfOmTUWlSyFCs-FXuKfVOcKjZd9hHUGSUlzHn3Zqab-N27teRMeJJqBm1iUtWkN71gEDnac6jNCZCVCRoa3BSB_WZhAjT1NGxfHgDnHG194znX4TTxc4MTCvD42fVbbemJgMcW6G8iCx78h7SOvbOktJyDb9OvwYno12k32OU0jiC23vff1NvFQG8uFGebuwcN4xxjxYRWbc-8MESRdrf1vj6zcrjJmG4Gy9wsONsqWX_hVoTRdMqrqPb23NZtWA_wIpZzlkIkKdbVYgpsTMty1I31nY.NjLQrdsbX7vR3EViv5lKzmhQYB3KoQLsDXFLGjjM9fQ&dib_tag=se&keywords=%E7%AD%86%E7%AE%B1+%E9%9F%93%E5%9B%BD&qid=1750633014&sr=8-47,27,3.9,5,N/A,https://m.media-amazon.com/images/I/61i-xS1fDHL._AC_UL320_.jpg,
32,B092SH6VWR,SAKUSHOぬいぐるみペンケース ツールペンケース ジップーペンケース ふわふわ 多機能 大容量 筆箱 おしゃれ シンプル 可愛い 韓国 ペンポーチ 塩の女の子 人気 ins映え 中小学生 高校生 大学生 子供 自立 スリム 多図案 (白),https://www.amazon.co.jp/SAKUSHO%E3%81%AC%E3%81%84%E3%81%90%E3%82%8B%E3%81%BF%E3%83%9A%E3%83%B3%E3%82%B1%E3%83%BC%E3%82%B9-%E3%83%84%E3%83%BC%E3%83%AB%E3%83%9A%E3%83%B3%E3%82%B1%E3%83%BC%E3%82%B9-%E3%82%B8%E3%83%83%E3%83%97%E3%83%BC%E3%83%9A%E3%83%B3%E3%82%B1%E3%83%BC%E3%82%B9-%E3%83%9A%E3%83%B3%E3%82%B1%E3%83%BC%E3%82%B9-%E3%83%9A%E3%83%B3%E3%83%9D%E3%83%BC%E3%83%81/dp/B092SH6VWR/ref=sr_1_48_mod_primary_new?dib=eyJ2IjoiMSJ9.725T-ceHs4aoUQOwfOmTUWlSyFCs-FXuKfVOcKjZd9hHUGSUlzHn3Zqab-N27teRMeJJqBm1iUtWkN71gEDnac6jNCZCVCRoa3BSB_WZhAjT1NGxfHgDnHG194znX4TTxc4MTCvD42fVbbemJgMcW6G8iCx78h7SOvbOktJyDb9OvwYno12k32OU0jiC23vff1NvFQG8uFGebuwcN4xxjxYRWbc-8MESRdrf1vj6zcrjJmG4Gy9wsONsqWX_hVoTRdMqrqPb23NZtWA_wIpZzlkIkKdbVYgpsTMty1I31nY.NjLQrdsbX7vR3EViv5lKzmhQYB3KoQLsDXFLGjjM9fQ&dib_tag=se&keywords=%E7%AD%86%E7%AE%B1+%E9%9F%93%E5%9B%BD&qid=1750633014&sbo=RZvfv%2F%2FHxDF%2BO5021pAnSA%3D%3D&sr=8-48,96,4.2,40,N/A,https://m.media-amazon.com/images/I/61bL0LTUQyS._AC_UL320_.jpg,
33,B0DRG5S1YS,CHENLONB 筆箱 ペンケース ジップーペンケース 大容量 可愛い おしゃれ シンプル 韓国人気 ふでばこ筆箱 中小学生 高校生 社会人用 化粧品入れ 文房具 収納袋,https://www.amazon.co.jp/CHENLONB-%E3%83%9A%E3%83%B3%E3%82%B1%E3%83%BC%E3%82%B9-%E3%82%B8%E3%83%83%E3%83%97%E3%83%BC%E3%83%9A%E3%83%B3%E3%82%B1%E3%83%BC%E3%82%B9-%E3%81%B5%E3%81%A7%E3%81%B0%E3%81%93%E7%AD%86%E7%AE%B1-%E5%8C%96%E7%B2%A7%E5%93%81%E5%85%A5%E3%82%8C/dp/B0DRG5S1YS/ref=sr_1_49?dib=eyJ2IjoiMSJ9.725T-ceHs4aoUQOwfOmTUWlSyFCs-FXuKfVOcKjZd9hHUGSUlzHn3Zqab-N27teRMeJJqBm1iUtWkN71gEDnac6jNCZCVCRoa3BSB_WZhAjT1NGxfHgDnHG194znX4TTxc4MTCvD42fVbbemJgMcW6G8iCx78h7SOvbOktJyDb9OvwYno12k32OU0jiC23vff1NvFQG8uFGebuwcN4xxjxYRWbc-8MESRdrf1vj6zcrjJmG4Gy9wsONsqWX_hVoTRdMqrqPb23NZtWA_wIpZzlkIkKdbVYgpsTMty1I31nY.NjLQrdsbX7vR3EViv5lKzmhQYB3KoQLsDXFLGjjM9fQ&dib_tag=se&keywords=%E7%AD%86%E7%AE%B1+%E9%9F%93%E5%9B%BD&qid=1750633014&sr=8-49,2,3.5,23,N/A,https://m.media-amazon.com/images/I/61IDdB1is4L._AC_UL320_.jpg,
34,B0BDYJSVFC,Nannlia 筆箱 韓国 シンプル ふでばこ ペンケース おしゃれ 可愛い 筆入れ 大容量 人気 小学生 中学生 高校生 女の子 男の子 (B),https://www.amazon.co.jp/Nannlia-%E3%82%B7%E3%83%B3%E3%83%97%E3%83%AB-%E3%81%B5%E3%81%A7%E3%81%B0%E3%81%93-%E3%83%9A%E3%83%B3%E3%82%B1%E3%83%BC%E3%82%B9-%E3%81%8A%E3%81%97%E3%82%83%E3%82%8C/dp/B0BDYJSVFC/ref=sr_1_50?dib=eyJ2IjoiMSJ9.725T-ceHs4aoUQOwfOmTUWlSyFCs-FXuKfVOcKjZd9hHUGSUlzHn3Zqab-N27teRMeJJqBm1iUtWkN71gEDnac6jNCZCVCRoa3BSB_WZhAjT1NGxfHgDnHG194znX4TTxc4MTCvD42fVbbemJgMcW6G8iCx78h7SOvbOktJyDb9OvwYno12k32OU0jiC23vff1NvFQG8uFGebuwcN4xxjxYRWbc-8MESRdrf1vj6zcrjJmG4Gy9wsONsqWX_hVoTRdMqrqPb23NZtWA_wIpZzlkIkKdbVYgpsTMty1I31nY.NjLQrdsbX7vR3EViv5lKzmhQYB3KoQLsDXFLGjjM9fQ&dib_tag=se&keywords=%E7%AD%86%E7%AE%B1+%E9%9F%93%E5%9B%BD&qid=1750633014&sr=8-50,56,4.0,74,N/A,https://m.media-amazon.com/images/I/61mNIUFND9L._AC_UL320_.jpg,
35,B0F6HN2RLZ,【収納力No.1】大容量 ペンケース 透明 メッシュ ホワイト オフホワイト アイボリー 白色 韓国風 おしゃれ シンプル 筆箱 小学生 中学生 高校生 大学生 女子 男子 かわいい スリムポーチ 文具収納 中身が見える 6層仕切り 筆箱（白） [並行輸入品],https://www.amazon.co.jp/%E3%80%90%E5%8F%8E%E7%B4%8D%E5%8A%9BNo-1%E3%80%91%E5%A4%A7%E5%AE%B9%E9%87%8F-%E3%83%9A%E3%83%B3%E3%82%B1%E3%83%BC%E3%82%B9-%E3%82%AA%E3%83%95%E3%83%9B%E3%83%AF%E3%82%A4%E3%83%88-%E3%82%B9%E3%83%AA%E3%83%A0%E3%83%9D%E3%83%BC%E3%83%81-%E4%B8%AD%E8%BA%AB%E3%81%8C%E8%A6%8B%E3%81%88%E3%82%8B/dp/B0F6HN2RLZ/ref=sr_1_51?dib=eyJ2IjoiMSJ9.725T-ceHs4aoUQOwfOmTUWlSyFCs-FXuKfVOcKjZd9hHUGSUlzHn3Zqab-N27teRMeJJqBm1iUtWkN71gEDnac6jNCZCVCRoa3BSB_WZhAjT1NGxfHgDnHG194znX4TTxc4MTCvD42fVbbemJgMcW6G8iCx78h7SOvbOktJyDb9OvwYno12k32OU0jiC23vff1NvFQG8uFGebuwcN4xxjxYRWbc-8MESRdrf1vj6zcrjJmG4Gy9wsONsqWX_hVoTRdMqrqPb23NZtWA_wIpZzlkIkKdbVYgpsTMty1I31nY.NjLQrdsbX7vR3EViv5lKzmhQYB3KoQLsDXFLGjjM9fQ&dib_tag=se&keywords=%E7%AD%86%E7%AE%B1+%E9%9F%93%E5%9B%BD&qid=1750633014&sr=8-51,N/A,N/A,8,N/A,https://m.media-amazon.com/images/I/71RPBrHMtsL._AC_UL320_.jpg,
36,B09X4JSVMH,韓国の漫画の大きな目メッシュ ペンシルバッグ大容量学生 文房具 (Free) (草の緑),https://www.amazon.co.jp/%E9%9F%93%E5%9B%BD%E3%81%AE%E6%BC%AB%E7%94%BB%E3%81%AE%E5%A4%A7%E3%81%8D%E3%81%AA%E7%9B%AE%E3%83%A1%E3%83%83%E3%82%B7%E3%83%A5-%E3%83%9A%E3%83%B3%E3%82%B7%E3%83%AB%E3%83%90%E3%83%83%E3%82%B0%E5%A4%A7%E5%AE%B9%E9%87%8F%E5%AD%A6%E7%94%9F-%E6%96%87%E6%88%BF%E5%85%B7-Free-%E8%8D%89%E3%81%AE%E7%B7%91/dp/B09X4JSVMH/ref=sr_1_52?dib=eyJ2IjoiMSJ9.725T-ceHs4aoUQOwfOmTUWlSyFCs-FXuKfVOcKjZd9hHUGSUlzHn3Zqab-N27teRMeJJqBm1iUtWkN71gEDnac6jNCZCVCRoa3BSB_WZhAjT1NGxfHgDnHG194znX4TTxc4MTCvD42fVbbemJgMcW6G8iCx78h7SOvbOktJyDb9OvwYno12k32OU0jiC23vff1NvFQG8uFGebuwcN4xxjxYRWbc-8MESRdrf1vj6zcrjJmG4Gy9wsONsqWX_hVoTRdMqrqPb23NZtWA_wIpZzlkIkKdbVYgpsTMty1I31nY.NjLQrdsbX7vR3EViv5lKzmhQYB3KoQLsDXFLGjjM9fQ&dib_tag=se&keywords=%E7%AD%86%E7%AE%B1+%E9%9F%93%E5%9B%BD&qid=1750633014&sr=8-52,17,3.5,6,N/A,https://m.media-amazon.com/images/I/51ZTnxTswpL._AC_UL320_.jpg,
37,B0DVR89DNZ,[Q-LiA] ペンケース クーリア スクールBAG型ペンケース,https://www.amazon.co.jp/Q-LiA-%E3%83%9A%E3%83%B3%E3%82%B1%E3%83%BC%E3%82%B9-%E3%82%AF%E3%83%BC%E3%83%AA%E3%82%A2-%E3%82%B9%E3%82%AF%E3%83%BC%E3%83%ABBAG%E5%9E%8B%E3%83%9A%E3%83%B3%E3%82%B1%E3%83%BC%E3%82%B9-93286/dp/B0DVR89DNZ/ref=sr_1_53?dib=eyJ2IjoiMSJ9.725T-ceHs4aoUQOwfOmTUWlSyFCs-FXuKfVOcKjZd9hHUGSUlzHn3Zqab-N27teRMeJJqBm1iUtWkN71gEDnac6jNCZCVCRoa3BSB_WZhAjT1NGxfHgDnHG194znX4TTxc4MTCvD42fVbbemJgMcW6G8iCx78h7SOvbOktJyDb9OvwYno12k32OU0jiC23vff1NvFQG8uFGebuwcN4xxjxYRWbc-8MESRdrf1vj6zcrjJmG4Gy9wsONsqWX_hVoTRdMqrqPb23NZtWA_wIpZzlkIkKdbVYgpsTMty1I31nY.NjLQrdsbX7vR3EViv5lKzmhQYB3KoQLsDXFLGjjM9fQ&dib_tag=se&keywords=%E7%AD%86%E7%AE%B1+%E9%9F%93%E5%9B%BD&qid=1750633014&sr=8-53,4,3.0,101,N/A,https://m.media-amazon.com/images/I/71yIfO+GYwL._AC_UL320_.jpg,ライバル候補
38,B0F7XK69LC,ペンケース ペンポーチ 大容量 リボン かわいい おしゃれ 韓国風 鉛筆ケース メイクアップバッグ 文房具 子供用 大人用,https://www.amazon.co.jp/%E3%83%9A%E3%83%B3%E3%82%B1%E3%83%BC%E3%82%B9-%E3%83%9A%E3%83%B3%E3%83%9D%E3%83%BC%E3%83%81-%E3%81%8B%E3%82%8F%E3%81%84%E3%81%84-%E9%89%9B%E7%AD%86%E3%82%B1%E3%83%BC%E3%82%B9-%E3%83%A1%E3%82%A4%E3%82%AF%E3%82%A2%E3%83%83%E3%83%97%E3%83%90%E3%83%83%E3%82%B0/dp/B0F7XK69LC/ref=sr_1_54?dib=eyJ2IjoiMSJ9.725T-ceHs4aoUQOwfOmTUWlSyFCs-FXuKfVOcKjZd9hHUGSUlzHn3Zqab-N27teRMeJJqBm1iUtWkN71gEDnac6jNCZCVCRoa3BSB_WZhAjT1NGxfHgDnHG194znX4TTxc4MTCvD42fVbbemJgMcW6G8iCx78h7SOvbOktJyDb9OvwYno12k32OU0jiC23vff1NvFQG8uFGebuwcN4xxjxYRWbc-8MESRdrf1vj6zcrjJmG4Gy9wsONsqWX_hVoTRdMqrqPb23NZtWA_wIpZzlkIkKdbVYgpsTMty1I31nY.NjLQrdsbX7vR3EViv5lKzmhQYB3KoQLsDXFLGjjM9fQ&dib_tag=se&keywords=%E7%AD%86%E7%AE%B1+%E9%9F%93%E5%9B%BD&qid=1750633014&sr=8-54,N/A,N/A,< 5,N/A,https://m.media-amazon.com/images/I/41tAReSR4UL._AC_UL320_.jpg,
39,B0D597TS56,merrytime ボア ワッフル モフモフ 筆箱 フデバコ 韓国 ペンケース コスメポーチ 化粧 ポーチ オシャレ カワイイ 女子 高校生 中学生 グリーン,https://www.amazon.co.jp/merrytime-%E3%83%AF%E3%83%83%E3%83%95%E3%83%AB-%E3%83%A2%E3%83%95%E3%83%A2%E3%83%95-%E3%83%9A%E3%83%B3%E3%82%B1%E3%83%BC%E3%82%B9-%E3%82%B3%E3%82%B9%E3%83%A1%E3%83%9D%E3%83%BC%E3%83%81/dp/B0D597TS56/ref=sr_1_55?dib=eyJ2IjoiMSJ9.725T-ceHs4aoUQOwfOmTUWlSyFCs-FXuKfVOcKjZd9hHUGSUlzHn3Zqab-N27teRMeJJqBm1iUtWkN71gEDnac6jNCZCVCRoa3BSB_WZhAjT1NGxfHgDnHG194znX4TTxc4MTCvD42fVbbemJgMcW6G8iCx78h7SOvbOktJyDb9OvwYno12k32OU0jiC23vff1NvFQG8uFGebuwcN4xxjxYRWbc-8MESRdrf1vj6zcrjJmG4Gy9wsONsqWX_hVoTRdMqrqPb23NZtWA_wIpZzlkIkKdbVYgpsTMty1I31nY.NjLQrdsbX7vR3EViv5lKzmhQYB3KoQLsDXFLGjjM9fQ&dib_tag=se&keywords=%E7%AD%86%E7%AE%B1+%E9%9F%93%E5%9B%BD&qid=1750633014&sr=8-55,8,4.6,25,N/A,https://m.media-amazon.com/images/I/71AQLTib3eL._AC_UL320_.jpg,
40,B0D3DLKSQM,Phyxiul ペンケース 大容量 シンプル おしゃれ 韓国 化粧ポーチ 筆箱 小物入れ 中学生 高校生 大学生 男の子 女の子 文房具 (ベージュ),https://www.amazon.co.jp/Phyxiul-%E3%83%9A%E3%83%B3%E3%82%B1%E3%83%BC%E3%82%B9-%E3%82%B7%E3%83%B3%E3%83%97%E3%83%AB-%E3%81%8A%E3%81%97%E3%82%83%E3%82%8C-%E5%8C%96%E7%B2%A7%E3%83%9D%E3%83%BC%E3%83%81/dp/B0D3DLKSQM/ref=sr_1_56?dib=eyJ2IjoiMSJ9.725T-ceHs4aoUQOwfOmTUWlSyFCs-FXuKfVOcKjZd9hHUGSUlzHn3Zqab-N27teRMeJJqBm1iUtWkN71gEDnac6jNCZCVCRoa3BSB_WZhAjT1NGxfHgDnHG194znX4TTxc4MTCvD42fVbbemJgMcW6G8iCx78h7SOvbOktJyDb9OvwYno12k32OU0jiC23vff1NvFQG8uFGebuwcN4xxjxYRWbc-8MESRdrf1vj6zcrjJmG4Gy9wsONsqWX_hVoTRdMqrqPb23NZtWA_wIpZzlkIkKdbVYgpsTMty1I31nY.NjLQrdsbX7vR3EViv5lKzmhQYB3KoQLsDXFLGjjM9fQ&dib_tag=se&keywords=%E7%AD%86%E7%AE%B1+%E9%9F%93%E5%9B%BD&qid=1750633014&sr=8-56,11,4.3,40,N/A,https://m.media-amazon.com/images/I/615UB7Hb+nL._AC_UL320_.jpg,
41,B0BKP9S5TH,SHENGMEI 筆箱 韓国 猫ちゃん かわいい犬 シンプル ふでばこ ペンケース おしゃれ 可愛い 筆入れ 大容量 人気 小学生 中学生 高校生 女の子 男の子 (ベージュキャットスペシャル),https://www.amazon.co.jp/%E7%8C%AB%E3%81%A1%E3%82%83%E3%82%93-%E3%81%8B%E3%82%8F%E3%81%84%E3%81%84%E7%8A%AC-%E3%82%B7%E3%83%B3%E3%83%97%E3%83%AB-%E3%83%9A%E3%83%B3%E3%82%B1%E3%83%BC%E3%82%B9-%E3%83%99%E3%83%BC%E3%82%B8%E3%83%A5%E3%82%AD%E3%83%A3%E3%83%83%E3%83%88%E3%82%B9%E3%83%9A%E3%82%B7%E3%83%A3%E3%83%AB/dp/B0BKP9S5TH/ref=sr_1_57?dib=eyJ2IjoiMSJ9.725T-ceHs4aoUQOwfOmTUWlSyFCs-FXuKfVOcKjZd9hHUGSUlzHn3Zqab-N27teRMeJJqBm1iUtWkN71gEDnac6jNCZCVCRoa3BSB_WZhAjT1NGxfHgDnHG194znX4TTxc4MTCvD42fVbbemJgMcW6G8iCx78h7SOvbOktJyDb9OvwYno12k32OU0jiC23vff1NvFQG8uFGebuwcN4xxjxYRWbc-8MESRdrf1vj6zcrjJmG4Gy9wsONsqWX_hVoTRdMqrqPb23NZtWA_wIpZzlkIkKdbVYgpsTMty1I31nY.NjLQrdsbX7vR3EViv5lKzmhQYB3KoQLsDXFLGjjM9fQ&dib_tag=se&keywords=%E7%AD%86%E7%AE%B1+%E9%9F%93%E5%9B%BD&qid=1750633014&sr=8-57,7,4.3,< 5,N/A,https://m.media-amazon.com/images/I/51BJIy5V7mL._AC_UL320_.jpg,
42,B0CQHKPQGY,(APOSITV)ファー ペンケース シンプルカラー ふわふわ モコモコ 柔らか 筆箱 小物入れ コスメポーチ (グレー),https://www.amazon.co.jp/APOSITV-%E3%83%9A%E3%83%B3%E3%82%B1%E3%83%BC%E3%82%B9-%E3%82%B7%E3%83%B3%E3%83%97%E3%83%AB%E3%82%AB%E3%83%A9%E3%83%BC-%E3%81%B5%E3%82%8F%E3%81%B5%E3%82%8F-%E3%82%B3%E3%82%B9%E3%83%A1%E3%83%9D%E3%83%BC%E3%83%81/dp/B0CQHKPQGY/ref=sr_1_58?dib=eyJ2IjoiMSJ9.725T-ceHs4aoUQOwfOmTUWlSyFCs-FXuKfVOcKjZd9hHUGSUlzHn3Zqab-N27teRMeJJqBm1iUtWkN71gEDnac6jNCZCVCRoa3BSB_WZhAjT1NGxfHgDnHG194znX4TTxc4MTCvD42fVbbemJgMcW6G8iCx78h7SOvbOktJyDb9OvwYno12k32OU0jiC23vff1NvFQG8uFGebuwcN4xxjxYRWbc-8MESRdrf1vj6zcrjJmG4Gy9wsONsqWX_hVoTRdMqrqPb23NZtWA_wIpZzlkIkKdbVYgpsTMty1I31nY.NjLQrdsbX7vR3EViv5lKzmhQYB3KoQLsDXFLGjjM9fQ&dib_tag=se&keywords=%E7%AD%86%E7%AE%B1+%E9%9F%93%E5%9B%BD&qid=1750633014&sr=8-58,1,4.0,12,N/A,https://m.media-amazon.com/images/I/71BpJotjWbL._AC_UL320_.jpg,
43,B0F4449W9T,ペンケース 筆箱 ペン入れ 大容量 ペンポーチ 可愛いリボン刺繍 学生 大人 オシャレなペンケース 韓国風 文具屋 学校 化粧ポーチや収納袋としても使用可能 [並行輸入品],https://www.amazon.co.jp/%E3%83%9A%E3%83%B3%E3%82%B1%E3%83%BC%E3%82%B9-%E3%83%9A%E3%83%B3%E3%83%9D%E3%83%BC%E3%83%81-%E5%8F%AF%E6%84%9B%E3%81%84%E3%83%AA%E3%83%9C%E3%83%B3%E5%88%BA%E7%B9%8D-%E3%82%AA%E3%82%B7%E3%83%A3%E3%83%AC%E3%81%AA%E3%83%9A%E3%83%B3%E3%82%B1%E3%83%BC%E3%82%B9-%E5%8C%96%E7%B2%A7%E3%83%9D%E3%83%BC%E3%83%81%E3%82%84%E5%8F%8E%E7%B4%8D%E8%A2%8B%E3%81%A8%E3%81%97%E3%81%A6%E3%82%82%E4%BD%BF%E7%94%A8%E5%8F%AF%E8%83%BD/dp/B0F4449W9T/ref=sr_1_59?dib=eyJ2IjoiMSJ9.725T-ceHs4aoUQOwfOmTUWlSyFCs-FXuKfVOcKjZd9hHUGSUlzHn3Zqab-N27teRMeJJqBm1iUtWkN71gEDnac6jNCZCVCRoa3BSB_WZhAjT1NGxfHgDnHG194znX4TTxc4MTCvD42fVbbemJgMcW6G8iCx78h7SOvbOktJyDb9OvwYno12k32OU0jiC23vff1NvFQG8uFGebuwcN4xxjxYRWbc-8MESRdrf1vj6zcrjJmG4Gy9wsONsqWX_hVoTRdMqrqPb23NZtWA_wIpZzlkIkKdbVYgpsTMty1I31nY.NjLQrdsbX7vR3EViv5lKzmhQYB3KoQLsDXFLGjjM9fQ&dib_tag=se&keywords=%E7%AD%86%E7%AE%B1+%E9%9F%93%E5%9B%BD&qid=1750633014&sr=8-59,N/A,N/A,N/A,N/A,https://m.media-amazon.com/images/I/41iD6FrGBSL._AC_UL320_.jpg,
44,B0DSFLN3QY,ペンケース 韓国 筆箱 韓国 かわいい おしゃれ 大容量 高校生 女子 中学生 ボアワッフルペンケース（ピンク）,https://www.amazon.co.jp/%E3%83%9A%E3%83%B3%E3%82%B1%E3%83%BC%E3%82%B9-%E3%81%8B%E3%82%8F%E3%81%84%E3%81%84-%E3%81%8A%E3%81%97%E3%82%83%E3%82%8C-%E5%A4%A7%E5%AE%B9%E9%87%8F-%E3%83%9C%E3%82%A2%E3%83%AF%E3%83%83%E3%83%95%E3%83%AB%E3%83%9A%E3%83%B3%E3%82%B1%E3%83%BC%E3%82%B9%EF%BC%88%E3%83%94%E3%83%B3%E3%82%AF%EF%BC%89/dp/B0DSFLN3QY/ref=sr_1_60?dib=eyJ2IjoiMSJ9.725T-ceHs4aoUQOwfOmTUWlSyFCs-FXuKfVOcKjZd9hHUGSUlzHn3Zqab-N27teRMeJJqBm1iUtWkN71gEDnac6jNCZCVCRoa3BSB_WZhAjT1NGxfHgDnHG194znX4TTxc4MTCvD42fVbbemJgMcW6G8iCx78h7SOvbOktJyDb9OvwYno12k32OU0jiC23vff1NvFQG8uFGebuwcN4xxjxYRWbc-8MESRdrf1vj6zcrjJmG4Gy9wsONsqWX_hVoTRdMqrqPb23NZtWA_wIpZzlkIkKdbVYgpsTMty1I31nY.NjLQrdsbX7vR3EViv5lKzmhQYB3KoQLsDXFLGjjM9fQ&dib_tag=se&keywords=%E7%AD%86%E7%AE%B1+%E9%9F%93%E5%9B%BD&qid=1750633014&sr=8-60,N/A,N/A,< 5,N/A,https://m.media-amazon.com/images/I/71SeKPnxXNL._AC_UL320_.jpg,
45,B0F2ZW9NFV,Ctkp ペンケース 韓国 筆箱 韓国 かわいい おしゃれ 大容量 高校生 女子 中学生 ボアワッフルペンケース (ピンク),https://www.amazon.co.jp/Ctkp-%E3%83%9A%E3%83%B3%E3%82%B1%E3%83%BC%E3%82%B9-%E3%81%8B%E3%82%8F%E3%81%84%E3%81%84-%E3%81%8A%E3%81%97%E3%82%83%E3%82%8C-%E3%83%9C%E3%82%A2%E3%83%AF%E3%83%83%E3%83%95%E3%83%AB%E3%83%9A%E3%83%B3%E3%82%B1%E3%83%BC%E3%82%B9/dp/B0F2ZW9NFV/ref=sr_1_61?dib=eyJ2IjoiMSJ9.725T-ceHs4aoUQOwfOmTUWlSyFCs-FXuKfVOcKjZd9hHUGSUlzHn3Zqab-N27teRMeJJqBm1iUtWkN71gEDnac6jNCZCVCRoa3BSB_WZhAjT1NGxfHgDnHG194znX4TTxc4MTCvD42fVbbemJgMcW6G8iCx78h7SOvbOktJyDb9OvwYno12k32OU0jiC23vff1NvFQG8uFGebuwcN4xxjxYRWbc-8MESRdrf1vj6zcrjJmG4Gy9wsONsqWX_hVoTRdMqrqPb23NZtWA_wIpZzlkIkKdbVYgpsTMty1I31nY.NjLQrdsbX7vR3EViv5lKzmhQYB3KoQLsDXFLGjjM9fQ&dib_tag=se&keywords=%E7%AD%86%E7%AE%B1+%E9%9F%93%E5%9B%BD&qid=1750633014&sr=8-61,N/A,N/A,N/A,N/A,https://m.media-amazon.com/images/I/31Pa9YxjRKL._AC_UL320_.jpg,
46,B0CQRZGXT9,TOMMYFIELD ペンケース 韓国 筆箱可愛い 女子 可愛い筆箱 かわいい シンプル おしゃれ (白),https://www.amazon.co.jp/TOMMYFIELD-%E3%83%9A%E3%83%B3%E3%82%B1%E3%83%BC%E3%82%B9-%E7%AD%86%E7%AE%B1%E5%8F%AF%E6%84%9B%E3%81%84-%E5%8F%AF%E6%84%9B%E3%81%84%E7%AD%86%E7%AE%B1-%E3%81%8B%E3%82%8F%E3%81%84%E3%81%84/dp/B0CQRZGXT9/ref=sr_1_62?dib=eyJ2IjoiMSJ9.725T-ceHs4aoUQOwfOmTUWlSyFCs-FXuKfVOcKjZd9hHUGSUlzHn3Zqab-N27teRMeJJqBm1iUtWkN71gEDnac6jNCZCVCRoa3BSB_WZhAjT1NGxfHgDnHG194znX4TTxc4MTCvD42fVbbemJgMcW6G8iCx78h7SOvbOktJyDb9OvwYno12k32OU0jiC23vff1NvFQG8uFGebuwcN4xxjxYRWbc-8MESRdrf1vj6zcrjJmG4Gy9wsONsqWX_hVoTRdMqrqPb23NZtWA_wIpZzlkIkKdbVYgpsTMty1I31nY.NjLQrdsbX7vR3EViv5lKzmhQYB3KoQLsDXFLGjjM9fQ&dib_tag=se&keywords=%E7%AD%86%E7%AE%B1+%E9%9F%93%E5%9B%BD&qid=1750633014&sr=8-62,6,2.8,14,N/A,https://m.media-amazon.com/images/I/51Q2GsKju2L._AC_UL320_.jpg,
47,B0F4XGQ9B1,ペンケース ペンポーチ おしゃれ 韓国 筆箱 大容量 シンプル 収納袋 筆入れ 子供 小学生 中学生 高校生 大学生 男の子 女の子 (ブラック),https://www.amazon.co.jp/%E3%83%9A%E3%83%B3%E3%82%B1%E3%83%BC%E3%82%B9-%E3%83%9A%E3%83%B3%E3%83%9D%E3%83%BC%E3%83%81-%E3%81%8A%E3%81%97%E3%82%83%E3%82%8C-%E3%82%B7%E3%83%B3%E3%83%97%E3%83%AB-%E3%83%96%E3%83%A9%E3%83%83%E3%82%AF/dp/B0F4XGQ9B1/ref=sr_1_63?dib=eyJ2IjoiMSJ9.725T-ceHs4aoUQOwfOmTUWlSyFCs-FXuKfVOcKjZd9hHUGSUlzHn3Zqab-N27teRMeJJqBm1iUtWkN71gEDnac6jNCZCVCRoa3BSB_WZhAjT1NGxfHgDnHG194znX4TTxc4MTCvD42fVbbemJgMcW6G8iCx78h7SOvbOktJyDb9OvwYno12k32OU0jiC23vff1NvFQG8uFGebuwcN4xxjxYRWbc-8MESRdrf1vj6zcrjJmG4Gy9wsONsqWX_hVoTRdMqrqPb23NZtWA_wIpZzlkIkKdbVYgpsTMty1I31nY.NjLQrdsbX7vR3EViv5lKzmhQYB3KoQLsDXFLGjjM9fQ&dib_tag=se&keywords=%E7%AD%86%E7%AE%B1+%E9%9F%93%E5%9B%BD&qid=1750633014&sr=8-63,2,4.5,15,N/A,https://m.media-amazon.com/images/I/71utnkBEGrL._AC_UL320_.jpg,
48,B0F93WT1T5,ペンケース 大容量 女子高生 筆箱 高校生 女子 透明 中学生 男子 学生 おしゃれ クリアポーチ かわいい 韓国 スタイル 透明筆箱 pencil case スマイル (ブラック),https://www.amazon.co.jp/%E3%83%9A%E3%83%B3%E3%82%B1%E3%83%BC%E3%82%B9-%E5%A5%B3%E5%AD%90%E9%AB%98%E7%94%9F-%E3%81%8A%E3%81%97%E3%82%83%E3%82%8C-%E3%82%AF%E3%83%AA%E3%82%A2%E3%83%9D%E3%83%BC%E3%83%81-pencil/dp/B0F93WT1T5/ref=sr_1_64?dib=eyJ2IjoiMSJ9.725T-ceHs4aoUQOwfOmTUWlSyFCs-FXuKfVOcKjZd9hHUGSUlzHn3Zqab-N27teRMeJJqBm1iUtWkN71gEDnac6jNCZCVCRoa3BSB_WZhAjT1NGxfHgDnHG194znX4TTxc4MTCvD42fVbbemJgMcW6G8iCx78h7SOvbOktJyDb9OvwYno12k32OU0jiC23vff1NvFQG8uFGebuwcN4xxjxYRWbc-8MESRdrf1vj6zcrjJmG4Gy9wsONsqWX_hVoTRdMqrqPb23NZtWA_wIpZzlkIkKdbVYgpsTMty1I31nY.NjLQrdsbX7vR3EViv5lKzmhQYB3KoQLsDXFLGjjM9fQ&dib_tag=se&keywords=%E7%AD%86%E7%AE%B1+%E9%9F%93%E5%9B%BD&qid=1750633014&sr=8-64,N/A,N/A,7,N/A,https://m.media-amazon.com/images/I/61wMjbXgncL._AC_UL320_.jpg,
